/*******************************************************************************
 * Size: 17 px
 * Bpp: 4
 * Generated rounded UI font resource.
 ******************************************************************************/

#ifdef LV_LVGL_H_INCLUDE_SIMPLE
#include "lvgl.h"
#else
#include "lvgl.h"
#endif

#ifndef UI_FONT_ROUND_COMPLETE18
#define UI_FONT_ROUND_COMPLETE18 1
#endif

#if UI_FONT_ROUND_COMPLETE18

/*-----------------
 *    BITMAPS
 *----------------*/

/*Store the image of the glyphs*/
static LV_ATTRIBUTE_LARGE_CONST const uint8_t glyph_bitmap[] = {
    /* U+0020 " " */

    /* U+0021 "!" */
    0x3f, 0x73, 0xf7, 0x2f, 0x62, 0xf6, 0x2f, 0x61,
    0xf6, 0x1f, 0x51, 0xf5, 0xf, 0x50, 0xc3, 0x0,
    0x0, 0x20, 0x4f, 0x93, 0xe7,

    /* U+0022 "\"" */
    0x3f, 0x5f, 0x92, 0xf4, 0xe8, 0x1f, 0x3d, 0x70,
    0xf2, 0xc6, 0x3, 0x2, 0x10,

    /* U+0023 "#" */
    0x0, 0x0, 0xd6, 0x6, 0xc0, 0x0, 0x0, 0xf,
    0x30, 0x99, 0x0, 0x0, 0x2, 0xf0, 0xc, 0x60,
    0x0, 0x0, 0x5d, 0x0, 0xf3, 0x0, 0xf, 0xff,
    0xff, 0xff, 0xff, 0x50, 0x11, 0xc8, 0x16, 0xe1,
    0x10, 0x0, 0xe, 0x40, 0x8b, 0x0, 0x0, 0x1,
    0xf1, 0xb, 0x80, 0x0, 0x8f, 0xff, 0xff, 0xff,
    0xfb, 0x1, 0x29, 0xb2, 0x3f, 0x32, 0x10, 0x0,
    0xb7, 0x4, 0xe0, 0x0, 0x0, 0xe, 0x40, 0x8a,
    0x0, 0x0, 0x1, 0x90, 0x6, 0x40, 0x0, 0x0,

    /* U+0024 "$" */
    0x0, 0x3, 0x40, 0x0, 0x0, 0x6, 0x90, 0x0,
    0x1, 0x9f, 0xff, 0xb0, 0xd, 0xeb, 0xc9, 0xe0,
    0x5f, 0x46, 0x90, 0x0, 0x8f, 0x6, 0x90, 0x0,
    0x7f, 0x36, 0x90, 0x0, 0x2f, 0xe9, 0x90, 0x0,
    0x5, 0xff, 0xc1, 0x0, 0x0, 0x1b, 0xff, 0x50,
    0x0, 0x6, 0xbd, 0xf4, 0x0, 0x6, 0x91, 0xfb,
    0x0, 0x6, 0x90, 0xcc, 0x30, 0x6, 0x91, 0xea,
    0x8e, 0x9b, 0xde, 0xf2, 0x29, 0xdf, 0xfa, 0x20,
    0x0, 0x6, 0x90, 0x0, 0x0, 0x6, 0x90, 0x0,

    /* U+0025 "%" */
    0x1, 0xae, 0xd6, 0x0, 0x0, 0x5f, 0x10, 0x0,
    0xbb, 0x25, 0xf4, 0x0, 0xe, 0x70, 0x0, 0x1f,
    0x20, 0xb, 0x90, 0x8, 0xd0, 0x0, 0x3, 0xf0,
    0x0, 0x8b, 0x2, 0xf4, 0x0, 0x0, 0x2f, 0x10,
    0xa, 0x90, 0xba, 0x0, 0x0, 0x0, 0xda, 0x3,
    0xf3, 0x4f, 0x20, 0x0, 0x0, 0x3, 0xef, 0xf7,
    0xd, 0x80, 0x0, 0x0, 0x0, 0x0, 0x10, 0x7,
    0xe0, 0x3c, 0xec, 0x30, 0x0, 0x0, 0x1, 0xf5,
    0x1e, 0x83, 0x9e, 0x0, 0x0, 0x0, 0xab, 0x6,
    0xe0, 0x0, 0xf4, 0x0, 0x0, 0x3f, 0x20, 0x8b,
    0x0, 0xd, 0x60, 0x0, 0xc, 0x80, 0x7, 0xd0,
    0x0, 0xf4, 0x0, 0x6, 0xe0, 0x0, 0x2f, 0x61,
    0x8d, 0x0, 0x1, 0xe5, 0x0, 0x0, 0x4d, 0xfb,
    0x20,

    /* U+0026 "&" */
    0x0, 0x2b, 0xee, 0x91, 0x0, 0x0, 0x0, 0x1,
    0xed, 0x67, 0xfb, 0x0, 0x0, 0x0, 0x5, 0xf3,
    0x0, 0x8f, 0x10, 0x0, 0x0, 0x6, 0xf1, 0x0,
    0x7f, 0x0, 0x5d, 0x10, 0x2, 0xf8, 0x2, 0xea,
    0x0, 0x5f, 0x20, 0x0, 0x7f, 0xcf, 0x90, 0x0,
    0x6f, 0x10, 0x2, 0xbf, 0xef, 0x80, 0x0, 0x8e,
    0x0, 0x2e, 0xc2, 0x7, 0xfb, 0x0, 0xd9, 0x0,
    0xaf, 0x10, 0x0, 0x5f, 0x83, 0xf3, 0x0, 0xeb,
    0x0, 0x0, 0x7, 0xfe, 0xc0, 0x0, 0xec, 0x0,
    0x0, 0x0, 0xef, 0x30, 0x0, 0xbf, 0x40, 0x0,
    0x9, 0xff, 0xa0, 0x0, 0x3f, 0xfb, 0x9a, 0xff,
    0x67, 0xfc, 0x95, 0x2, 0xae, 0xfe, 0xa2, 0x0,
    0x7e, 0xf5,

    /* U+0027 "'" */
    0x9f, 0x8e, 0x7d, 0x6c, 0x12,

    /* U+0028 "(" */
    0x0, 0x4f, 0x30, 0xd, 0x80, 0x6, 0xf1, 0x0,
    0xd9, 0x0, 0x2f, 0x40, 0x6, 0xf0, 0x0, 0x9d,
    0x0, 0xa, 0xc0, 0x0, 0xbb, 0x0, 0xa, 0xc0,
    0x0, 0x9d, 0x0, 0x7, 0xf0, 0x0, 0x3f, 0x40,
    0x0, 0xe9, 0x0, 0x7, 0xf0, 0x0, 0xe, 0x80,
    0x0, 0x4f, 0x20,

    /* U+0029 ")" */
    0x7e, 0x10, 0x0, 0xd9, 0x0, 0x5, 0xf2, 0x0,
    0xe, 0x80, 0x0, 0x9d, 0x0, 0x5, 0xf1, 0x0,
    0x2f, 0x40, 0x1, 0xf5, 0x0, 0xf, 0x60, 0x1,
    0xf5, 0x0, 0x2f, 0x40, 0x5, 0xf2, 0x0, 0x8e,
    0x0, 0xd, 0x90, 0x4, 0xf2, 0x0, 0xca, 0x0,
    0x7e, 0x10, 0x0,

    /* U+002A "*" */
    0x0, 0xb, 0x80, 0x0, 0x0, 0xa, 0x70, 0x0,
    0x1e, 0x7a, 0x89, 0xc0, 0x16, 0x9f, 0xe8, 0x50,
    0x0, 0x7c, 0xe3, 0x0, 0x3, 0xf3, 0x6e, 0x10,
    0x1, 0x70, 0x8, 0x0,

    /* U+002B "+" */
    0x0, 0x5, 0xf0, 0x0, 0x0, 0x0, 0x5f, 0x0,
    0x0, 0x0, 0x5, 0xf0, 0x0, 0x1, 0x11, 0x5f,
    0x11, 0x10, 0xef, 0xff, 0xff, 0xff, 0x83, 0x44,
    0x7f, 0x44, 0x42, 0x0, 0x5, 0xf0, 0x0, 0x0,
    0x0, 0x5f, 0x0, 0x0, 0x0, 0x5, 0xf0, 0x0,
    0x0,

    /* U+002C "," */
    0x8, 0x90, 0xe9, 0x1f, 0x45, 0xf0, 0x8a, 0x0,

    /* U+002D "-" */
    0x1, 0x11, 0x10, 0xbf, 0xff, 0xf3, 0x24, 0x44,
    0x40,

    /* U+002E "." */
    0x1, 0x20, 0xe, 0xf1, 0xb, 0xd0,

    /* U+002F "/" */
    0x0, 0x0, 0x0, 0x4f, 0x30, 0x0, 0x0, 0xb,
    0xd0, 0x0, 0x0, 0x1, 0xf7, 0x0, 0x0, 0x0,
    0x7f, 0x10, 0x0, 0x0, 0xd, 0xa0, 0x0, 0x0,
    0x3, 0xf4, 0x0, 0x0, 0x0, 0x9e, 0x0, 0x0,
    0x0, 0xf, 0x80, 0x0, 0x0, 0x6, 0xf2, 0x0,
    0x0, 0x0, 0xcb, 0x0, 0x0, 0x0, 0x2f, 0x50,
    0x0, 0x0, 0x8, 0xf0, 0x0, 0x0, 0x0, 0xe9,
    0x0, 0x0, 0x0, 0x5f, 0x30, 0x0, 0x0, 0xb,
    0xd0, 0x0, 0x0, 0x1, 0xf7, 0x0, 0x0, 0x0,

    /* U+0030 "0" */
    0x0, 0x19, 0xef, 0xb2, 0x0, 0x0, 0xdf, 0x88,
    0xfe, 0x10, 0x7, 0xf5, 0x0, 0x4f, 0x80, 0xc,
    0xd0, 0x0, 0xd, 0xd0, 0xf, 0xa0, 0x0, 0x9,
    0xf0, 0x2f, 0x70, 0x0, 0x7, 0xf2, 0x3f, 0x70,
    0x0, 0x7, 0xf3, 0x3f, 0x60, 0x0, 0x6, 0xf3,
    0x3f, 0x70, 0x0, 0x7, 0xf2, 0x1f, 0x90, 0x0,
    0x9, 0xf0, 0xe, 0xd0, 0x0, 0xd, 0xc0, 0x8,
    0xf4, 0x0, 0x4f, 0x60, 0x1, 0xef, 0x88, 0xfc,
    0x0, 0x0, 0x2b, 0xfe, 0x91, 0x0,

    /* U+0031 "1" */
    0x0, 0x2, 0xc5, 0x1, 0x8f, 0xf5, 0x3f, 0xfb,
    0xf5, 0x3a, 0x24, 0xf5, 0x0, 0x4, 0xf5, 0x0,
    0x4, 0xf5, 0x0, 0x4, 0xf5, 0x0, 0x4, 0xf5,
    0x0, 0x4, 0xf5, 0x0, 0x4, 0xf5, 0x0, 0x4,
    0xf5, 0x0, 0x4, 0xf5, 0x0, 0x4, 0xf5, 0x0,
    0x4, 0xf5,

    /* U+0032 "2" */
    0x0, 0x5c, 0xfe, 0xa1, 0x0, 0x6, 0xfb, 0x79,
    0xfe, 0x10, 0x6, 0x40, 0x0, 0x5f, 0x80, 0x0,
    0x0, 0x0, 0xf, 0xa0, 0x0, 0x0, 0x0, 0xf,
    0x90, 0x0, 0x0, 0x0, 0x5f, 0x50, 0x0, 0x0,
    0x2, 0xed, 0x0, 0x0, 0x0, 0x4e, 0xe2, 0x0,
    0x0, 0x6, 0xfc, 0x10, 0x0, 0x0, 0x8f, 0x90,
    0x0, 0x0, 0x4, 0xf8, 0x0, 0x0, 0x0, 0xc,
    0xe0, 0x0, 0x0, 0x0, 0xf, 0xd8, 0x88, 0x88,
    0x80, 0xf, 0xff, 0xff, 0xff, 0xf1,

    /* U+0033 "3" */
    0x19, 0xdf, 0xd8, 0x0, 0x5d, 0x97, 0xbf, 0xb0,
    0x10, 0x0, 0xa, 0xf2, 0x0, 0x0, 0x7, 0xf3,
    0x0, 0x0, 0xa, 0xf0, 0x0, 0x13, 0x8f, 0x50,
    0x8, 0xff, 0xf6, 0x0, 0x2, 0x46, 0xaf, 0xb0,
    0x0, 0x0, 0x6, 0xf6, 0x0, 0x0, 0x0, 0xfa,
    0x0, 0x0, 0x0, 0xfa, 0x30, 0x0, 0x7, 0xf5,
    0xcc, 0x87, 0xbf, 0xb0, 0x5c, 0xef, 0xd7, 0x0,

    /* U+0034 "4" */
    0x0, 0x0, 0x3, 0xfb, 0x0, 0x0, 0x0, 0xc,
    0xfb, 0x0, 0x0, 0x0, 0x5f, 0xfb, 0x0, 0x0,
    0x0, 0xe8, 0xdb, 0x0, 0x0, 0x9, 0xe0, 0xdb,
    0x0, 0x0, 0x4f, 0x50, 0xdb, 0x0, 0x1, 0xea,
    0x0, 0xdb, 0x0, 0xb, 0xe1, 0x0, 0xdb, 0x0,
    0x8f, 0x62, 0x22, 0xec, 0x21, 0xdf, 0xff, 0xff,
    0xff, 0xfa, 0x45, 0x55, 0x55, 0xec, 0x53, 0x0,
    0x0, 0x0, 0xdb, 0x0, 0x0, 0x0, 0x0, 0xdb,
    0x0, 0x0, 0x0, 0x0, 0xdb, 0x0,

    /* U+0035 "5" */
    0xf, 0xff, 0xff, 0xf1, 0xf, 0xb8, 0x88, 0x80,
    0x1f, 0x60, 0x0, 0x0, 0x2f, 0x50, 0x0, 0x0,
    0x3f, 0x40, 0x0, 0x0, 0x4f, 0x51, 0x0, 0x0,
    0x5f, 0xff, 0xfb, 0x20, 0x26, 0x56, 0xaf, 0xe2,
    0x0, 0x0, 0x5, 0xf8, 0x0, 0x0, 0x0, 0xfb,
    0x0, 0x0, 0x0, 0xfa, 0x10, 0x0, 0x8, 0xf6,
    0x9c, 0x87, 0xbf, 0xc0, 0x4c, 0xff, 0xd7, 0x0,

    /* U+0036 "6" */
    0x0, 0x1, 0x9e, 0xfe, 0x40, 0x0, 0x2e, 0xe9,
    0x79, 0x60, 0x0, 0xce, 0x10, 0x0, 0x0, 0x4,
    0xf5, 0x0, 0x0, 0x0, 0x9, 0xe0, 0x1, 0x0,
    0x0, 0xd, 0xb5, 0xef, 0xf8, 0x0, 0xf, 0xde,
    0x76, 0xcf, 0x70, 0xf, 0xf3, 0x0, 0xd, 0xf0,
    0xf, 0xd0, 0x0, 0x8, 0xf2, 0xe, 0xc0, 0x0,
    0x6, 0xf3, 0xb, 0xe0, 0x0, 0x8, 0xf1, 0x5,
    0xf6, 0x0, 0x1e, 0xc0, 0x0, 0xcf, 0xa8, 0xdf,
    0x30, 0x0, 0x19, 0xef, 0xc3, 0x0,

    /* U+0037 "7" */
    0x1f, 0xff, 0xff, 0xff, 0xf1, 0x8, 0x88, 0x88,
    0x8e, 0xd0, 0x0, 0x0, 0x0, 0x2f, 0x60, 0x0,
    0x0, 0x0, 0xae, 0x0, 0x0, 0x0, 0x2, 0xf6,
    0x0, 0x0, 0x0, 0x9, 0xf0, 0x0, 0x0, 0x0,
    0xf, 0x90, 0x0, 0x0, 0x0, 0x6f, 0x30, 0x0,
    0x0, 0x0, 0xcd, 0x0, 0x0, 0x0, 0x1, 0xf8,
    0x0, 0x0, 0x0, 0x6, 0xf3, 0x0, 0x0, 0x0,
    0xb, 0xe0, 0x0, 0x0, 0x0, 0xe, 0xb0, 0x0,
    0x0, 0x0, 0x1f, 0x80, 0x0, 0x0,

    /* U+0038 "8" */
    0x0, 0x1a, 0xff, 0xa1, 0x0, 0x1, 0xee, 0x88,
    0xfe, 0x0, 0x7, 0xf3, 0x0, 0x3f, 0x60, 0x9,
    0xe0, 0x0, 0xe, 0x80, 0x6, 0xf1, 0x0, 0x1f,
    0x60, 0x0, 0xdc, 0x34, 0xcd, 0x0, 0x0, 0x3f,
    0xff, 0xf3, 0x0, 0x3, 0xfc, 0x66, 0xdf, 0x30,
    0xd, 0xd0, 0x0, 0xd, 0xc0, 0x1f, 0x70, 0x0,
    0x7, 0xf1, 0x2f, 0x70, 0x0, 0x8, 0xf1, 0xe,
    0xd0, 0x0, 0xd, 0xd0, 0x5, 0xfd, 0x88, 0xef,
    0x40, 0x0, 0x4b, 0xff, 0xb4, 0x0,

    /* U+0039 "9" */
    0x0, 0x3b, 0xff, 0xa1, 0x0, 0x3, 0xfe, 0x89,
    0xfd, 0x0, 0xd, 0xe1, 0x0, 0x4f, 0x70, 0x1f,
    0x90, 0x0, 0xc, 0xc0, 0x2f, 0x80, 0x0, 0xa,
    0xf0, 0xf, 0xc0, 0x0, 0xd, 0xf0, 0x9, 0xf9,
    0x33, 0xbf, 0xf0, 0x0, 0xbf, 0xff, 0xb9, 0xf0,
    0x0, 0x2, 0x43, 0xb, 0xe0, 0x0, 0x0, 0x0,
    0xe, 0xb0, 0x0, 0x0, 0x0, 0x3f, 0x60, 0x0,
    0x0, 0x1, 0xde, 0x0, 0x7, 0xb7, 0x8e, 0xf4,
    0x0, 0x4, 0xdf, 0xeb, 0x30, 0x0,

    /* U+003A ":" */
    0xb, 0xd0, 0xe, 0xf1, 0x1, 0x10, 0x0, 0x0,
    0x0, 0x0, 0x0, 0x0, 0x0, 0x0, 0x1, 0x20,
    0xe, 0xf1, 0xb, 0xd0,

    /* U+003B ";" */
    0xb, 0xd0, 0xe, 0xf1, 0x1, 0x10, 0x0, 0x0,
    0x0, 0x0, 0x0, 0x0, 0x0, 0x0, 0x0, 0x0,
    0xb, 0xc0, 0xf, 0x70, 0x2f, 0x30, 0x6e, 0x0,
    0x67, 0x0,

    /* U+003C "<" */
    0x0, 0x0, 0x0, 0x1, 0x10, 0x0, 0x0, 0x8,
    0xf3, 0x0, 0x0, 0x5e, 0xe6, 0x0, 0x2, 0xbf,
    0x91, 0x0, 0x19, 0xfb, 0x20, 0x0, 0x8, 0xfc,
    0x10, 0x0, 0x0, 0x4, 0xdf, 0x81, 0x0, 0x0,
    0x0, 0x5d, 0xf8, 0x10, 0x0, 0x0, 0x6, 0xef,
    0x20, 0x0, 0x0, 0x0, 0x72,

    /* U+003D "=" */
    0x1, 0x11, 0x11, 0x11, 0xe, 0xff, 0xff, 0xff,
    0xf8, 0x34, 0x44, 0x44, 0x44, 0x20, 0x0, 0x0,
    0x0, 0x0, 0x11, 0x11, 0x11, 0x11, 0xe, 0xff,
    0xff, 0xff, 0xf8, 0x34, 0x44, 0x44, 0x44, 0x20,

    /* U+003E ">" */
    0x30, 0x0, 0x0, 0x0, 0x9, 0xd4, 0x0, 0x0,
    0x0, 0x1a, 0xfb, 0x20, 0x0, 0x0, 0x3, 0xcf,
    0x80, 0x0, 0x0, 0x0, 0x5e, 0xe5, 0x0, 0x0,
    0x0, 0x4f, 0xf2, 0x0, 0x3, 0xbf, 0x91, 0x0,
    0x3b, 0xfa, 0x20, 0x0, 0x7f, 0xb3, 0x0, 0x0,
    0x6, 0x40, 0x0, 0x0, 0x0,

    /* U+003F "?" */
    0x4b, 0xee, 0xb2, 0xe, 0xb7, 0x9f, 0xd0, 0x40,
    0x0, 0x7f, 0x40, 0x0, 0x4, 0xf4, 0x0, 0x0,
    0xaf, 0x10, 0x0, 0x7f, 0x50, 0x0, 0x5f, 0x60,
    0x0, 0xf, 0x90, 0x0, 0x3, 0xf3, 0x0, 0x0,
    0x2f, 0x50, 0x0, 0x0, 0x0, 0x0, 0x0, 0x2,
    0x0, 0x0, 0x2, 0xfb, 0x0, 0x0, 0x1e, 0x90,
    0x0,

    /* U+0040 "@" */
    0x0, 0x0, 0x28, 0xdf, 0xfd, 0x92, 0x0, 0x0,
    0x0, 0x6, 0xfb, 0x53, 0x35, 0xaf, 0x80, 0x0,
    0x0, 0x7f, 0x50, 0x0, 0x0, 0x3, 0xe8, 0x0,
    0x3, 0xf5, 0x0, 0x0, 0x0, 0x0, 0x4f, 0x30,
    0xb, 0xb0, 0x2, 0xbf, 0xd7, 0xe0, 0xc, 0xa0,
    0x1f, 0x40, 0x1e, 0xb3, 0x5f, 0xd0, 0x7, 0xe0,
    0x5f, 0x0, 0x8e, 0x0, 0xa, 0xb0, 0x4, 0xf0,
    0x6e, 0x0, 0xc9, 0x0, 0xa, 0xa0, 0x5, 0xf0,
    0x7d, 0x0, 0xe7, 0x0, 0xb, 0x90, 0x6, 0xe0,
    0x6e, 0x0, 0xd8, 0x0, 0x1f, 0x80, 0xb, 0x90,
    0x4f, 0x10, 0x9e, 0x21, 0xaa, 0xc0, 0x6f, 0x20,
    0xf, 0x70, 0x1c, 0xff, 0x72, 0xef, 0xe4, 0x0,
    0x8, 0xe1, 0x0, 0x11, 0x0, 0x2, 0x0, 0x0,
    0x0, 0xdc, 0x0, 0x0, 0x0, 0x0, 0x0, 0x0,
    0x0, 0x1d, 0xe6, 0x20, 0x2, 0x78, 0x0, 0x0,
    0x0, 0x0, 0x7d, 0xff, 0xff, 0xd5, 0x0, 0x0,
    0x0, 0x0, 0x0, 0x2, 0x10, 0x0, 0x0, 0x0,

    /* U+0041 "A" */
    0x0, 0x0, 0x1f, 0xf0, 0x0, 0x0, 0x0, 0x0,
    0x6f, 0xf6, 0x0, 0x0, 0x0, 0x0, 0xcc, 0xeb,
    0x0, 0x0, 0x0, 0x2, 0xf7, 0x9f, 0x10, 0x0,
    0x0, 0x7, 0xf1, 0x3f, 0x60, 0x0, 0x0, 0xd,
    0xc0, 0xe, 0xc0, 0x0, 0x0, 0x3f, 0x70, 0x8,
    0xf2, 0x0, 0x0, 0x8f, 0x10, 0x3, 0xf7, 0x0,
    0x0, 0xee, 0x88, 0x88, 0xfd, 0x0, 0x3, 0xff,
    0xff, 0xff, 0xff, 0x30, 0x9, 0xf1, 0x0, 0x0,
    0x3f, 0x80, 0xe, 0xc0, 0x0, 0x0, 0xe, 0xe0,
    0x4f, 0x70, 0x0, 0x0, 0x9, 0xf3, 0xaf, 0x20,
    0x0, 0x0, 0x3, 0xf9,

    /* U+0042 "B" */
    0x5f, 0xff, 0xfd, 0x70, 0x5, 0xfb, 0x89, 0xef,
    0xa0, 0x5f, 0x50, 0x0, 0xdf, 0x15, 0xf5, 0x0,
    0xa, 0xf1, 0x5f, 0x50, 0x0, 0xce, 0x5, 0xf5,
    0x1, 0x8f, 0x50, 0x5f, 0xff, 0xff, 0x70, 0x5,
    0xfb, 0x89, 0xcf, 0xb0, 0x5f, 0x50, 0x0, 0x7f,
    0x75, 0xf5, 0x0, 0x0, 0xfb, 0x5f, 0x50, 0x0,
    0x1f, 0xb5, 0xf5, 0x0, 0x8, 0xf7, 0x5f, 0xb8,
    0x9c, 0xfd, 0x5, 0xff, 0xff, 0xe9, 0x10,

    /* U+0043 "C" */
    0x0, 0x0, 0x5b, 0xef, 0xeb, 0x30, 0x0, 0xbf,
    0xfb, 0x9b, 0xf7, 0x0, 0xbf, 0x90, 0x0, 0x0,
    0x20, 0x5f, 0xa0, 0x0, 0x0, 0x0, 0xb, 0xf1,
    0x0, 0x0, 0x0, 0x0, 0xfc, 0x0, 0x0, 0x0,
    0x0, 0x1f, 0x90, 0x0, 0x0, 0x0, 0x2, 0xf9,
    0x0, 0x0, 0x0, 0x0, 0x1f, 0xb0, 0x0, 0x0,
    0x0, 0x0, 0xee, 0x0, 0x0, 0x0, 0x0, 0x8,
    0xf7, 0x0, 0x0, 0x0, 0x0, 0x1e, 0xf6, 0x0,
    0x0, 0x12, 0x0, 0x3e, 0xfd, 0xa9, 0xcf, 0x70,
    0x0, 0x18, 0xdf, 0xfd, 0x92,

    /* U+0044 "D" */
    0x5f, 0xff, 0xfe, 0xa4, 0x0, 0x0, 0x5f, 0xb9,
    0x9b, 0xff, 0xa0, 0x0, 0x5f, 0x50, 0x0, 0x8,
    0xfb, 0x0, 0x5f, 0x50, 0x0, 0x0, 0x8f, 0x50,
    0x5f, 0x50, 0x0, 0x0, 0xf, 0xc0, 0x5f, 0x50,
    0x0, 0x0, 0xb, 0xf0, 0x5f, 0x50, 0x0, 0x0,
    0xa, 0xf1, 0x5f, 0x50, 0x0, 0x0, 0xa, 0xf1,
    0x5f, 0x50, 0x0, 0x0, 0xc, 0xf0, 0x5f, 0x50,
    0x0, 0x0, 0x1f, 0xb0, 0x5f, 0x50, 0x0, 0x0,
    0xaf, 0x40, 0x5f, 0x50, 0x0, 0x9, 0xf9, 0x0,
    0x5f, 0xb9, 0x9b, 0xff, 0x90, 0x0, 0x5f, 0xff,
    0xfe, 0xa3, 0x0, 0x0,

    /* U+0045 "E" */
    0x5f, 0xff, 0xff, 0xf4, 0x5f, 0xb9, 0x99, 0x92,
    0x5f, 0x50, 0x0, 0x0, 0x5f, 0x50, 0x0, 0x0,
    0x5f, 0x50, 0x0, 0x0, 0x5f, 0x50, 0x0, 0x0,
    0x5f, 0xb9, 0x99, 0x80, 0x5f, 0xff, 0xff, 0xe0,
    0x5f, 0x50, 0x0, 0x0, 0x5f, 0x50, 0x0, 0x0,
    0x5f, 0x50, 0x0, 0x0, 0x5f, 0x50, 0x0, 0x0,
    0x5f, 0xb9, 0x99, 0x95, 0x5f, 0xff, 0xff, 0xf9,

    /* U+0046 "F" */
    0x5f, 0xff, 0xff, 0xf4, 0x5f, 0xb9, 0x99, 0x92,
    0x5f, 0x50, 0x0, 0x0, 0x5f, 0x50, 0x0, 0x0,
    0x5f, 0x50, 0x0, 0x0, 0x5f, 0x50, 0x0, 0x0,
    0x5f, 0xb9, 0x99, 0x80, 0x5f, 0xff, 0xff, 0xe0,
    0x5f, 0x50, 0x0, 0x0, 0x5f, 0x50, 0x0, 0x0,
    0x5f, 0x50, 0x0, 0x0, 0x5f, 0x50, 0x0, 0x0,
    0x5f, 0x50, 0x0, 0x0, 0x5f, 0x50, 0x0, 0x0,

    /* U+0047 "G" */
    0x0, 0x0, 0x4a, 0xef, 0xec, 0x70, 0x0, 0xa,
    0xfe, 0xa9, 0xbe, 0xf1, 0x0, 0xaf, 0x90, 0x0,
    0x0, 0x50, 0x4, 0xfa, 0x0, 0x0, 0x0, 0x0,
    0xb, 0xf1, 0x0, 0x0, 0x0, 0x0, 0xf, 0xc0,
    0x0, 0x0, 0x0, 0x0, 0x1f, 0x90, 0x0, 0x9,
    0x99, 0x93, 0x2f, 0x90, 0x0, 0x1f, 0xff, 0xf6,
    0x1f, 0xb0, 0x0, 0x0, 0x4, 0xf6, 0xd, 0xf0,
    0x0, 0x0, 0x4, 0xf6, 0x8, 0xf7, 0x0, 0x0,
    0x4, 0xf6, 0x1, 0xef, 0x60, 0x0, 0x5, 0xf6,
    0x0, 0x2e, 0xfd, 0xa9, 0xcf, 0xf5, 0x0, 0x0,
    0x8d, 0xff, 0xda, 0x40,

    /* U+0048 "H" */
    0x5f, 0x50, 0x0, 0x0, 0x2f, 0x75, 0xf5, 0x0,
    0x0, 0x2, 0xf7, 0x5f, 0x50, 0x0, 0x0, 0x2f,
    0x75, 0xf5, 0x0, 0x0, 0x2, 0xf7, 0x5f, 0x50,
    0x0, 0x0, 0x2f, 0x75, 0xf5, 0x0, 0x0, 0x2,
    0xf7, 0x5f, 0xb9, 0x99, 0x99, 0xaf, 0x75, 0xff,
    0xff, 0xff, 0xff, 0xf7, 0x5f, 0x50, 0x0, 0x0,
    0x2f, 0x75, 0xf5, 0x0, 0x0, 0x2, 0xf7, 0x5f,
    0x50, 0x0, 0x0, 0x2f, 0x75, 0xf5, 0x0, 0x0,
    0x2, 0xf7, 0x5f, 0x50, 0x0, 0x0, 0x2f, 0x75,
    0xf5, 0x0, 0x0, 0x2, 0xf7,

    /* U+0049 "I" */
    0x5f, 0x55, 0xf5, 0x5f, 0x55, 0xf5, 0x5f, 0x55,
    0xf5, 0x5f, 0x55, 0xf5, 0x5f, 0x55, 0xf5, 0x5f,
    0x55, 0xf5, 0x5f, 0x55, 0xf5,

    /* U+004A "J" */
    0x0, 0x7, 0xf3, 0x0, 0x7, 0xf3, 0x0, 0x7,
    0xf3, 0x0, 0x7, 0xf3, 0x0, 0x7, 0xf3, 0x0,
    0x7, 0xf3, 0x0, 0x7, 0xf3, 0x0, 0x7, 0xf3,
    0x0, 0x7, 0xf2, 0x0, 0x8, 0xf2, 0x0, 0xa,
    0xf0, 0x0, 0x1f, 0xc0, 0xaa, 0xef, 0x40, 0xbf,
    0xd5, 0x0,

    /* U+004B "K" */
    0x5f, 0x50, 0x0, 0x1e, 0xe1, 0x5f, 0x50, 0x0,
    0xcf, 0x30, 0x5f, 0x50, 0x8, 0xf6, 0x0, 0x5f,
    0x50, 0x5f, 0x90, 0x0, 0x5f, 0x52, 0xfc, 0x0,
    0x0, 0x5f, 0x5d, 0xe1, 0x0, 0x0, 0x5f, 0xdf,
    0x40, 0x0, 0x0, 0x5f, 0xbf, 0xa0, 0x0, 0x0,
    0x5f, 0x5a, 0xf6, 0x0, 0x0, 0x5f, 0x50, 0xdf,
    0x30, 0x0, 0x5f, 0x50, 0x2f, 0xe1, 0x0, 0x5f,
    0x50, 0x5, 0xfc, 0x0, 0x5f, 0x50, 0x0, 0x9f,
    0x90, 0x5f, 0x50, 0x0, 0xd, 0xf6,

    /* U+004C "L" */
    0x5f, 0x50, 0x0, 0x0, 0x5f, 0x50, 0x0, 0x0,
    0x5f, 0x50, 0x0, 0x0, 0x5f, 0x50, 0x0, 0x0,
    0x5f, 0x50, 0x0, 0x0, 0x5f, 0x50, 0x0, 0x0,
    0x5f, 0x50, 0x0, 0x0, 0x5f, 0x50, 0x0, 0x0,
    0x5f, 0x50, 0x0, 0x0, 0x5f, 0x50, 0x0, 0x0,
    0x5f, 0x50, 0x0, 0x0, 0x5f, 0x50, 0x0, 0x0,
    0x5f, 0xb9, 0x99, 0x93, 0x5f, 0xff, 0xff, 0xf7,

    /* U+004D "M" */
    0x5f, 0xf1, 0x0, 0x0, 0x0, 0x6, 0xff, 0x5f,
    0xf7, 0x0, 0x0, 0x0, 0xc, 0xff, 0x5f, 0xde,
    0x0, 0x0, 0x0, 0x3f, 0xdf, 0x5f, 0x9f, 0x40,
    0x0, 0x0, 0x9e, 0xaf, 0x5f, 0x4f, 0xa0, 0x0,
    0x0, 0xf8, 0xbf, 0x5f, 0x49, 0xf1, 0x0, 0x6,
    0xf2, 0xbf, 0x5f, 0x42, 0xf7, 0x0, 0xd, 0xb0,
    0xbf, 0x5f, 0x40, 0xcd, 0x0, 0x3f, 0x50, 0xbf,
    0x5f, 0x40, 0x6f, 0x40, 0xae, 0x0, 0xbf, 0x5f,
    0x40, 0xf, 0xa1, 0xf8, 0x0, 0xbf, 0x5f, 0x40,
    0x9, 0xf7, 0xf2, 0x0, 0xbf, 0x5f, 0x40, 0x2,
    0xff, 0xb0, 0x0, 0xbf, 0x5f, 0x40, 0x0, 0xcf,
    0x50, 0x0, 0xbf, 0x5f, 0x40, 0x0, 0x5e, 0x0,
    0x0, 0xbf,

    /* U+004E "N" */
    0x5f, 0xf1, 0x0, 0x0, 0x7, 0xf2, 0x5f, 0xfa,
    0x0, 0x0, 0x7, 0xf2, 0x5f, 0xdf, 0x30, 0x0,
    0x7, 0xf2, 0x5f, 0x6f, 0xc0, 0x0, 0x7, 0xf2,
    0x5f, 0x47, 0xf6, 0x0, 0x7, 0xf2, 0x5f, 0x40,
    0xde, 0x0, 0x7, 0xf2, 0x5f, 0x40, 0x4f, 0x80,
    0x7, 0xf2, 0x5f, 0x40, 0xa, 0xf2, 0x7, 0xf2,
    0x5f, 0x40, 0x1, 0xfb, 0x7, 0xf2, 0x5f, 0x40,
    0x0, 0x7f, 0x57, 0xf2, 0x5f, 0x40, 0x0, 0xd,
    0xd8, 0xf2, 0x5f, 0x40, 0x0, 0x4, 0xfe, 0xf2,
    0x5f, 0x40, 0x0, 0x0, 0xbf, 0xf2, 0x5f, 0x40,
    0x0, 0x0, 0x2f, 0xf2,

    /* U+004F "O" */
    0x0, 0x0, 0x7c, 0xff, 0xd7, 0x0, 0x0, 0x0,
    0x2d, 0xfd, 0xaa, 0xdf, 0xd1, 0x0, 0x0, 0xdf,
    0x70, 0x0, 0x7, 0xfc, 0x0, 0x7, 0xf8, 0x0,
    0x0, 0x0, 0x9f, 0x50, 0xc, 0xf0, 0x0, 0x0,
    0x0, 0x1f, 0xb0, 0xf, 0xb0, 0x0, 0x0, 0x0,
    0xd, 0xe0, 0x2f, 0x90, 0x0, 0x0, 0x0, 0xc,
    0xf0, 0x2f, 0x90, 0x0, 0x0, 0x0, 0xb, 0xf0,
    0x1f, 0xb0, 0x0, 0x0, 0x0, 0xd, 0xe0, 0xd,
    0xf0, 0x0, 0x0, 0x0, 0x1f, 0xa0, 0x8, 0xf7,
    0x0, 0x0, 0x0, 0x8f, 0x40, 0x1, 0xef, 0x50,
    0x0, 0x7, 0xfb, 0x0, 0x0, 0x2e, 0xfd, 0x9a,
    0xdf, 0xc1, 0x0, 0x0, 0x1, 0x8d, 0xff, 0xc6,
    0x0, 0x0,

    /* U+0050 "P" */
    0x5f, 0xff, 0xfd, 0x80, 0x5, 0xfb, 0x89, 0xdf,
    0xc0, 0x5f, 0x50, 0x0, 0xaf, 0x65, 0xf5, 0x0,
    0x2, 0xfa, 0x5f, 0x50, 0x0, 0x1f, 0xa5, 0xf5,
    0x0, 0x3, 0xf8, 0x5f, 0x50, 0x1, 0xcf, 0x35,
    0xfb, 0x9a, 0xef, 0x70, 0x5f, 0xff, 0xfc, 0x50,
    0x5, 0xf5, 0x0, 0x0, 0x0, 0x5f, 0x50, 0x0,
    0x0, 0x5, 0xf5, 0x0, 0x0, 0x0, 0x5f, 0x50,
    0x0, 0x0, 0x5, 0xf5, 0x0, 0x0, 0x0,

    /* U+0051 "Q" */
    0x0, 0x0, 0x7c, 0xff, 0xd7, 0x0, 0x0, 0x0,
    0x2, 0xdf, 0xda, 0xad, 0xfd, 0x10, 0x0, 0x0,
    0xdf, 0x70, 0x0, 0x7, 0xfc, 0x0, 0x0, 0x7f,
    0x80, 0x0, 0x0, 0x9, 0xf5, 0x0, 0xc, 0xf0,
    0x0, 0x0, 0x0, 0x1f, 0xb0, 0x0, 0xfb, 0x0,
    0x0, 0x0, 0x0, 0xde, 0x0, 0x2f, 0x90, 0x0,
    0x0, 0x0, 0xc, 0xf0, 0x2, 0xf9, 0x0, 0x0,
    0x0, 0x0, 0xbf, 0x0, 0x1f, 0xb0, 0x0, 0x0,
    0x0, 0xd, 0xe0, 0x0, 0xdf, 0x0, 0x0, 0x0,
    0x1, 0xfa, 0x0, 0x8, 0xf7, 0x0, 0x0, 0x0,
    0x8f, 0x40, 0x0, 0x1e, 0xf5, 0x0, 0x0, 0x7f,
    0xb0, 0x0, 0x0, 0x2e, 0xfd, 0x9a, 0xdf, 0xd1,
    0x0, 0x0, 0x0, 0x18, 0xdf, 0xfc, 0xff, 0x60,
    0x0, 0x0, 0x0, 0x0, 0x0, 0x2, 0xdf, 0xa1,
    0x0, 0x0, 0x0, 0x0, 0x0, 0x0, 0x78, 0x60,

    /* U+0052 "R" */
    0x5f, 0xff, 0xfd, 0x91, 0x0, 0x5, 0xfb, 0x89,
    0xcf, 0xe0, 0x0, 0x5f, 0x50, 0x0, 0x9f, 0x60,
    0x5, 0xf5, 0x0, 0x3, 0xf8, 0x0, 0x5f, 0x50,
    0x0, 0x4f, 0x70, 0x5, 0xf5, 0x0, 0xb, 0xf2,
    0x0, 0x5f, 0xb8, 0x9d, 0xf6, 0x0, 0x5, 0xff,
    0xff, 0xf2, 0x0, 0x0, 0x5f, 0x50, 0x4f, 0xd0,
    0x0, 0x5, 0xf5, 0x0, 0x6f, 0x70, 0x0, 0x5f,
    0x50, 0x0, 0xcf, 0x10, 0x5, 0xf5, 0x0, 0x4,
    0xfa, 0x0, 0x5f, 0x50, 0x0, 0xb, 0xf3, 0x5,
    0xf5, 0x0, 0x0, 0x2f, 0xc0,

    /* U+0053 "S" */
    0x1, 0x9d, 0xfe, 0xc3, 0x3f, 0xfb, 0x9b, 0xe6,
    0xbf, 0x30, 0x0, 0x2, 0xed, 0x0, 0x0, 0x0,
    0xcf, 0x20, 0x0, 0x0, 0x5f, 0xe5, 0x0, 0x0,
    0x6, 0xff, 0xc3, 0x0, 0x0, 0x2a, 0xff, 0x80,
    0x0, 0x0, 0x3d, 0xf6, 0x0, 0x0, 0x1, 0xfd,
    0x0, 0x0, 0x0, 0xde, 0x60, 0x0, 0x2, 0xfc,
    0xfe, 0xa9, 0xaf, 0xf4, 0x6c, 0xef, 0xda, 0x20,

    /* U+0054 "T" */
    0xaf, 0xff, 0xff, 0xff, 0xf7, 0x59, 0x99, 0xfe,
    0x99, 0x93, 0x0, 0x0, 0xfb, 0x0, 0x0, 0x0,
    0x0, 0xfb, 0x0, 0x0, 0x0, 0x0, 0xfb, 0x0,
    0x0, 0x0, 0x0, 0xfb, 0x0, 0x0, 0x0, 0x0,
    0xfb, 0x0, 0x0, 0x0, 0x0, 0xfb, 0x0, 0x0,
    0x0, 0x0, 0xfb, 0x0, 0x0, 0x0, 0x0, 0xfb,
    0x0, 0x0, 0x0, 0x0, 0xfb, 0x0, 0x0, 0x0,
    0x0, 0xfb, 0x0, 0x0, 0x0, 0x0, 0xfb, 0x0,
    0x0, 0x0, 0x0, 0xfb, 0x0, 0x0,

    /* U+0055 "U" */
    0x8f, 0x20, 0x0, 0x0, 0x7f, 0x38, 0xf2, 0x0,
    0x0, 0x7, 0xf3, 0x8f, 0x20, 0x0, 0x0, 0x7f,
    0x38, 0xf2, 0x0, 0x0, 0x7, 0xf3, 0x8f, 0x20,
    0x0, 0x0, 0x7f, 0x38, 0xf2, 0x0, 0x0, 0x7,
    0xf3, 0x8f, 0x20, 0x0, 0x0, 0x7f, 0x38, 0xf2,
    0x0, 0x0, 0x7, 0xf3, 0x7f, 0x20, 0x0, 0x0,
    0x7f, 0x26, 0xf4, 0x0, 0x0, 0x9, 0xf1, 0x4f,
    0x80, 0x0, 0x0, 0xde, 0x0, 0xef, 0x20, 0x0,
    0x6f, 0x90, 0x5, 0xff, 0xb9, 0xcf, 0xd1, 0x0,
    0x4, 0xbf, 0xfd, 0x91, 0x0,

    /* U+0056 "V" */
    0xaf, 0x20, 0x0, 0x0, 0x9, 0xf2, 0x5f, 0x70,
    0x0, 0x0, 0xe, 0xd0, 0xf, 0xc0, 0x0, 0x0,
    0x3f, 0x80, 0xb, 0xf1, 0x0, 0x0, 0x8f, 0x20,
    0x5, 0xf6, 0x0, 0x0, 0xdd, 0x0, 0x0, 0xfb,
    0x0, 0x3, 0xf7, 0x0, 0x0, 0xbf, 0x10, 0x8,
    0xf2, 0x0, 0x0, 0x5f, 0x50, 0xd, 0xd0, 0x0,
    0x0, 0xf, 0xa0, 0x2f, 0x70, 0x0, 0x0, 0xb,
    0xf0, 0x7f, 0x20, 0x0, 0x0, 0x6, 0xf4, 0xdc,
    0x0, 0x0, 0x0, 0x1, 0xfa, 0xf7, 0x0, 0x0,
    0x0, 0x0, 0xbf, 0xf2, 0x0, 0x0, 0x0, 0x0,
    0x6f, 0xc0, 0x0, 0x0,

    /* U+0057 "W" */
    0xaf, 0x20, 0x0, 0x2, 0xfb, 0x0, 0x0, 0xd,
    0xf0, 0x6f, 0x60, 0x0, 0x6, 0xff, 0x0, 0x0,
    0x1f, 0xb0, 0x1f, 0xa0, 0x0, 0xa, 0xff, 0x30,
    0x0, 0x4f, 0x60, 0xd, 0xe0, 0x0, 0xe, 0xaf,
    0x70, 0x0, 0x8f, 0x20, 0x9, 0xf2, 0x0, 0x2f,
    0x5e, 0xb0, 0x0, 0xce, 0x0, 0x5, 0xf6, 0x0,
    0x7f, 0x1a, 0xf0, 0x0, 0xfa, 0x0, 0x0, 0xfa,
    0x0, 0xbd, 0x6, 0xf3, 0x3, 0xf6, 0x0, 0x0,
    0xce, 0x0, 0xf8, 0x2, 0xf7, 0x7, 0xf2, 0x0,
    0x0, 0x8f, 0x23, 0xf4, 0x0, 0xdb, 0xb, 0xe0,
    0x0, 0x0, 0x4f, 0x68, 0xf0, 0x0, 0x9f, 0xf,
    0xa0, 0x0, 0x0, 0xf, 0xac, 0xc0, 0x0, 0x5f,
    0x6f, 0x60, 0x0, 0x0, 0xb, 0xdf, 0x80, 0x0,
    0x1f, 0xcf, 0x20, 0x0, 0x0, 0x7, 0xff, 0x40,
    0x0, 0xd, 0xfd, 0x0, 0x0, 0x0, 0x2, 0xff,
    0x0, 0x0, 0x9, 0xf9, 0x0, 0x0,

    /* U+0058 "X" */
    0x2f, 0xd0, 0x0, 0x0, 0x8f, 0x50, 0x9f, 0x60,
    0x0, 0x1f, 0xc0, 0x1, 0xfd, 0x0, 0xa, 0xf3,
    0x0, 0x7, 0xf6, 0x3, 0xfa, 0x0, 0x0, 0xd,
    0xe0, 0xbf, 0x10, 0x0, 0x0, 0x5f, 0xaf, 0x70,
    0x0, 0x0, 0x0, 0xcf, 0xd0, 0x0, 0x0, 0x0,
    0xd, 0xfe, 0x0, 0x0, 0x0, 0x7, 0xf9, 0xf8,
    0x0, 0x0, 0x1, 0xfc, 0xc, 0xf2, 0x0, 0x0,
    0xaf, 0x30, 0x3f, 0xb0, 0x0, 0x4f, 0xa0, 0x0,
    0xaf, 0x40, 0xd, 0xf1, 0x0, 0x2, 0xfd, 0x7,
    0xf8, 0x0, 0x0, 0x9, 0xf6,

    /* U+0059 "Y" */
    0xaf, 0x40, 0x0, 0x0, 0xde, 0x2, 0xfb, 0x0,
    0x0, 0x4f, 0x70, 0xb, 0xf2, 0x0, 0xc, 0xe0,
    0x0, 0x3f, 0x90, 0x3, 0xf7, 0x0, 0x0, 0xcf,
    0x10, 0xbf, 0x10, 0x0, 0x4, 0xf8, 0x2f, 0x80,
    0x0, 0x0, 0xd, 0xea, 0xf1, 0x0, 0x0, 0x0,
    0x6f, 0xf9, 0x0, 0x0, 0x0, 0x0, 0xef, 0x10,
    0x0, 0x0, 0x0, 0xb, 0xf0, 0x0, 0x0, 0x0,
    0x0, 0xbf, 0x0, 0x0, 0x0, 0x0, 0xb, 0xf0,
    0x0, 0x0, 0x0, 0x0, 0xbf, 0x0, 0x0, 0x0,
    0x0, 0xb, 0xf0, 0x0, 0x0,

    /* U+005A "Z" */
    0x1f, 0xff, 0xff, 0xff, 0xff, 0x10, 0x99, 0x99,
    0x99, 0xcf, 0x80, 0x0, 0x0, 0x0, 0xd, 0xe0,
    0x0, 0x0, 0x0, 0x8, 0xf4, 0x0, 0x0, 0x0,
    0x2, 0xfa, 0x0, 0x0, 0x0, 0x0, 0xcf, 0x10,
    0x0, 0x0, 0x0, 0x6f, 0x60, 0x0, 0x0, 0x0,
    0x1e, 0xc0, 0x0, 0x0, 0x0, 0xa, 0xf3, 0x0,
    0x0, 0x0, 0x4, 0xf9, 0x0, 0x0, 0x0, 0x0,
    0xde, 0x0, 0x0, 0x0, 0x0, 0x8f, 0x50, 0x0,
    0x0, 0x0, 0x2f, 0xf9, 0x99, 0x99, 0x98, 0xa,
    0xff, 0xff, 0xff, 0xff, 0xf0,

    /* U+005B "[" */
    0x3f, 0xff, 0x33, 0xf6, 0x30, 0x3f, 0x30, 0x3,
    0xf3, 0x0, 0x3f, 0x30, 0x3, 0xf3, 0x0, 0x3f,
    0x30, 0x3, 0xf3, 0x0, 0x3f, 0x30, 0x3, 0xf3,
    0x0, 0x3f, 0x30, 0x3, 0xf3, 0x0, 0x3f, 0x30,
    0x3, 0xf3, 0x0, 0x3f, 0x30, 0x3, 0xf3, 0x0,
    0x3f, 0xff, 0x30, 0x33, 0x30,

    /* U+005C "\\" */
    0xf, 0x70, 0x0, 0x0, 0x0, 0xad, 0x0, 0x0,
    0x0, 0x4, 0xf4, 0x0, 0x0, 0x0, 0xe, 0xa0,
    0x0, 0x0, 0x0, 0x8f, 0x0, 0x0, 0x0, 0x2,
    0xf6, 0x0, 0x0, 0x0, 0xc, 0xc0, 0x0, 0x0,
    0x0, 0x6f, 0x20, 0x0, 0x0, 0x0, 0xf8, 0x0,
    0x0, 0x0, 0xa, 0xe0, 0x0, 0x0, 0x0, 0x3f,
    0x40, 0x0, 0x0, 0x0, 0xda, 0x0, 0x0, 0x0,
    0x7, 0xf0, 0x0, 0x0, 0x0, 0x1f, 0x60, 0x0,
    0x0, 0x0, 0xbc, 0x0, 0x0, 0x0, 0x5, 0xf2,

    /* U+005D "]" */
    0x8f, 0xfe, 0x13, 0xae, 0x0, 0x8e, 0x0, 0x8e,
    0x0, 0x8e, 0x0, 0x8e, 0x0, 0x8e, 0x0, 0x8e,
    0x0, 0x8e, 0x0, 0x8e, 0x0, 0x8e, 0x0, 0x8e,
    0x0, 0x8e, 0x0, 0x8e, 0x0, 0x8e, 0x0, 0x8e,
    0x8f, 0xfe, 0x13, 0x32,

    /* U+005E "^" */
    0x0, 0x6, 0xc0, 0x0, 0x0, 0x0, 0xdf, 0x40,
    0x0, 0x0, 0x5f, 0xac, 0x0, 0x0, 0xd, 0x81,
    0xf4, 0x0, 0x4, 0xf1, 0x9, 0xc0, 0x0, 0xc9,
    0x0, 0x1f, 0x50, 0x4f, 0x20, 0x0, 0x9d, 0xb,
    0xa0, 0x0, 0x1, 0xf5,

    /* U+005F "_" */
    0xff, 0xff, 0xff, 0xf9, 0x22, 0x22, 0x22, 0x21,

    /* U+0060 "`" */
    0xd, 0xa0, 0x0, 0x2f, 0x50, 0x0, 0x4e, 0x10,

    /* U+0061 "a" */
    0x0, 0x7d, 0xfe, 0x90, 0x0, 0x5e, 0x96, 0x9f,
    0xa0, 0x2, 0x10, 0x0, 0xbf, 0x0, 0x0, 0x0,
    0x19, 0xf1, 0x0, 0x6b, 0xef, 0xff, 0x20, 0xaf,
    0xa6, 0x38, 0xf2, 0x1f, 0x90, 0x0, 0x8f, 0x22,
    0xf7, 0x0, 0xd, 0xf2, 0xe, 0xe4, 0x4b, 0xdf,
    0x20, 0x3c, 0xfe, 0x77, 0xf2,

    /* U+0062 "b" */
    0x8f, 0x10, 0x0, 0x0, 0x0, 0x8f, 0x10, 0x0,
    0x0, 0x0, 0x8f, 0x10, 0x0, 0x0, 0x0, 0x8f,
    0x10, 0x0, 0x0, 0x0, 0x8f, 0x18, 0xef, 0xc3,
    0x0, 0x8f, 0xad, 0x79, 0xff, 0x20, 0x8f, 0xc0,
    0x0, 0x4f, 0xa0, 0x8f, 0x40, 0x0, 0xd, 0xe0,
    0x8f, 0x10, 0x0, 0xa, 0xf0, 0x8f, 0x10, 0x0,
    0xb, 0xf0, 0x8f, 0x20, 0x0, 0xd, 0xd0, 0x8f,
    0x80, 0x0, 0x4f, 0x70, 0x8f, 0xe8, 0x36, 0xed,
    0x0, 0x8f, 0x3b, 0xfe, 0xa1, 0x0,

    /* U+0063 "c" */
    0x0, 0x8, 0xdf, 0xe8, 0x0, 0xdf, 0xb7, 0x9b,
    0x8, 0xf6, 0x0, 0x0, 0xe, 0xc0, 0x0, 0x0,
    0x1f, 0x90, 0x0, 0x0, 0x2f, 0x80, 0x0, 0x0,
    0xf, 0xb0, 0x0, 0x0, 0xa, 0xf4, 0x0, 0x0,
    0x2, 0xef, 0xa7, 0x9c, 0x0, 0x2a, 0xef, 0xd6,

    /* U+0064 "d" */
    0x0, 0x0, 0x0, 0x3, 0xf6, 0x0, 0x0, 0x0,
    0x3, 0xf6, 0x0, 0x0, 0x0, 0x3, 0xf6, 0x0,
    0x0, 0x0, 0x3, 0xf6, 0x0, 0x2a, 0xff, 0xa4,
    0xf6, 0x1, 0xef, 0x97, 0xcd, 0xf6, 0x9, 0xf4,
    0x0, 0xc, 0xf6, 0xf, 0xc0, 0x0, 0x5, 0xf6,
    0x1f, 0x90, 0x0, 0x3, 0xf6, 0x2f, 0x80, 0x0,
    0x3, 0xf6, 0xf, 0xa0, 0x0, 0x5, 0xf6, 0xc,
    0xf1, 0x0, 0xc, 0xf6, 0x4, 0xfd, 0x54, 0xad,
    0xf6, 0x0, 0x4d, 0xfe, 0x83, 0xf6,

    /* U+0065 "e" */
    0x0, 0x1a, 0xef, 0xc3, 0x0, 0x1e, 0xe8, 0x7d,
    0xf2, 0x9, 0xf2, 0x0, 0x1f, 0xa0, 0xfa, 0x11,
    0x11, 0xcd, 0x1f, 0xff, 0xff, 0xff, 0xe2, 0xfa,
    0x44, 0x44, 0x44, 0xf, 0xb0, 0x0, 0x0, 0x0,
    0xbf, 0x30, 0x0, 0x1, 0x3, 0xff, 0x96, 0x8e,
    0x40, 0x3, 0xbf, 0xfd, 0x70,

    /* U+0066 "f" */
    0x0, 0x19, 0xef, 0x20, 0xa, 0xf9, 0x81, 0x0,
    0xeb, 0x0, 0x0, 0xf, 0xa0, 0x0, 0x8f, 0xff,
    0xfc, 0x3, 0x7f, 0xc7, 0x50, 0x0, 0xfa, 0x0,
    0x0, 0xf, 0xa0, 0x0, 0x0, 0xfa, 0x0, 0x0,
    0xf, 0xa0, 0x0, 0x0, 0xfa, 0x0, 0x0, 0xf,
    0xa0, 0x0, 0x0, 0xfa, 0x0, 0x0, 0xf, 0xa0,
    0x0,

    /* U+0067 "g" */
    0x0, 0x2a, 0xff, 0xa4, 0xf6, 0x1, 0xef, 0x87,
    0xcd, 0xf6, 0x9, 0xf3, 0x0, 0xb, 0xf6, 0xf,
    0xc0, 0x0, 0x4, 0xf6, 0x1f, 0x90, 0x0, 0x3,
    0xf6, 0x2f, 0x80, 0x0, 0x3, 0xf6, 0xf, 0xb0,
    0x0, 0x6, 0xf6, 0xc, 0xf3, 0x0, 0xd, 0xf6,
    0x4, 0xff, 0x98, 0xdb, 0xf6, 0x0, 0x4d, 0xfe,
    0x74, 0xf5, 0x0, 0x0, 0x0, 0x6, 0xf3, 0x1,
    0x0, 0x0, 0x1e, 0xe0, 0x8, 0xd9, 0x79, 0xef,
    0x40, 0x3, 0xbe, 0xfe, 0xb3, 0x0,

    /* U+0068 "h" */
    0x8f, 0x10, 0x0, 0x0, 0x8, 0xf1, 0x0, 0x0,
    0x0, 0x8f, 0x10, 0x0, 0x0, 0x8, 0xf1, 0x0,
    0x0, 0x0, 0x8f, 0x18, 0xee, 0xa1, 0x8, 0xfb,
    0xb7, 0xbf, 0xa0, 0x8f, 0xa0, 0x0, 0xcf, 0x8,
    0xf3, 0x0, 0x7, 0xf2, 0x8f, 0x10, 0x0, 0x6f,
    0x38, 0xf1, 0x0, 0x6, 0xf3, 0x8f, 0x10, 0x0,
    0x6f, 0x38, 0xf1, 0x0, 0x6, 0xf3, 0x8f, 0x10,
    0x0, 0x6f, 0x38, 0xf1, 0x0, 0x6, 0xf3,

    /* U+0069 "i" */
    0x8e, 0x29, 0xf3, 0x1, 0x0, 0x0, 0x9f, 0x19,
    0xf1, 0x9f, 0x19, 0xf1, 0x9f, 0x19, 0xf1, 0x9f,
    0x19, 0xf1, 0x9f, 0x19, 0xf1,

    /* U+006A "j" */
    0x0, 0x7, 0xe2, 0x0, 0x9, 0xf3, 0x0, 0x0,
    0x10, 0x0, 0x0, 0x0, 0x0, 0x8, 0xf1, 0x0,
    0x8, 0xf1, 0x0, 0x8, 0xf1, 0x0, 0x8, 0xf1,
    0x0, 0x8, 0xf1, 0x0, 0x8, 0xf1, 0x0, 0x8,
    0xf1, 0x0, 0x8, 0xf1, 0x0, 0x8, 0xf1, 0x0,
    0x9, 0xf0, 0x0, 0xa, 0xf0, 0x0, 0xe, 0xb0,
    0x78, 0xcf, 0x40, 0x9f, 0xd5, 0x0,

    /* U+006B "k" */
    0x8f, 0x10, 0x0, 0x0, 0x8, 0xf1, 0x0, 0x0,
    0x0, 0x8f, 0x10, 0x0, 0x0, 0x8, 0xf1, 0x0,
    0x0, 0x0, 0x8f, 0x10, 0x9, 0xf8, 0x8, 0xf1,
    0x6, 0xfa, 0x0, 0x8f, 0x13, 0xfc, 0x0, 0x8,
    0xf2, 0xed, 0x10, 0x0, 0x8f, 0xdf, 0x20, 0x0,
    0x8, 0xfb, 0xf5, 0x0, 0x0, 0x8f, 0x1c, 0xf4,
    0x0, 0x8, 0xf1, 0x1e, 0xe2, 0x0, 0x8f, 0x10,
    0x3f, 0xd1, 0x8, 0xf1, 0x0, 0x5f, 0xc0,

    /* U+006C "l" */
    0x9f, 0x19, 0xf1, 0x9f, 0x19, 0xf1, 0x9f, 0x19,
    0xf1, 0x9f, 0x19, 0xf1, 0x9f, 0x19, 0xf1, 0x9f,
    0x19, 0xf1, 0x9f, 0x19, 0xf1,

    /* U+006D "m" */
    0x8f, 0x2a, 0xfe, 0x80, 0x4c, 0xfd, 0x50, 0x8f,
    0xd7, 0x4b, 0xfa, 0xe5, 0x4c, 0xf2, 0x8f, 0x70,
    0x0, 0xff, 0x50, 0x3, 0xf7, 0x8f, 0x20, 0x0,
    0xcf, 0x0, 0x0, 0xf9, 0x8f, 0x10, 0x0, 0xce,
    0x0, 0x0, 0xfa, 0x8f, 0x10, 0x0, 0xce, 0x0,
    0x0, 0xfa, 0x8f, 0x10, 0x0, 0xce, 0x0, 0x0,
    0xfa, 0x8f, 0x10, 0x0, 0xce, 0x0, 0x0, 0xfa,
    0x8f, 0x10, 0x0, 0xce, 0x0, 0x0, 0xfa, 0x8f,
    0x10, 0x0, 0xce, 0x0, 0x0, 0xfa,

    /* U+006E "n" */
    0x8f, 0x29, 0xef, 0xa1, 0x8, 0xfd, 0x84, 0x8f,
    0xa0, 0x8f, 0x80, 0x0, 0xbf, 0x8, 0xf3, 0x0,
    0x7, 0xf2, 0x8f, 0x10, 0x0, 0x6f, 0x38, 0xf1,
    0x0, 0x6, 0xf3, 0x8f, 0x10, 0x0, 0x6f, 0x38,
    0xf1, 0x0, 0x6, 0xf3, 0x8f, 0x10, 0x0, 0x6f,
    0x38, 0xf1, 0x0, 0x6, 0xf3,

    /* U+006F "o" */
    0x0, 0x19, 0xef, 0xe9, 0x10, 0x1, 0xdf, 0x97,
    0xaf, 0xd0, 0x9, 0xf4, 0x0, 0x6, 0xf8, 0xf,
    0xc0, 0x0, 0x0, 0xec, 0x1f, 0x90, 0x0, 0x0,
    0xbe, 0x2f, 0x80, 0x0, 0x0, 0xce, 0xf, 0xb0,
    0x0, 0x0, 0xec, 0xa, 0xf4, 0x0, 0x6, 0xf6,
    0x1, 0xef, 0xa7, 0xaf, 0xc0, 0x0, 0x1a, 0xef,
    0xd8, 0x0,

    /* U+0070 "p" */
    0x8f, 0x19, 0xef, 0xc3, 0x0, 0x8f, 0xca, 0x45,
    0xef, 0x20, 0x8f, 0xa0, 0x0, 0x2f, 0xa0, 0x8f,
    0x30, 0x0, 0xc, 0xd0, 0x8f, 0x10, 0x0, 0xa,
    0xf0, 0x8f, 0x10, 0x0, 0xb, 0xf0, 0x8f, 0x30,
    0x0, 0xe, 0xd0, 0x8f, 0xa0, 0x0, 0x6f, 0x70,
    0x8f, 0xdc, 0x79, 0xfd, 0x0, 0x8f, 0x2a, 0xfe,
    0xa1, 0x0, 0x8f, 0x10, 0x0, 0x0, 0x0, 0x8f,
    0x10, 0x0, 0x0, 0x0, 0x8f, 0x10, 0x0, 0x0,
    0x0, 0x8f, 0x10, 0x0, 0x0, 0x0,

    /* U+0071 "q" */
    0x0, 0x2a, 0xff, 0xa4, 0xf6, 0x1, 0xef, 0x97,
    0xcd, 0xf6, 0xa, 0xf4, 0x0, 0xb, 0xf6, 0xf,
    0xc0, 0x0, 0x5, 0xf6, 0x1f, 0x90, 0x0, 0x3,
    0xf6, 0x2f, 0x80, 0x0, 0x3, 0xf6, 0xf, 0xb0,
    0x0, 0x6, 0xf6, 0xc, 0xf2, 0x0, 0xd, 0xf6,
    0x4, 0xff, 0x88, 0xdb, 0xf6, 0x0, 0x4c, 0xfe,
    0x73, 0xf6, 0x0, 0x0, 0x0, 0x3, 0xf6, 0x0,
    0x0, 0x0, 0x3, 0xf6, 0x0, 0x0, 0x0, 0x3,
    0xf6, 0x0, 0x0, 0x0, 0x3, 0xf6,

    /* U+0072 "r" */
    0x0, 0x0, 0x0, 0x8f, 0x2b, 0xf6, 0x8f, 0xba,
    0x73, 0x8f, 0xa0, 0x0, 0x8f, 0x40, 0x0, 0x8f,
    0x10, 0x0, 0x8f, 0x10, 0x0, 0x8f, 0x10, 0x0,
    0x8f, 0x10, 0x0, 0x8f, 0x10, 0x0, 0x8f, 0x10,
    0x0,

    /* U+0073 "s" */
    0x0, 0x7d, 0xfe, 0x70, 0xa, 0xf9, 0x69, 0xa0,
    0xf, 0xa0, 0x0, 0x0, 0xe, 0xd2, 0x0, 0x0,
    0x5, 0xff, 0xa2, 0x0, 0x0, 0x29, 0xff, 0x60,
    0x0, 0x0, 0x1d, 0xf0, 0x1, 0x0, 0x9, 0xf1,
    0x1f, 0x97, 0x8f, 0xc0, 0xa, 0xef, 0xd8, 0x10,

    /* U+0074 "t" */
    0x0, 0x87, 0x0, 0x0, 0xf9, 0x0, 0x0, 0xf9,
    0x0, 0xaf, 0xff, 0xfd, 0x47, 0xfc, 0x76, 0x0,
    0xf9, 0x0, 0x0, 0xf9, 0x0, 0x0, 0xf9, 0x0,
    0x0, 0xf9, 0x0, 0x0, 0xf9, 0x0, 0x0, 0xfa,
    0x0, 0x0, 0xcf, 0x87, 0x0, 0x3d, 0xfb,

    /* U+0075 "u" */
    0xbe, 0x0, 0x0, 0x9f, 0xb, 0xe0, 0x0, 0x9,
    0xf0, 0xbe, 0x0, 0x0, 0x9f, 0xb, 0xe0, 0x0,
    0x9, 0xf0, 0xbe, 0x0, 0x0, 0x9f, 0xb, 0xe0,
    0x0, 0x9, 0xf0, 0xbf, 0x0, 0x0, 0xbf, 0x8,
    0xf2, 0x0, 0x1f, 0xf0, 0x3f, 0xd4, 0x4c, 0xdf,
    0x0, 0x5d, 0xfd, 0x59, 0xf0,

    /* U+0076 "v" */
    0xbf, 0x10, 0x0, 0xf, 0xa6, 0xf5, 0x0, 0x5,
    0xf4, 0xf, 0xa0, 0x0, 0xae, 0x0, 0xaf, 0x0,
    0xf, 0x90, 0x5, 0xf4, 0x5, 0xf3, 0x0, 0xf,
    0x90, 0xad, 0x0, 0x0, 0xae, 0xf, 0x70, 0x0,
    0x4, 0xf8, 0xf2, 0x0, 0x0, 0xe, 0xec, 0x0,
    0x0, 0x0, 0x9f, 0x60, 0x0,

    /* U+0077 "w" */
    0xaf, 0x0, 0x1, 0xfb, 0x0, 0x7, 0xf1, 0x6f,
    0x40, 0x5, 0xff, 0x0, 0xb, 0xc0, 0x1f, 0x80,
    0x9, 0xcf, 0x30, 0xf, 0x80, 0xd, 0xc0, 0xe,
    0x6e, 0x70, 0x3f, 0x40, 0x8, 0xf0, 0x2f, 0x2a,
    0xb0, 0x7f, 0x0, 0x4, 0xf4, 0x6d, 0x6, 0xf0,
    0xbb, 0x0, 0x0, 0xf8, 0xa9, 0x2, 0xf3, 0xe6,
    0x0, 0x0, 0xbb, 0xe4, 0x0, 0xda, 0xf2, 0x0,
    0x0, 0x7f, 0xf0, 0x0, 0x9f, 0xe0, 0x0, 0x0,
    0x2f, 0xb0, 0x0, 0x5f, 0x90, 0x0,

    /* U+0078 "x" */
    0x5f, 0x80, 0x0, 0xaf, 0x20, 0xcf, 0x10, 0x3f,
    0x70, 0x3, 0xf8, 0xb, 0xd0, 0x0, 0x9, 0xf5,
    0xf4, 0x0, 0x0, 0x1e, 0xfa, 0x0, 0x0, 0x0,
    0xef, 0x90, 0x0, 0x0, 0x8f, 0x8f, 0x30, 0x0,
    0x3f, 0x70, 0xed, 0x0, 0xc, 0xe0, 0x5, 0xf7,
    0x7, 0xf5, 0x0, 0xc, 0xf1,

    /* U+0079 "y" */
    0xbf, 0x10, 0x0, 0xe, 0xb5, 0xf6, 0x0, 0x4,
    0xf5, 0xe, 0xb0, 0x0, 0xae, 0x0, 0x9f, 0x10,
    0xf, 0x90, 0x2, 0xf6, 0x5, 0xf3, 0x0, 0xc,
    0xc0, 0xad, 0x0, 0x0, 0x6f, 0x2f, 0x70, 0x0,
    0x1, 0xfb, 0xf1, 0x0, 0x0, 0xa, 0xfa, 0x0,
    0x0, 0x0, 0x6f, 0x40, 0x0, 0x0, 0xb, 0xe0,
    0x0, 0x0, 0x2, 0xf7, 0x0, 0x0, 0x58, 0xed,
    0x0, 0x0, 0x8, 0xfb, 0x20, 0x0, 0x0,

    /* U+007A "z" */
    0x3f, 0xff, 0xff, 0xfd, 0x17, 0x77, 0x7c, 0xf5,
    0x0, 0x0, 0x2f, 0xa0, 0x0, 0x0, 0xbe, 0x10,
    0x0, 0x6, 0xf5, 0x0, 0x0, 0x2f, 0xa0, 0x0,
    0x0, 0xbe, 0x10, 0x0, 0x6, 0xf5, 0x0, 0x0,
    0x2f, 0xe7, 0x77, 0x76, 0xaf, 0xff, 0xff, 0xfe,

    /* U+007B "{" */
    0x0, 0x9, 0xe1, 0x0, 0x6f, 0x70, 0x0, 0xac,
    0x0, 0x0, 0xca, 0x0, 0x0, 0xca, 0x0, 0x0,
    0xca, 0x0, 0x0, 0xd9, 0x0, 0x4, 0xf5, 0x0,
    0x2f, 0xb0, 0x0, 0x7, 0xf4, 0x0, 0x0, 0xd9,
    0x0, 0x0, 0xca, 0x0, 0x0, 0xca, 0x0, 0x0,
    0xca, 0x0, 0x0, 0xbb, 0x0, 0x0, 0x8f, 0x30,
    0x0, 0x1c, 0xf1, 0x0, 0x0, 0x20,

    /* U+007C "|" */
    0x38, 0x6, 0xf0, 0x6f, 0x6, 0xf0, 0x6f, 0x6,
    0xf0, 0x6f, 0x6, 0xf0, 0x6f, 0x6, 0xf0, 0x6f,
    0x6, 0xf0, 0x6f, 0x6, 0xf0, 0x6f, 0x6, 0xf0,
    0x6f, 0x6, 0xf0, 0x6f, 0x6, 0xf0,

    /* U+007D "}" */
    0x6d, 0x50, 0x2, 0xaf, 0x20, 0x0, 0xf6, 0x0,
    0xf, 0x70, 0x0, 0xf7, 0x0, 0xf, 0x70, 0x0,
    0xe8, 0x0, 0xa, 0xd1, 0x0, 0x1e, 0xd0, 0x9,
    0xe4, 0x0, 0xe8, 0x0, 0xf, 0x70, 0x0, 0xf7,
    0x0, 0xf, 0x70, 0x0, 0xf6, 0x0, 0x6f, 0x30,
    0x6f, 0x90, 0x1, 0x10, 0x0,

    /* U+007E "~" */
    0x0, 0x0, 0x0, 0x0, 0x0, 0x2, 0xdf, 0xb2,
    0x0, 0x9a, 0xb, 0xc5, 0xcf, 0x62, 0xe7, 0xf,
    0x40, 0x8, 0xff, 0xc0, 0x4, 0x0, 0x0, 0x13,
    0x0,

    /* U+4E0D "不" */
    0x2e, 0xee, 0xee, 0xee, 0xee, 0xee, 0xee, 0xee,
    0x90, 0x16, 0x66, 0x66, 0x66, 0xaf, 0x96, 0x66,
    0x66, 0x40, 0x0, 0x0, 0x0, 0x1, 0xec, 0x0,
    0x0, 0x0, 0x0, 0x0, 0x0, 0x0, 0xb, 0xf2,
    0x0, 0x0, 0x0, 0x0, 0x0, 0x0, 0x0, 0x8f,
    0xc2, 0x0, 0x0, 0x0, 0x0, 0x0, 0x0, 0x6,
    0xfa, 0xf5, 0x49, 0x0, 0x0, 0x0, 0x0, 0x0,
    0x5f, 0xb1, 0xf5, 0x5f, 0xe4, 0x0, 0x0, 0x0,
    0x7, 0xfb, 0x1, 0xf5, 0x1, 0xbf, 0xa1, 0x0,
    0x0, 0xaf, 0xa0, 0x1, 0xf5, 0x0, 0x6, 0xfe,
    0x50, 0x3d, 0xf7, 0x0, 0x1, 0xf5, 0x0, 0x0,
    0x2d, 0x90, 0x3d, 0x30, 0x0, 0x1, 0xf5, 0x0,
    0x0, 0x0, 0x0, 0x0, 0x0, 0x0, 0x1, 0xf5,
    0x0, 0x0, 0x0, 0x0, 0x0, 0x0, 0x0, 0x1,
    0xf5, 0x0, 0x0, 0x0, 0x0, 0x0, 0x0, 0x0,
    0x1, 0xf5, 0x0, 0x0, 0x0, 0x0, 0x0, 0x0,
    0x0, 0x1, 0xf5, 0x0, 0x0, 0x0, 0x0,

    /* U+4E2D "中" */
    0x0, 0x0, 0x0, 0x7, 0x20, 0x0, 0x0, 0x0,
    0x0, 0x0, 0x0, 0xf6, 0x0, 0x0, 0x0, 0x0,
    0x0, 0x0, 0xf, 0x60, 0x0, 0x0, 0x0, 0x0,
    0x0, 0x0, 0xf6, 0x0, 0x0, 0x0, 0x25, 0x55,
    0x55, 0x5f, 0x95, 0x55, 0x55, 0x47, 0xfe, 0xee,
    0xee, 0xfe, 0xee, 0xee, 0xfe, 0x7e, 0x0, 0x0,
    0xf, 0x60, 0x0, 0x7, 0xe7, 0xe0, 0x0, 0x0,
    0xf6, 0x0, 0x0, 0x7e, 0x7e, 0x0, 0x0, 0xf,
    0x60, 0x0, 0x7, 0xe7, 0xe1, 0x11, 0x12, 0xf7,
    0x11, 0x11, 0x7e, 0x7f, 0xff, 0xff, 0xff, 0xff,
    0xff, 0xff, 0xe7, 0xe2, 0x22, 0x22, 0xf7, 0x22,
    0x22, 0x8e, 0x13, 0x0, 0x0, 0xf, 0x60, 0x0,
    0x1, 0x30, 0x0, 0x0, 0x0, 0xf6, 0x0, 0x0,
    0x0, 0x0, 0x0, 0x0, 0xf, 0x60, 0x0, 0x0,
    0x0, 0x0, 0x0, 0x0, 0xf6, 0x0, 0x0, 0x0,
    0x0, 0x0, 0x0, 0xf, 0x60, 0x0, 0x0, 0x0,

    /* U+4E3B "主" */
    0x0, 0x0, 0x0, 0x0, 0x0, 0x0, 0x0, 0x0,
    0x0, 0x0, 0x0, 0x0, 0x5e, 0x10, 0x0, 0x0,
    0x0, 0x0, 0x0, 0x0, 0x1, 0xea, 0x0, 0x0,
    0x0, 0x0, 0x11, 0x11, 0x11, 0x17, 0x81, 0x11,
    0x11, 0x10, 0xb, 0xff, 0xff, 0xff, 0xff, 0xff,
    0xff, 0xff, 0x10, 0x12, 0x22, 0x22, 0x2f, 0x82,
    0x22, 0x22, 0x20, 0x0, 0x0, 0x0, 0x0, 0xf7,
    0x0, 0x0, 0x0, 0x0, 0x0, 0x0, 0x0, 0xf,
    0x70, 0x0, 0x0, 0x0, 0x0, 0x11, 0x11, 0x11,
    0xf7, 0x11, 0x11, 0x10, 0x0, 0x1f, 0xff, 0xff,
    0xff, 0xff, 0xff, 0xff, 0x80, 0x0, 0x33, 0x33,
    0x33, 0xf8, 0x33, 0x33, 0x31, 0x0, 0x0, 0x0,
    0x0, 0xf, 0x70, 0x0, 0x0, 0x0, 0x0, 0x0,
    0x0, 0x0, 0xf7, 0x0, 0x0, 0x0, 0x0, 0x0,
    0x0, 0x0, 0xf, 0x70, 0x0, 0x0, 0x0, 0x0,
    0x0, 0x0, 0x0, 0xf7, 0x0, 0x0, 0x0, 0x6,
    0xff, 0xff, 0xff, 0xff, 0xff, 0xff, 0xff, 0xfd,
    0x13, 0x33, 0x33, 0x33, 0x33, 0x33, 0x33, 0x33,
    0x20,

    /* U+4EAE "亮" */
    0x0, 0x0, 0x0, 0x4, 0xd0, 0x0, 0x0, 0x0,
    0x0, 0x55, 0x55, 0x55, 0x6f, 0x75, 0x55, 0x55,
    0x52, 0x1d, 0xdd, 0xdd, 0xdd, 0xdd, 0xdd, 0xdd,
    0xdd, 0x60, 0x0, 0x1, 0x11, 0x11, 0x11, 0x11,
    0x10, 0x0, 0x0, 0x9, 0xff, 0xff, 0xff, 0xff,
    0xfd, 0x0, 0x0, 0x0, 0x98, 0x0, 0x0, 0x0,
    0x3, 0xd0, 0x0, 0x0, 0x9, 0xec, 0xcc, 0xcc,
    0xcc, 0xcd, 0x0, 0x0, 0x0, 0x79, 0x44, 0x44,
    0x44, 0x46, 0xa0, 0x0, 0xd, 0xff, 0xff, 0xff,
    0xff, 0xff, 0xff, 0xff, 0x30, 0xd8, 0x22, 0x22,
    0x22, 0x22, 0x22, 0x23, 0xf3, 0x9, 0x50, 0x4,
    0x44, 0x44, 0x44, 0x0, 0x1b, 0x20, 0x0, 0x0,
    0xfe, 0xdd, 0xde, 0xf0, 0x0, 0x0, 0x0, 0x0,
    0x1f, 0x20, 0x0, 0x3f, 0x0, 0x4, 0x80, 0x0,
    0x8, 0xe0, 0x0, 0x3, 0xf0, 0x0, 0x7d, 0x0,
    0x3a, 0xf6, 0x0, 0x0, 0x2f, 0x63, 0x4d, 0xa2,
    0xff, 0xc4, 0x0, 0x0, 0x0, 0x9f, 0xff, 0xc2,
    0x4, 0x10, 0x0, 0x0, 0x0, 0x0, 0x0, 0x0,
    0x0,

    /* U+4F4E "低" */
    0x0, 0x0, 0x0, 0x0, 0x0, 0x0, 0x0, 0x0,
    0x0, 0x0, 0x0, 0x6e, 0x0, 0x0, 0x0, 0x13,
    0x46, 0x60, 0x0, 0x0, 0xc8, 0x2d, 0xee, 0xff,
    0xff, 0xed, 0xc0, 0x0, 0x3, 0xf2, 0x2f, 0x53,
    0x37, 0xd0, 0x0, 0x0, 0x0, 0xa, 0xa0, 0x2f,
    0x10, 0x5, 0xe0, 0x0, 0x0, 0x0, 0x3f, 0x40,
    0x2f, 0x10, 0x4, 0xe0, 0x0, 0x0, 0x0, 0xcf,
    0x40, 0x2f, 0x10, 0x4, 0xf0, 0x0, 0x0, 0x6,
    0xef, 0x40, 0x2f, 0xdd, 0xde, 0xfd, 0xdd, 0xd5,
    0xf, 0x4e, 0x40, 0x2f, 0x65, 0x56, 0xf6, 0x55,
    0x52, 0x6, 0xe, 0x40, 0x2f, 0x10, 0x0, 0xf3,
    0x0, 0x0, 0x0, 0xe, 0x40, 0x2f, 0x10, 0x0,
    0xe5, 0x0, 0x0, 0x0, 0xe, 0x40, 0x2f, 0x10,
    0x0, 0xb8, 0x0, 0x0, 0x0, 0xe, 0x40, 0x2f,
    0x10, 0x1, 0x7c, 0x0, 0x21, 0x0, 0xe, 0x40,
    0x2f, 0x16, 0xe7, 0x2f, 0x20, 0x8a, 0x0, 0xe,
    0x40, 0x3f, 0xdf, 0x92, 0xc, 0xb0, 0xa8, 0x0,
    0xe, 0x40, 0x8f, 0xb2, 0x6d, 0x13, 0xfc, 0xf5,
    0x0, 0xe, 0x40, 0x17, 0x0, 0x8, 0xa0, 0x4e,
    0xd1, 0x0, 0x0, 0x0, 0x0, 0x0, 0x0, 0x0,
    0x0, 0x0,

    /* U+529B "力" */
    0x0, 0x0, 0x0, 0x1, 0x0, 0x0, 0x0, 0x0,
    0x0, 0x0, 0x0, 0x8f, 0x0, 0x0, 0x0, 0x0,
    0x0, 0x0, 0x0, 0x8e, 0x0, 0x0, 0x0, 0x0,
    0x0, 0x0, 0x0, 0x8e, 0x0, 0x0, 0x0, 0x0,
    0x6, 0x66, 0x66, 0xbe, 0x66, 0x66, 0x66, 0x63,
    0xe, 0xff, 0xff, 0xff, 0xff, 0xff, 0xff, 0xf7,
    0x0, 0x0, 0x0, 0xac, 0x0, 0x0, 0x0, 0xf6,
    0x0, 0x0, 0x0, 0xbb, 0x0, 0x0, 0x0, 0xf6,
    0x0, 0x0, 0x0, 0xd9, 0x0, 0x0, 0x1, 0xf5,
    0x0, 0x0, 0x0, 0xf7, 0x0, 0x0, 0x1, 0xf5,
    0x0, 0x0, 0x4, 0xf3, 0x0, 0x0, 0x2, 0xf4,
    0x0, 0x0, 0xb, 0xe0, 0x0, 0x0, 0x3, 0xf3,
    0x0, 0x0, 0x4f, 0x80, 0x0, 0x0, 0x3, 0xf3,
    0x0, 0x2, 0xed, 0x0, 0x0, 0x0, 0x4, 0xf2,
    0x0, 0x3e, 0xe2, 0x0, 0x0, 0x0, 0x8, 0xf0,
    0x8, 0xfe, 0x30, 0x0, 0x48, 0x77, 0x9f, 0xb0,
    0x6f, 0xb1, 0x0, 0x0, 0x4f, 0xff, 0xfb, 0x10,
    0x4, 0x0, 0x0, 0x0, 0x0, 0x0, 0x0, 0x0,

    /* U+52A8 "动" */
    0x0, 0x0, 0x0, 0x0, 0x0, 0x42, 0x0, 0x0,
    0x0, 0x0, 0x0, 0x0, 0x0, 0xe, 0x60, 0x0,
    0x0, 0x2e, 0xee, 0xee, 0xe9, 0x0, 0xe6, 0x0,
    0x0, 0x0, 0x55, 0x55, 0x55, 0x30, 0xe, 0x60,
    0x0, 0x0, 0x0, 0x0, 0x0, 0x2, 0xee, 0xff,
    0xee, 0xee, 0x10, 0x0, 0x0, 0x0, 0x15, 0x5f,
    0x95, 0x58, 0xf1, 0x0, 0x0, 0x0, 0x0, 0x0,
    0xf5, 0x0, 0x4f, 0xd, 0xff, 0xff, 0xff, 0xf3,
    0xf, 0x40, 0x4, 0xf0, 0x23, 0x5f, 0x63, 0x33,
    0x2, 0xf3, 0x0, 0x5f, 0x0, 0x7, 0xe0, 0x0,
    0x0, 0x3f, 0x10, 0x5, 0xf0, 0x0, 0xd7, 0x9,
    0x30, 0x7, 0xf0, 0x0, 0x6e, 0x0, 0x4f, 0x10,
    0xba, 0x0, 0xbb, 0x0, 0x6, 0xe0, 0xb, 0x90,
    0x4, 0xf1, 0xf, 0x70, 0x0, 0x7d, 0x7, 0xf4,
    0x45, 0x7f, 0x77, 0xf1, 0x0, 0x8, 0xd0, 0xaf,
    0xff, 0xdb, 0xcd, 0xe9, 0x0, 0x0, 0x9c, 0x1,
    0x20, 0x0, 0x1, 0xbf, 0x20, 0x75, 0x6f, 0x80,
    0x0, 0x0, 0x0, 0x3f, 0x60, 0xe, 0xff, 0xc1,
    0x0, 0x0, 0x0, 0x0, 0x30, 0x0, 0x0, 0x0,
    0x0,

    /* U+534F "协" */
    0x0, 0x20, 0x0, 0x0, 0x2, 0x0, 0x0, 0x0,
    0x0, 0xf, 0x50, 0x0, 0x3, 0xf1, 0x0, 0x0,
    0x0, 0x0, 0xf5, 0x0, 0x0, 0x3f, 0x0, 0x0,
    0x0, 0x0, 0xf, 0x50, 0x0, 0x4, 0xf0, 0x0,
    0x0, 0x0, 0x0, 0xf5, 0x0, 0xbb, 0xcf, 0xbb,
    0xbb, 0x10, 0x3, 0x4f, 0x83, 0x9, 0x9b, 0xf9,
    0x9a, 0xf1, 0x0, 0xbf, 0xff, 0xe0, 0x0, 0x5f,
    0x0, 0x3f, 0x10, 0x0, 0xf, 0x50, 0x7, 0x35,
    0xe0, 0x3, 0xf6, 0x50, 0x0, 0xf5, 0x1, 0xf3,
    0x7d, 0x0, 0x4f, 0x7c, 0x0, 0xf, 0x50, 0x7d,
    0x9, 0xb0, 0x4, 0xf1, 0xf2, 0x0, 0xf5, 0xe,
    0x60, 0xb9, 0x0, 0x5f, 0xc, 0x70, 0xf, 0x55,
    0xf0, 0xf, 0x50, 0x5, 0xe0, 0x8a, 0x0, 0xf5,
    0x3, 0x5, 0xf1, 0x0, 0x6e, 0x0, 0x0, 0xf,
    0x50, 0x0, 0xda, 0x0, 0x7, 0xd0, 0x0, 0x0,
    0xf5, 0x0, 0x7f, 0x20, 0x0, 0x8c, 0x0, 0x0,
    0xf, 0x50, 0x5f, 0x60, 0x45, 0x5e, 0x90, 0x0,
    0x0, 0xf5, 0xa, 0x70, 0x8, 0xff, 0xc1, 0x0,
    0x0, 0x0, 0x0, 0x0, 0x0, 0x0, 0x0, 0x0,
    0x0,

    /* U+5360 "占" */
    0x0, 0x0, 0xb, 0x50, 0x0, 0x0, 0x0, 0x0,
    0x0, 0x0, 0xe7, 0x0, 0x0, 0x0, 0x0, 0x0,
    0x0, 0xe, 0x83, 0x33, 0x33, 0x33, 0x0, 0x0,
    0x0, 0xef, 0xff, 0xff, 0xff, 0xf0, 0x0, 0x0,
    0xe, 0x70, 0x0, 0x0, 0x0, 0x0, 0x0, 0x0,
    0xe7, 0x0, 0x0, 0x0, 0x0, 0x0, 0x0, 0xe,
    0x70, 0x0, 0x0, 0x0, 0x3, 0x44, 0x44, 0xf9,
    0x44, 0x44, 0x41, 0x0, 0xef, 0xff, 0xff, 0xff,
    0xff, 0xff, 0x60, 0xe, 0x60, 0x0, 0x0, 0x0,
    0x0, 0xe6, 0x0, 0xe6, 0x0, 0x0, 0x0, 0x0,
    0xe, 0x60, 0xe, 0x60, 0x0, 0x0, 0x0, 0x0,
    0xe6, 0x0, 0xe6, 0x0, 0x0, 0x0, 0x0, 0xe,
    0x60, 0xe, 0x60, 0x0, 0x0, 0x0, 0x0, 0xe6,
    0x0, 0xef, 0xff, 0xff, 0xff, 0xff, 0xff, 0x60,
    0xe, 0x83, 0x33, 0x33, 0x33, 0x33, 0xe6, 0x0,
    0x0, 0x0, 0x0, 0x0, 0x0, 0x0, 0x0, 0x0,

    /* U+538B "压" */
    0x0, 0xef, 0xff, 0xff, 0xff, 0xff, 0xff, 0xff,
    0x70, 0xe, 0xa5, 0x55, 0x55, 0x55, 0x55, 0x55,
    0x52, 0x0, 0xe7, 0x0, 0x0, 0x8, 0xa0, 0x0,
    0x0, 0x0, 0xe, 0x70, 0x0, 0x0, 0x9c, 0x0,
    0x0, 0x0, 0x0, 0xe7, 0x0, 0x0, 0x9, 0xc0,
    0x0, 0x0, 0x0, 0xe, 0x70, 0x22, 0x22, 0xad,
    0x22, 0x22, 0x10, 0x0, 0xe7, 0x2f, 0xff, 0xff,
    0xff, 0xff, 0xfe, 0x0, 0xf, 0x70, 0x11, 0x11,
    0xad, 0x11, 0x11, 0x10, 0x0, 0xf6, 0x0, 0x0,
    0x9, 0xc0, 0x46, 0x0, 0x0, 0x1f, 0x40, 0x0,
    0x0, 0x9c, 0x5, 0xf5, 0x0, 0x4, 0xf2, 0x0,
    0x0, 0x9, 0xc0, 0x8, 0xf4, 0x0, 0x9e, 0x0,
    0x0, 0x0, 0x9c, 0x0, 0x8, 0x10, 0x1f, 0x80,
    0x0, 0x0, 0x9, 0xc0, 0x0, 0x0, 0x9, 0xf2,
    0x8f, 0xff, 0xff, 0xff, 0xff, 0xff, 0xf9, 0x68,
    0x1, 0x33, 0x33, 0x33, 0x33, 0x33, 0x33, 0x10,
    0x0, 0x0, 0x0, 0x0, 0x0, 0x0, 0x0, 0x0,

    /* U+53D6 "取" */
    0x28, 0x88, 0x88, 0x88, 0x70, 0x0, 0x0, 0x0,
    0x2, 0xaf, 0xba, 0xad, 0xeb, 0xff, 0xff, 0xff,
    0xd0, 0x0, 0xf3, 0x0, 0x9a, 0xd, 0x72, 0x22,
    0x8c, 0x0, 0xf, 0x30, 0x9, 0xa0, 0xa7, 0x0,
    0x9, 0x90, 0x0, 0xfd, 0xdd, 0xea, 0x8, 0x90,
    0x0, 0xc6, 0x0, 0xf, 0x53, 0x3a, 0xa0, 0x6c,
    0x0, 0xf, 0x30, 0x0, 0xf3, 0x0, 0x9a, 0x2,
    0xf0, 0x4, 0xe0, 0x0, 0xf, 0x30, 0x9, 0xa0,
    0xe, 0x40, 0x9a, 0x0, 0x0, 0xff, 0xff, 0xfa,
    0x0, 0xa9, 0xe, 0x40, 0x0, 0xf, 0x30, 0x9,
    0xa0, 0x4, 0xf6, 0xe0, 0x0, 0x0, 0xf3, 0x0,
    0x9a, 0x0, 0xd, 0xf6, 0x0, 0x0, 0xf, 0x55,
    0x7d, 0xee, 0x50, 0xaf, 0x40, 0x0, 0x6e, 0xff,
    0xca, 0xcc, 0x20, 0x8f, 0xaf, 0x30, 0x2, 0x41,
    0x0, 0x9, 0xa0, 0x7f, 0x40, 0xae, 0x40, 0x0,
    0x0, 0x0, 0x9b, 0xbf, 0x50, 0x0, 0xbf, 0x70,
    0x0, 0x0, 0x9, 0xbc, 0x30, 0x0, 0x0, 0x82,
    0x0, 0x0, 0x0, 0x0, 0x0, 0x0, 0x0, 0x0,
    0x0,

    /* U+5546 "商" */
    0x0, 0x0, 0x0, 0x0, 0x0, 0x0, 0x0, 0x0,
    0x0, 0x0, 0x0, 0x0, 0x4e, 0x10, 0x0, 0x0,
    0x0, 0x13, 0x33, 0x33, 0x34, 0xf9, 0x33, 0x33,
    0x33, 0x36, 0xff, 0xff, 0xff, 0xff, 0xff, 0xff,
    0xff, 0xfd, 0x0, 0x0, 0x2d, 0x20, 0x0, 0xb,
    0x50, 0x0, 0x0, 0x0, 0x0, 0x9b, 0x0, 0xa,
    0xd1, 0x0, 0x0, 0x2, 0xff, 0xff, 0xff, 0xff,
    0xff, 0xff, 0xf8, 0x0, 0x3f, 0x33, 0x39, 0x43,
    0x39, 0x33, 0x3c, 0x80, 0x3, 0xf0, 0xa, 0xf3,
    0x2, 0xdd, 0x30, 0xb8, 0x0, 0x3f, 0x3c, 0xd2,
    0x0, 0x0, 0x9f, 0x8b, 0x80, 0x3, 0xf9, 0xba,
    0xff, 0xff, 0xff, 0x67, 0xb8, 0x0, 0x3f, 0x10,
    0x9a, 0x11, 0x13, 0xf1, 0xb, 0x80, 0x3, 0xf0,
    0x9, 0x90, 0x0, 0x2f, 0x10, 0xb8, 0x0, 0x3f,
    0x0, 0x9a, 0x22, 0x24, 0xf1, 0xb, 0x80, 0x3,
    0xf0, 0x9, 0xfe, 0xee, 0xee, 0x0, 0xb8, 0x0,
    0x3f, 0x0, 0x33, 0x0, 0x0, 0x65, 0x5f, 0x70,
    0x3, 0xf0, 0x0, 0x0, 0x0, 0xc, 0xff, 0xc1,
    0x0, 0x3, 0x0, 0x0, 0x0, 0x0, 0x0, 0x0,
    0x0,

    /* U+56DE "回" */
    0x22, 0x22, 0x22, 0x22, 0x22, 0x22, 0x22, 0x1e,
    0xff, 0xff, 0xff, 0xff, 0xff, 0xff, 0xf7, 0xe8,
    0x11, 0x11, 0x11, 0x11, 0x11, 0x1e, 0x7e, 0x70,
    0x0, 0x0, 0x0, 0x0, 0x0, 0xe7, 0xe7, 0x0,
    0x33, 0x33, 0x33, 0x30, 0xe, 0x7e, 0x70, 0x3f,
    0xff, 0xff, 0xfe, 0x0, 0xe7, 0xe7, 0x3, 0xf1,
    0x0, 0x6, 0xe0, 0xe, 0x7e, 0x70, 0x3f, 0x10,
    0x0, 0x6e, 0x0, 0xe7, 0xe7, 0x3, 0xf1, 0x0,
    0x6, 0xe0, 0xe, 0x7e, 0x70, 0x3f, 0x43, 0x33,
    0x8e, 0x0, 0xe7, 0xe7, 0x3, 0xff, 0xff, 0xff,
    0xe0, 0xe, 0x7e, 0x70, 0x3f, 0x10, 0x0, 0x6e,
    0x0, 0xe7, 0xe7, 0x0, 0x0, 0x0, 0x0, 0x0,
    0xe, 0x7e, 0x93, 0x33, 0x33, 0x33, 0x33, 0x33,
    0xe7, 0xef, 0xff, 0xff, 0xff, 0xff, 0xff, 0xff,
    0x7e, 0x70, 0x0, 0x0, 0x0, 0x0, 0x0, 0xe7,

    /* U+56FA "固" */
    0x34, 0x44, 0x44, 0x44, 0x44, 0x44, 0x44, 0x1e,
    0xff, 0xff, 0xff, 0xff, 0xff, 0xff, 0xf6, 0xe5,
    0x0, 0x0, 0x34, 0x0, 0x0, 0xd, 0x6e, 0x50,
    0x0, 0x8, 0xb0, 0x0, 0x0, 0xd6, 0xe5, 0xce,
    0xee, 0xff, 0xee, 0xee, 0x1d, 0x6e, 0x53, 0x33,
    0x3a, 0xc3, 0x33, 0x30, 0xd6, 0xe5, 0x0, 0x0,
    0x8b, 0x0, 0x0, 0xd, 0x6e, 0x50, 0x25, 0x5a,
    0xc5, 0x53, 0x0, 0xd6, 0xe5, 0x6, 0xfc, 0xcc,
    0xce, 0xa0, 0xd, 0x6e, 0x50, 0x6c, 0x0, 0x0,
    0x8a, 0x0, 0xd6, 0xe5, 0x6, 0xc0, 0x0, 0x8,
    0xa0, 0xd, 0x6e, 0x50, 0x6f, 0xff, 0xff, 0xfa,
    0x0, 0xd6, 0xe5, 0x6, 0xc2, 0x22, 0x29, 0xa0,
    0xd, 0x6e, 0x50, 0x0, 0x0, 0x0, 0x0, 0x0,
    0xd6, 0xef, 0xff, 0xff, 0xff, 0xff, 0xff, 0xff,
    0x6e, 0x84, 0x44, 0x44, 0x44, 0x44, 0x44, 0xe6,
    0x0, 0x0, 0x0, 0x0, 0x0, 0x0, 0x0, 0x0,

    /* U+5728 "在" */
    0x0, 0x0, 0x0, 0x0, 0x0, 0x0, 0x0, 0x0,
    0x0, 0x0, 0x0, 0xb, 0xa0, 0x0, 0x0, 0x0,
    0x0, 0x1, 0x11, 0x12, 0xf7, 0x11, 0x11, 0x11,
    0x11, 0x11, 0xff, 0xff, 0xff, 0xff, 0xff, 0xff,
    0xff, 0xfe, 0x2, 0x22, 0x2f, 0x92, 0x22, 0x22,
    0x22, 0x22, 0x20, 0x0, 0x7, 0xf1, 0x0, 0x8,
    0x60, 0x0, 0x0, 0x0, 0x1, 0xe9, 0x0, 0x0,
    0xc9, 0x0, 0x0, 0x0, 0x0, 0xae, 0x10, 0x0,
    0xc, 0x90, 0x0, 0x0, 0x0, 0x5f, 0x70, 0x44,
    0x44, 0xda, 0x44, 0x43, 0x0, 0x2f, 0xf6, 0x1f,
    0xff, 0xff, 0xff, 0xff, 0xe0, 0x1d, 0xde, 0x60,
    0x0, 0x0, 0xc9, 0x0, 0x0, 0x5, 0xe1, 0xe6,
    0x0, 0x0, 0xc, 0x90, 0x0, 0x0, 0x1, 0xe,
    0x60, 0x0, 0x0, 0xc9, 0x0, 0x0, 0x0, 0x0,
    0xe6, 0x0, 0x0, 0xc, 0x90, 0x0, 0x0, 0x0,
    0xe, 0x63, 0x33, 0x33, 0xda, 0x33, 0x33, 0x30,
    0x0, 0xe6, 0xff, 0xff, 0xff, 0xff, 0xff, 0xfd,
    0x0, 0xe, 0x60, 0x0, 0x0, 0x0, 0x0, 0x0,
    0x0,

    /* U+58F0 "声" */
    0x0, 0x0, 0x0, 0x0, 0x43, 0x0, 0x0, 0x0,
    0x0, 0x0, 0x0, 0x0, 0xc, 0x90, 0x0, 0x0,
    0x0, 0x3, 0x33, 0x33, 0x33, 0xca, 0x33, 0x33,
    0x33, 0x22, 0xff, 0xff, 0xff, 0xff, 0xff, 0xff,
    0xff, 0xfe, 0x0, 0x0, 0x0, 0x0, 0xc9, 0x0,
    0x0, 0x0, 0x0, 0xa, 0xdd, 0xdd, 0xdf, 0xed,
    0xdd, 0xdd, 0x70, 0x0, 0x45, 0x55, 0x55, 0x55,
    0x55, 0x55, 0x53, 0x0, 0x0, 0x11, 0x11, 0x11,
    0x11, 0x11, 0x11, 0x0, 0x0, 0x4f, 0xff, 0xff,
    0xff, 0xff, 0xff, 0xf0, 0x0, 0x4, 0xf1, 0x0,
    0xc, 0x80, 0x0, 0x4f, 0x0, 0x0, 0x4f, 0x0,
    0x0, 0xc8, 0x0, 0x4, 0xf0, 0x0, 0x5, 0xf5,
    0x55, 0x5d, 0xa5, 0x55, 0x8f, 0x0, 0x0, 0x7f,
    0xcc, 0xcc, 0xcc, 0xcc, 0xcd, 0xf0, 0x0, 0xb,
    0xb0, 0x0, 0x0, 0x0, 0x0, 0x15, 0x0, 0x2,
    0xf6, 0x0, 0x0, 0x0, 0x0, 0x0, 0x0, 0x1,
    0xdd, 0x0, 0x0, 0x0, 0x0, 0x0, 0x0, 0x0,
    0x3e, 0x20, 0x0, 0x0, 0x0, 0x0, 0x0, 0x0,
    0x0, 0x0, 0x0, 0x0, 0x0, 0x0, 0x0, 0x0,
    0x0,

    /* U+590D "复" */
    0x0, 0x0, 0x21, 0x0, 0x0, 0x0, 0x0, 0x0,
    0x0, 0x0, 0x3f, 0x30, 0x0, 0x0, 0x0, 0x0,
    0x0, 0x0, 0xd, 0xff, 0xff, 0xff, 0xff, 0xff,
    0xff, 0x80, 0x9, 0xb1, 0x11, 0x11, 0x11, 0x11,
    0x11, 0x10, 0x7, 0xed, 0xdd, 0xdd, 0xdd, 0xdd,
    0xdd, 0xc0, 0x7, 0xe5, 0xe3, 0x33, 0x33, 0x33,
    0x33, 0x6e, 0x0, 0x33, 0x3e, 0x11, 0x11, 0x11,
    0x11, 0x14, 0xe0, 0x0, 0x3, 0xfe, 0xee, 0xee,
    0xee, 0xee, 0xfe, 0x0, 0x0, 0x3e, 0x0, 0x0,
    0x0, 0x0, 0x4, 0xe0, 0x0, 0x3, 0xff, 0xff,
    0xff, 0xff, 0xff, 0xfe, 0x0, 0x0, 0x16, 0x3c,
    0x51, 0x11, 0x11, 0x11, 0x40, 0x0, 0x0, 0x2e,
    0xfd, 0xdd, 0xdd, 0xdd, 0xdd, 0x0, 0x0, 0x5e,
    0xce, 0x41, 0x11, 0x12, 0xaf, 0x50, 0x2, 0xaf,
    0x50, 0x5e, 0x92, 0x17, 0xeb, 0x20, 0x0, 0x5a,
    0x10, 0x0, 0x2d, 0xff, 0xf7, 0x10, 0x0, 0x0,
    0x14, 0x7a, 0xdf, 0xc7, 0x6b, 0xff, 0xdb, 0x96,
    0x7, 0xfc, 0x85, 0x10, 0x0, 0x0, 0x37, 0xac,
    0x50, 0x0, 0x0, 0x0, 0x0, 0x0, 0x0, 0x0,
    0x0,

    /* U+5931 "失" */
    0x0, 0x0, 0x0, 0x0, 0x22, 0x0, 0x0, 0x0,
    0x0, 0x0, 0x6, 0x10, 0xb, 0xb0, 0x0, 0x0,
    0x0, 0x0, 0x4, 0xf1, 0x0, 0xba, 0x0, 0x0,
    0x0, 0x0, 0x0, 0xbb, 0x0, 0xb, 0xa0, 0x0,
    0x0, 0x0, 0x0, 0x2f, 0xff, 0xff, 0xff, 0xff,
    0xff, 0xfd, 0x0, 0xb, 0xc4, 0x44, 0x4d, 0xb4,
    0x44, 0x44, 0x40, 0x6, 0xf2, 0x0, 0x0, 0xc9,
    0x0, 0x0, 0x0, 0x0, 0x67, 0x0, 0x0, 0xd,
    0x80, 0x0, 0x0, 0x0, 0x13, 0x33, 0x33, 0x33,
    0xea, 0x33, 0x33, 0x33, 0x24, 0xff, 0xff, 0xff,
    0xff, 0xff, 0xff, 0xff, 0xfc, 0x0, 0x0, 0x0,
    0x5, 0xfd, 0x0, 0x0, 0x0, 0x0, 0x0, 0x0,
    0x0, 0xda, 0xd6, 0x0, 0x0, 0x0, 0x0, 0x0,
    0x0, 0x9f, 0x25, 0xf3, 0x0, 0x0, 0x0, 0x0,
    0x0, 0x9f, 0x50, 0x8, 0xf4, 0x0, 0x0, 0x0,
    0x4, 0xdf, 0x50, 0x0, 0x9, 0xfa, 0x20, 0x0,
    0x5c, 0xfc, 0x20, 0x0, 0x0, 0x4, 0xef, 0xc6,
    0x2f, 0xd5, 0x0, 0x0, 0x0, 0x0, 0x0, 0x6d,
    0x60, 0x20, 0x0, 0x0, 0x0, 0x0, 0x0, 0x0,
    0x0,

    /* U+5B9A "定" */
    0x0, 0x0, 0x0, 0x0, 0x0, 0x0, 0x0, 0x0,
    0x0, 0x0, 0x0, 0x0, 0x8e, 0x10, 0x0, 0x0,
    0x0, 0x2, 0x22, 0x22, 0x24, 0xf9, 0x22, 0x22,
    0x21, 0x0, 0xff, 0xff, 0xff, 0xff, 0xff, 0xff,
    0xff, 0xc0, 0xf, 0x62, 0x22, 0x22, 0x22, 0x22,
    0x22, 0x8c, 0x0, 0xf5, 0x0, 0x0, 0x0, 0x0,
    0x0, 0x7, 0xc0, 0x24, 0x44, 0x44, 0x44, 0x44,
    0x44, 0x44, 0x44, 0x9, 0xff, 0xff, 0xff, 0xff,
    0xff, 0xff, 0xff, 0xf2, 0x0, 0x0, 0x0, 0x0,
    0xe7, 0x0, 0x0, 0x0, 0x0, 0x0, 0xb6, 0x0,
    0xe, 0x70, 0x0, 0x0, 0x0, 0x0, 0xf, 0x60,
    0x0, 0xea, 0x44, 0x44, 0x41, 0x0, 0x3, 0xf2,
    0x0, 0xe, 0xff, 0xff, 0xff, 0x50, 0x0, 0x8f,
    0x30, 0x0, 0xe7, 0x0, 0x0, 0x0, 0x0, 0xe,
    0xfc, 0x0, 0xe, 0x70, 0x0, 0x0, 0x0, 0x8,
    0xf3, 0xeb, 0x10, 0xe7, 0x0, 0x0, 0x0, 0x4,
    0xf8, 0x3, 0xee, 0x9f, 0xa5, 0x44, 0x45, 0x52,
    0xcc, 0x0, 0x1, 0x7c, 0xef, 0xff, 0xff, 0xff,
    0x33, 0x10, 0x0, 0x0, 0x0, 0x0, 0x0, 0x0,
    0x0,

    /* U+5B9E "实" */
    0x0, 0x0, 0x0, 0x0, 0x20, 0x0, 0x0, 0x0,
    0x0, 0x0, 0x0, 0x0, 0x2f, 0x60, 0x0, 0x0,
    0x0, 0x0, 0x0, 0x0, 0x0, 0xad, 0x0, 0x0,
    0x0, 0x0, 0xdf, 0xff, 0xff, 0xff, 0xff, 0xff,
    0xff, 0xf4, 0xe, 0x94, 0x44, 0x44, 0x44, 0x44,
    0x44, 0x4f, 0x50, 0xe6, 0xa, 0x81, 0x0, 0x7e,
    0x0, 0x0, 0xf5, 0x0, 0x0, 0x4d, 0xf7, 0x7,
    0xe0, 0x0, 0x0, 0x0, 0x0, 0x30, 0x7, 0xa0,
    0x8d, 0x0, 0x0, 0x0, 0x0, 0x4f, 0xb3, 0x0,
    0x9, 0xc0, 0x0, 0x0, 0x0, 0x0, 0x2b, 0xf7,
    0x0, 0xbb, 0x0, 0x0, 0x0, 0x0, 0x0, 0x4,
    0x10, 0xd, 0x80, 0x0, 0x0, 0x3, 0xff, 0xff,
    0xff, 0xff, 0xff, 0xff, 0xff, 0xfb, 0x4, 0x44,
    0x44, 0x44, 0xee, 0x44, 0x44, 0x44, 0x30, 0x0,
    0x0, 0x1, 0xcf, 0xfc, 0x50, 0x0, 0x0, 0x0,
    0x0, 0x29, 0xfd, 0x22, 0x9f, 0xe7, 0x0, 0x1,
    0x48, 0xdf, 0xe6, 0x0, 0x0, 0x18, 0xff, 0x91,
    0x2f, 0xea, 0x40, 0x0, 0x0, 0x0, 0x1, 0x8e,
    0x40, 0x10, 0x0, 0x0, 0x0, 0x0, 0x0, 0x0,
    0x0,

    /* U+5C4F "屏" */
    0x0, 0x23, 0x33, 0x33, 0x33, 0x33, 0x33, 0x32,
    0x0, 0xe, 0xff, 0xff, 0xff, 0xff, 0xff, 0xff,
    0xe0, 0x0, 0xe5, 0x0, 0x0, 0x0, 0x0, 0x0,
    0x5e, 0x0, 0xe, 0x73, 0x33, 0x33, 0x33, 0x33,
    0x37, 0xe0, 0x0, 0xef, 0xff, 0xff, 0xff, 0xff,
    0xff, 0xfe, 0x0, 0xe, 0x50, 0x9, 0xb0, 0x0,
    0x2e, 0x31, 0x40, 0x0, 0xe4, 0x0, 0x1d, 0x60,
    0xc, 0xa0, 0x0, 0x0, 0xe, 0x5f, 0xff, 0xff,
    0xff, 0xff, 0xff, 0xc0, 0x0, 0xf4, 0x33, 0x5f,
    0x33, 0x37, 0xe3, 0x32, 0x0, 0xf, 0x30, 0x3,
    0xf0, 0x0, 0x5e, 0x0, 0x0, 0x2, 0xf5, 0x33,
    0x6f, 0x33, 0x37, 0xe3, 0x33, 0x20, 0x5f, 0xff,
    0xff, 0xff, 0xff, 0xff, 0xff, 0xfa, 0x9, 0xd0,
    0x0, 0xab, 0x0, 0x5, 0xe0, 0x0, 0x0, 0xf8,
    0x0, 0x3f, 0x50, 0x0, 0x5e, 0x0, 0x0, 0x9e,
    0x10, 0x2e, 0xa0, 0x0, 0x5, 0xe0, 0x0, 0x8,
    0x50, 0x8, 0xa0, 0x0, 0x0, 0x5e, 0x0, 0x0,
    0x0, 0x0, 0x0, 0x0, 0x0, 0x0, 0x0, 0x0,
    0x0,

    /* U+5DF2 "已" */
    0x7f, 0xff, 0xff, 0xff, 0xff, 0xff, 0xfe, 0x0,
    0x13, 0x33, 0x33, 0x33, 0x33, 0x33, 0x9e, 0x0,
    0x0, 0x0, 0x0, 0x0, 0x0, 0x0, 0x7e, 0x0,
    0xd, 0x50, 0x0, 0x0, 0x0, 0x0, 0x7e, 0x0,
    0xf, 0x60, 0x0, 0x0, 0x0, 0x0, 0x7e, 0x0,
    0xf, 0x94, 0x44, 0x44, 0x44, 0x44, 0xae, 0x0,
    0xf, 0xff, 0xff, 0xff, 0xff, 0xff, 0xfe, 0x0,
    0xf, 0x60, 0x0, 0x0, 0x0, 0x0, 0x5a, 0x0,
    0xf, 0x60, 0x0, 0x0, 0x0, 0x0, 0x0, 0x0,
    0xf, 0x60, 0x0, 0x0, 0x0, 0x0, 0x0, 0x54,
    0xf, 0x60, 0x0, 0x0, 0x0, 0x0, 0x0, 0xbb,
    0xf, 0x60, 0x0, 0x0, 0x0, 0x0, 0x0, 0xe9,
    0xf, 0xb0, 0x0, 0x0, 0x0, 0x0, 0x6, 0xf5,
    0x8, 0xff, 0xff, 0xff, 0xff, 0xff, 0xff, 0xc0,
    0x0, 0x46, 0x77, 0x77, 0x77, 0x77, 0x64, 0x0,

    /* U+5E55 "幕" */
    0x0, 0x0, 0x0, 0x0, 0x0, 0x0, 0x0, 0x0,
    0x0, 0x0, 0x0, 0x8a, 0x0, 0xa, 0x80, 0x0,
    0x0, 0x5e, 0xee, 0xef, 0xfe, 0xee, 0xff, 0xee,
    0xee, 0x50, 0x0, 0x0, 0x78, 0x0, 0x8, 0x70,
    0x0, 0x0, 0x0, 0x5d, 0xdd, 0xdd, 0xdd, 0xdd,
    0xdd, 0x50, 0x0, 0x6, 0xc1, 0x11, 0x11, 0x11,
    0x11, 0xc6, 0x0, 0x0, 0x6f, 0xee, 0xee, 0xee,
    0xee, 0xef, 0x60, 0x0, 0x6, 0xc0, 0x0, 0x0,
    0x0, 0x0, 0xc6, 0x0, 0x0, 0x6f, 0xff, 0xff,
    0xff, 0xff, 0xff, 0x60, 0x0, 0x1, 0x30, 0x6e,
    0x20, 0x0, 0x0, 0x31, 0x0, 0x3f, 0xff, 0xff,
    0xff, 0xff, 0xff, 0xff, 0xff, 0x30, 0x2, 0xcb,
    0x10, 0x2f, 0x0, 0x3c, 0x91, 0x0, 0x3a, 0xed,
    0xdd, 0xdd, 0xfd, 0xdd, 0xde, 0xfb, 0x57, 0x91,
    0x98, 0x11, 0x3f, 0x11, 0x17, 0xc1, 0x85, 0x0,
    0x9, 0x80, 0x2, 0xf0, 0x0, 0x7b, 0x0, 0x0,
    0x0, 0x98, 0x0, 0x2f, 0xc, 0xff, 0x60, 0x0,
    0x0, 0x0, 0x0, 0x2, 0xf0, 0x1, 0x0, 0x0,
    0x0,

    /* U+5E94 "应" */
    0x0, 0x0, 0x0, 0x0, 0x11, 0x0, 0x0, 0x0,
    0x0, 0x0, 0x0, 0x0, 0xd, 0xb0, 0x0, 0x0,
    0x0, 0x0, 0x0, 0x0, 0x0, 0x4f, 0x30, 0x0,
    0x0, 0x0, 0xe, 0xff, 0xff, 0xff, 0xff, 0xff,
    0xff, 0xf5, 0x0, 0xf9, 0x55, 0x55, 0x55, 0x55,
    0x55, 0x55, 0x10, 0xf, 0x70, 0x0, 0x1, 0x30,
    0x0, 0x0, 0x0, 0x0, 0xf7, 0x35, 0x0, 0xac,
    0x0, 0x6, 0xe1, 0x0, 0xf, 0x78, 0xd0, 0x6,
    0xf0, 0x0, 0xae, 0x0, 0x0, 0xf7, 0x4f, 0x20,
    0x2f, 0x40, 0xe, 0x90, 0x0, 0xf, 0x60, 0xf7,
    0x0, 0xf7, 0x3, 0xf4, 0x0, 0x0, 0xf5, 0xb,
    0xc0, 0xc, 0xb0, 0x7f, 0x0, 0x0, 0x2f, 0x30,
    0x7f, 0x0, 0x9e, 0xc, 0xa0, 0x0, 0x5, 0xf0,
    0x3, 0xf4, 0x5, 0x71, 0xf5, 0x0, 0x0, 0x9d,
    0x0, 0x7, 0x20, 0x0, 0x6f, 0x0, 0x0, 0xe,
    0x80, 0x0, 0x0, 0x0, 0xc, 0xa0, 0x0, 0x8,
    0xf2, 0x9f, 0xff, 0xff, 0xff, 0xff, 0xff, 0xf8,
    0x98, 0x2, 0x44, 0x44, 0x44, 0x44, 0x44, 0x44,
    0x20, 0x0, 0x0, 0x0, 0x0, 0x0, 0x0, 0x0,
    0x0,

    /* U+5EA6 "度" */
    0x0, 0x0, 0x0, 0x0, 0x0, 0x0, 0x0, 0x0,
    0x0, 0x0, 0x0, 0x0, 0xb, 0xa0, 0x0, 0x0,
    0x0, 0x0, 0x33, 0x33, 0x33, 0x8f, 0x53, 0x33,
    0x33, 0x10, 0xf, 0xff, 0xff, 0xff, 0xff, 0xff,
    0xff, 0xf7, 0x0, 0xf4, 0x0, 0x93, 0x0, 0x0,
    0xa3, 0x0, 0x0, 0xf, 0x53, 0x3e, 0x73, 0x33,
    0x3f, 0x73, 0x31, 0x0, 0xf9, 0xee, 0xff, 0xee,
    0xee, 0xfe, 0xee, 0x40, 0xf, 0x40, 0xe, 0x50,
    0x0, 0xf, 0x50, 0x0, 0x0, 0xf3, 0x0, 0xef,
    0xff, 0xff, 0xf5, 0x0, 0x0, 0x1f, 0x30, 0xc,
    0x51, 0x11, 0x1c, 0x40, 0x0, 0x2, 0xf2, 0x22,
    0x22, 0x22, 0x22, 0x22, 0x10, 0x0, 0x3f, 0x1d,
    0xff, 0xff, 0xff, 0xff, 0xf8, 0x0, 0x6, 0xf0,
    0x2, 0xe7, 0x0, 0x1, 0xcd, 0x10, 0x0, 0x9c,
    0x0, 0x3, 0xea, 0x15, 0xeb, 0x10, 0x0, 0xe,
    0x80, 0x0, 0x2, 0xef, 0xf8, 0x0, 0x0, 0x5,
    0xf2, 0x1, 0x49, 0xee, 0x9d, 0xfc, 0x75, 0x20,
    0xba, 0x2e, 0xff, 0xb5, 0x0, 0x3, 0x9d, 0xff,
    0x61, 0x10, 0x53, 0x0, 0x0, 0x0, 0x0, 0x0,
    0x30,

    /* U+5F85 "待" */
    0x0, 0x0, 0x0, 0x0, 0x0, 0x10, 0x0, 0x0,
    0x0, 0x0, 0x3d, 0x0, 0x0, 0xe, 0x70, 0x0,
    0x0, 0x0, 0xd, 0x80, 0x0, 0x0, 0xe7, 0x0,
    0x0, 0x0, 0xa, 0xc0, 0x1f, 0xff, 0xff, 0xff,
    0xff, 0xa0, 0xa, 0xe2, 0x0, 0x33, 0x33, 0xe8,
    0x33, 0x32, 0x8, 0xf3, 0x9, 0x0, 0x0, 0xe,
    0x70, 0x0, 0x0, 0x33, 0x8, 0xd3, 0x33, 0x33,
    0xe8, 0x33, 0x33, 0x10, 0x3, 0xf5, 0xdf, 0xff,
    0xff, 0xff, 0xff, 0xf5, 0x0, 0xdf, 0x0, 0x0,
    0x0, 0x0, 0x38, 0x0, 0x0, 0xaf, 0xe0, 0x0,
    0x0, 0x0, 0x6, 0xe0, 0x0, 0x8f, 0x8e, 0xd,
    0xff, 0xff, 0xff, 0xff, 0xff, 0x86, 0x45, 0xe0,
    0x12, 0x42, 0x22, 0x28, 0xe2, 0x21, 0x0, 0x5e,
    0x0, 0x5e, 0x20, 0x0, 0x6e, 0x0, 0x0, 0x5,
    0xe0, 0x0, 0xbd, 0x10, 0x6, 0xe0, 0x0, 0x0,
    0x5e, 0x0, 0x1, 0xb1, 0x0, 0x6e, 0x0, 0x0,
    0x5, 0xe0, 0x0, 0x0, 0x54, 0x4c, 0xd0, 0x0,
    0x0, 0x5e, 0x0, 0x0, 0xd, 0xff, 0xe5, 0x0,
    0x0, 0x0, 0x0, 0x0, 0x0, 0x0, 0x0, 0x0,
    0x0,

    /* U+5FD9 "忙" */
    0x0, 0x3, 0x0, 0x0, 0x0, 0x0, 0x0, 0x0,
    0x0, 0x4, 0xf1, 0x0, 0x0, 0xc, 0x80, 0x0,
    0x0, 0x0, 0x4f, 0x10, 0x0, 0x0, 0x7f, 0x20,
    0x0, 0x0, 0x4, 0xf1, 0x0, 0x0, 0x0, 0xe9,
    0x0, 0x0, 0x0, 0x4f, 0x10, 0x15, 0x55, 0x58,
    0x65, 0x55, 0x50, 0xd5, 0xfe, 0x85, 0xef, 0xee,
    0xee, 0xee, 0xed, 0x3e, 0x4f, 0x4f, 0x52, 0xf3,
    0x0, 0x0, 0x0, 0x6, 0xc4, 0xf1, 0x77, 0x2f,
    0x30, 0x0, 0x0, 0x0, 0xa9, 0x4f, 0x10, 0x2,
    0xf3, 0x0, 0x0, 0x0, 0x2, 0x24, 0xf1, 0x0,
    0x2f, 0x30, 0x0, 0x0, 0x0, 0x0, 0x4f, 0x10,
    0x2, 0xf3, 0x0, 0x0, 0x0, 0x0, 0x4, 0xf1,
    0x0, 0x2f, 0x30, 0x0, 0x0, 0x0, 0x0, 0x4f,
    0x10, 0x2, 0xf3, 0x0, 0x0, 0x0, 0x0, 0x4,
    0xf1, 0x0, 0x2f, 0x30, 0x0, 0x0, 0x0, 0x0,
    0x4f, 0x10, 0x2, 0xf3, 0x0, 0x0, 0x0, 0x0,
    0x4, 0xf1, 0x0, 0x2f, 0xff, 0xff, 0xff, 0xf1,
    0x0, 0x4f, 0x10, 0x0, 0x44, 0x44, 0x44, 0x44,
    0x0,

    /* U+6062 "恢" */
    0x0, 0x13, 0x0, 0x0, 0x51, 0x0, 0x0, 0x0,
    0x0, 0x0, 0x5e, 0x0, 0x1, 0xf2, 0x0, 0x0,
    0x0, 0x0, 0x0, 0x5e, 0x0, 0x2, 0xf1, 0x0,
    0x0, 0x0, 0x0, 0x0, 0x5e, 0x5, 0xff, 0xff,
    0xff, 0xff, 0xff, 0xe0, 0x2, 0x5f, 0xa2, 0x38,
    0xe3, 0x33, 0x33, 0x33, 0x20, 0xf, 0x7e, 0xad,
    0x9, 0xb0, 0x8, 0x80, 0x0, 0x0, 0x1f, 0x5e,
    0xa, 0x2d, 0x80, 0xa, 0x90, 0x0, 0x0, 0x4d,
    0x5e, 0x0, 0x1f, 0x60, 0xb, 0x80, 0x3, 0x0,
    0x7a, 0x5e, 0x0, 0x7e, 0xe6, 0xc, 0x80, 0x1e,
    0x70, 0x0, 0x5e, 0x0, 0xd8, 0x6f, 0x1e, 0xc0,
    0xbc, 0x0, 0x0, 0x5e, 0x5, 0xf2, 0xc, 0x7f,
    0xf5, 0xe1, 0x0, 0x0, 0x5e, 0xd, 0xa0, 0x0,
    0x7d, 0xc8, 0x0, 0x0, 0x0, 0x5e, 0x8f, 0x10,
    0x1, 0xe7, 0x6f, 0x10, 0x0, 0x0, 0x5e, 0x76,
    0x0, 0xa, 0xd0, 0xd, 0xb0, 0x0, 0x0, 0x5e,
    0x0, 0x0, 0x9f, 0x30, 0x3, 0xf9, 0x0, 0x0,
    0x5e, 0x0, 0x1b, 0xf5, 0x0, 0x0, 0x5f, 0xc0,
    0x0, 0x5e, 0x0, 0x1c, 0x30, 0x0, 0x0, 0x5,
    0x50, 0x0, 0x0, 0x0, 0x0, 0x0, 0x0, 0x0,
    0x0, 0x0,

    /* U+6216 "或" */
    0x0, 0x0, 0x0, 0x0, 0x0, 0x0, 0x0, 0x0,
    0x0, 0x0, 0x0, 0x0, 0x0, 0x7, 0xe0, 0x9b,
    0x10, 0x0, 0x0, 0x0, 0x0, 0x0, 0x6, 0xe0,
    0x1b, 0xf4, 0x0, 0x2, 0x22, 0x22, 0x22, 0x27,
    0xf2, 0x22, 0x83, 0x20, 0x4f, 0xff, 0xff, 0xff,
    0xff, 0xff, 0xff, 0xff, 0xd0, 0x1, 0x11, 0x11,
    0x11, 0x15, 0xf1, 0x11, 0x11, 0x0, 0x0, 0x33,
    0x33, 0x33, 0x3, 0xf0, 0x0, 0x0, 0x0, 0x1,
    0xff, 0xff, 0xfe, 0x2, 0xf1, 0x0, 0xc7, 0x0,
    0x1, 0xf2, 0x0, 0x4e, 0x0, 0xf3, 0x3, 0xf3,
    0x0, 0x1, 0xf2, 0x0, 0x4e, 0x0, 0xe5, 0xa,
    0xc0, 0x0, 0x1, 0xf5, 0x33, 0x7e, 0x0, 0xb8,
    0x3f, 0x40, 0x0, 0x1, 0xff, 0xff, 0xfe, 0x0,
    0x8c, 0xca, 0x0, 0x0, 0x1, 0xf2, 0x0, 0x28,
    0x0, 0x3f, 0xe1, 0x1, 0x30, 0x0, 0x0, 0x0,
    0x13, 0x40, 0x6f, 0x90, 0x4, 0xf0, 0x15, 0x7a,
    0xce, 0xff, 0xa6, 0xfb, 0xf2, 0x7, 0xd0, 0x5e,
    0xc9, 0x64, 0x10, 0x9f, 0x60, 0xae, 0x5c, 0x90,
    0x0, 0x0, 0x0, 0x5, 0xe4, 0x0, 0x8, 0xee,
    0x20, 0x0, 0x0, 0x0, 0x0, 0x0, 0x0, 0x0,
    0x0, 0x0,

    /* U+62D2 "拒" */
    0x0, 0x4f, 0x0, 0x1, 0x11, 0x11, 0x11, 0x11,
    0x0, 0x4, 0xf0, 0x5, 0xff, 0xff, 0xff, 0xff,
    0xf6, 0x0, 0x4f, 0x0, 0x5f, 0x22, 0x22, 0x22,
    0x22, 0x5, 0xbc, 0xfb, 0xb5, 0xf0, 0x0, 0x0,
    0x0, 0x0, 0x37, 0x9f, 0x77, 0x5f, 0x11, 0x11,
    0x11, 0x10, 0x0, 0x4, 0xf0, 0x5, 0xff, 0xff,
    0xff, 0xff, 0x50, 0x0, 0x4f, 0x0, 0x5f, 0x22,
    0x22, 0x22, 0xf5, 0x0, 0x4, 0xf4, 0x96, 0xf0,
    0x0, 0x0, 0xf, 0x50, 0x37, 0xcf, 0xfb, 0x6f,
    0x0, 0x0, 0x0, 0xf5, 0xa, 0xec, 0xf1, 0x5,
    0xf3, 0x33, 0x33, 0x3f, 0x50, 0x10, 0x4f, 0x0,
    0x5f, 0xff, 0xff, 0xff, 0xf5, 0x0, 0x4, 0xf0,
    0x5, 0xf0, 0x0, 0x0, 0x7, 0x20, 0x0, 0x4f,
    0x0, 0x5f, 0x0, 0x0, 0x0, 0x0, 0x0, 0x4,
    0xf0, 0x5, 0xf0, 0x0, 0x0, 0x0, 0x0, 0x34,
    0xaf, 0x0, 0x5f, 0xff, 0xff, 0xff, 0xff, 0x98,
    0xff, 0x80, 0x1, 0x44, 0x44, 0x44, 0x44, 0x42,
    0x0, 0x0, 0x0, 0x0, 0x0, 0x0, 0x0, 0x0,
    0x0,

    /* U+6301 "持" */
    0x0, 0x1, 0x0, 0x0, 0x0, 0x1, 0x0, 0x0,
    0x0, 0x7, 0xd0, 0x0, 0x0, 0x6, 0xe0, 0x0,
    0x0, 0x0, 0x7d, 0x0, 0x0, 0x0, 0x6e, 0x0,
    0x0, 0x0, 0x7, 0xd0, 0x3, 0xcc, 0xcd, 0xfc,
    0xcc, 0xa0, 0x9f, 0xff, 0xff, 0x16, 0x66, 0x9f,
    0x66, 0x64, 0x2, 0x39, 0xe3, 0x30, 0x0, 0x6,
    0xe0, 0x0, 0x0, 0x0, 0x7d, 0x0, 0x33, 0x33,
    0x8f, 0x33, 0x33, 0x20, 0x7, 0xd0, 0x3f, 0xff,
    0xff, 0xff, 0xff, 0xfd, 0x0, 0x7e, 0x56, 0x0,
    0x0, 0x0, 0x8, 0x10, 0x5, 0xae, 0xfd, 0x70,
    0x0, 0x0, 0x1, 0xf3, 0x0, 0x9a, 0xbd, 0x2,
    0xff, 0xff, 0xff, 0xff, 0xff, 0xa0, 0x7, 0xd0,
    0x3, 0x64, 0x33, 0x34, 0xf6, 0x32, 0x0, 0x7d,
    0x0, 0xd, 0xa0, 0x0, 0x1f, 0x30, 0x0, 0x7,
    0xd0, 0x0, 0x2f, 0x70, 0x1, 0xf3, 0x0, 0x0,
    0x7d, 0x0, 0x0, 0x66, 0x0, 0x1f, 0x30, 0x3,
    0x4b, 0xc0, 0x0, 0x0, 0x4, 0x36, 0xf2, 0x0,
    0x7f, 0xf5, 0x0, 0x0, 0x0, 0xff, 0xfa, 0x0,
    0x0, 0x0, 0x0, 0x0, 0x0, 0x0, 0x0, 0x0,
    0x0,

    /* U+6309 "按" */
    0x0, 0x0, 0x0, 0x0, 0x0, 0x0, 0x0, 0x0,
    0x0, 0x5, 0xc0, 0x0, 0x0, 0xd, 0x80, 0x0,
    0x0, 0x0, 0x6d, 0x0, 0x0, 0x0, 0x7f, 0x10,
    0x0, 0x0, 0x6, 0xd0, 0x7, 0xbb, 0xbc, 0xeb,
    0xbb, 0xb4, 0x4f, 0xff, 0xfc, 0xac, 0x77, 0x77,
    0x77, 0x7f, 0x61, 0x38, 0xd3, 0x2a, 0xa0, 0x69,
    0x0, 0x0, 0xe6, 0x0, 0x6d, 0x0, 0x11, 0xc,
    0xb0, 0x0, 0x2, 0x10, 0x6, 0xd0, 0x0, 0x3,
    0xf4, 0x0, 0x0, 0x0, 0x0, 0x6e, 0xb5, 0xef,
    0xff, 0xff, 0xff, 0xff, 0xc2, 0x9e, 0xfa, 0x23,
    0x5f, 0x74, 0x44, 0xe9, 0x43, 0x7d, 0xbd, 0x0,
    0x9, 0xd0, 0x0, 0x3f, 0x20, 0x0, 0x6, 0xd0,
    0x1, 0xfa, 0x10, 0xb, 0xc0, 0x0, 0x0, 0x6d,
    0x0, 0x5, 0xdf, 0x87, 0xf3, 0x0, 0x0, 0x6,
    0xd0, 0x0, 0x0, 0x5e, 0xfc, 0x0, 0x0, 0x0,
    0x6d, 0x0, 0x0, 0x3b, 0xf9, 0xee, 0x60, 0x2,
    0x5a, 0xc0, 0x38, 0xdf, 0xb2, 0x1, 0x9f, 0xc3,
    0x4f, 0xf5, 0xe, 0xd8, 0x20, 0x0, 0x0, 0x3d,
    0x50, 0x0, 0x0, 0x10, 0x0, 0x0, 0x0, 0x0,
    0x0,

    /* U+652F "支" */
    0x0, 0x0, 0x0, 0x0, 0x20, 0x0, 0x0, 0x0,
    0x0, 0x0, 0x0, 0x0, 0x4f, 0x10, 0x0, 0x0,
    0x0, 0x0, 0x0, 0x0, 0x4, 0xf1, 0x0, 0x0,
    0x0, 0xb, 0xff, 0xff, 0xff, 0xff, 0xff, 0xff,
    0xff, 0xf4, 0x34, 0x44, 0x44, 0x47, 0xf5, 0x44,
    0x44, 0x44, 0x10, 0x0, 0x0, 0x0, 0x4f, 0x10,
    0x0, 0x0, 0x0, 0x0, 0x11, 0x11, 0x15, 0xf3,
    0x11, 0x11, 0x0, 0x0, 0x2f, 0xff, 0xff, 0xff,
    0xff, 0xff, 0xc0, 0x0, 0x0, 0x16, 0xf3, 0x11,
    0x11, 0x12, 0xf8, 0x0, 0x0, 0x0, 0xe, 0x90,
    0x0, 0x0, 0x9f, 0x10, 0x0, 0x0, 0x0, 0x5f,
    0x30, 0x0, 0x4f, 0x60, 0x0, 0x0, 0x0, 0x0,
    0xae, 0x10, 0x3f, 0x90, 0x0, 0x0, 0x0, 0x0,
    0x0, 0xdd, 0x6f, 0xb0, 0x0, 0x0, 0x0, 0x0,
    0x0, 0x2, 0xff, 0xd1, 0x0, 0x0, 0x0, 0x0,
    0x0, 0x39, 0xfd, 0x9f, 0xf9, 0x30, 0x0, 0x1,
    0x49, 0xef, 0xd6, 0x0, 0x29, 0xff, 0xfb, 0x82,
    0x9f, 0xd8, 0x30, 0x0, 0x0, 0x0, 0x49, 0xde,
    0x0, 0x20, 0x0, 0x0, 0x0, 0x0, 0x0, 0x0,
    0x0,

    /* U+6587 "文" */
    0x0, 0x0, 0x0, 0x0, 0x0, 0x0, 0x0, 0x0,
    0x0, 0x0, 0x0, 0x0, 0xca, 0x0, 0x0, 0x0,
    0x0, 0x0, 0x0, 0x0, 0x6, 0xf4, 0x0, 0x0,
    0x0, 0x2, 0x44, 0x44, 0x44, 0x4d, 0x74, 0x44,
    0x44, 0x40, 0xaf, 0xff, 0xff, 0xff, 0xff, 0xff,
    0xff, 0xff, 0x30, 0x0, 0x7e, 0x0, 0x0, 0x0,
    0x6f, 0x0, 0x0, 0x0, 0x2, 0xf2, 0x0, 0x0,
    0xa, 0xc0, 0x0, 0x0, 0x0, 0xd, 0x80, 0x0,
    0x0, 0xe7, 0x0, 0x0, 0x0, 0x0, 0x6e, 0x0,
    0x0, 0x5f, 0x10, 0x0, 0x0, 0x0, 0x0, 0xe8,
    0x0, 0xe, 0x90, 0x0, 0x0, 0x0, 0x0, 0x5,
    0xf4, 0x9, 0xe1, 0x0, 0x0, 0x0, 0x0, 0x0,
    0x9, 0xf9, 0xf4, 0x0, 0x0, 0x0, 0x0, 0x0,
    0x0, 0x1e, 0xfa, 0x0, 0x0, 0x0, 0x0, 0x0,
    0x0, 0x5e, 0xfb, 0xfb, 0x30, 0x0, 0x0, 0x0,
    0x17, 0xdf, 0xa1, 0x5, 0xef, 0xc6, 0x10, 0x5,
    0xbf, 0xfa, 0x30, 0x0, 0x0, 0x6d, 0xff, 0xc1,
    0x4e, 0x82, 0x0, 0x0, 0x0, 0x0, 0x4, 0xa8,
    0x0, 0x0, 0x0, 0x0, 0x0, 0x0, 0x0, 0x0,
    0x0,

    /* U+65CB "旋" */
    0x0, 0x1b, 0x10, 0x0, 0x1c, 0x10, 0x0, 0x0,
    0x0, 0x0, 0xca, 0x0, 0x7, 0xd0, 0x0, 0x0,
    0x0, 0x3, 0x35, 0xc3, 0x20, 0xee, 0xcc, 0xcc,
    0xcc, 0xa4, 0xff, 0xff, 0xfd, 0x8f, 0x55, 0x55,
    0x55, 0x54, 0x0, 0xc6, 0x0, 0x2f, 0x60, 0x0,
    0x0, 0x0, 0x0, 0xd, 0x50, 0x2, 0xaa, 0xdd,
    0xdd, 0xdd, 0xd4, 0x0, 0xdf, 0xff, 0x50, 0x12,
    0x2e, 0x52, 0x6f, 0x20, 0xe, 0x73, 0xe4, 0x0,
    0x0, 0xe4, 0xb, 0xa0, 0x0, 0xe4, 0xe, 0x40,
    0xb3, 0xe, 0x40, 0x42, 0x0, 0xf, 0x30, 0xf4,
    0xf, 0x30, 0xe7, 0x44, 0x30, 0x0, 0xf2, 0xf,
    0x30, 0xf2, 0xe, 0xee, 0xed, 0x0, 0x3f, 0x0,
    0xf3, 0x2f, 0x0, 0xe4, 0x0, 0x0, 0x6, 0xc0,
    0xf, 0x25, 0xf5, 0xe, 0x40, 0x0, 0x0, 0xb8,
    0x1, 0xf1, 0xae, 0xe2, 0xe4, 0x0, 0x0, 0x3f,
    0x65, 0xae, 0x1f, 0x59, 0xef, 0x73, 0x33, 0x35,
    0xa4, 0xdc, 0x49, 0xd0, 0x5, 0xce, 0xff, 0xfb,
    0x0, 0x0, 0x0, 0x23, 0x0, 0x0, 0x0, 0x0,
    0x0,

    /* U+663E "显" */
    0x0, 0x34, 0x44, 0x44, 0x44, 0x44, 0x44, 0x10,
    0x0, 0xe, 0xff, 0xff, 0xff, 0xff, 0xff, 0xf7,
    0x0, 0x0, 0xe6, 0x0, 0x0, 0x0, 0x0, 0xd,
    0x70, 0x0, 0xe, 0x84, 0x44, 0x44, 0x44, 0x44,
    0xd7, 0x0, 0x0, 0xee, 0xdd, 0xdd, 0xdd, 0xdd,
    0xdf, 0x70, 0x0, 0xe, 0x60, 0x0, 0x0, 0x0,
    0x0, 0xd7, 0x0, 0x0, 0xee, 0xee, 0xee, 0xee,
    0xee, 0xef, 0x70, 0x0, 0xe, 0x95, 0x58, 0x55,
    0x67, 0x55, 0xe7, 0x0, 0x0, 0x41, 0x4, 0xf0,
    0x8, 0xc0, 0x3, 0x30, 0x0, 0x9a, 0x0, 0x4f,
    0x0, 0x8c, 0x0, 0x2f, 0x40, 0x2, 0xf7, 0x4,
    0xf0, 0x8, 0xc0, 0xc, 0xc0, 0x0, 0x6, 0xf3,
    0x4f, 0x0, 0x8c, 0x9, 0xe1, 0x0, 0x0, 0xb,
    0x64, 0xf0, 0x8, 0xc0, 0xc4, 0x0, 0x0, 0x0,
    0x0, 0x4f, 0x0, 0x8c, 0x0, 0x0, 0x0, 0xad,
    0xdd, 0xdd, 0xfd, 0xde, 0xfd, 0xdd, 0xdd, 0x44,
    0x55, 0x55, 0x55, 0x55, 0x55, 0x55, 0x55, 0x52,

    /* U+6731 "朱" */
    0x0, 0x0, 0x0, 0x0, 0x42, 0x0, 0x0, 0x0,
    0x0, 0x0, 0x0, 0x61, 0x0, 0xe6, 0x0, 0x0,
    0x0, 0x0, 0x0, 0x4, 0xf1, 0x0, 0xe6, 0x0,
    0x0, 0x0, 0x0, 0x0, 0xb, 0xb1, 0x11, 0xe7,
    0x11, 0x11, 0x10, 0x0, 0x0, 0x2f, 0xff, 0xff,
    0xff, 0xff, 0xff, 0xf3, 0x0, 0x0, 0xbc, 0x22,
    0x22, 0xe7, 0x22, 0x22, 0x20, 0x0, 0x5, 0xf4,
    0x0, 0x0, 0xe6, 0x0, 0x0, 0x0, 0x0, 0x3,
    0x80, 0x0, 0x0, 0xe6, 0x0, 0x0, 0x0, 0x0,
    0x6, 0x66, 0x66, 0x66, 0xfa, 0x66, 0x66, 0x66,
    0x20, 0x1d, 0xdd, 0xdd, 0xde, 0xff, 0xdd, 0xdd,
    0xdd, 0x60, 0x0, 0x0, 0x0, 0x2e, 0xff, 0x80,
    0x0, 0x0, 0x0, 0x0, 0x0, 0x3, 0xe5, 0xe7,
    0xd7, 0x0, 0x0, 0x0, 0x0, 0x0, 0x6f, 0x60,
    0xe6, 0x2e, 0xa0, 0x0, 0x0, 0x0, 0x1b, 0xf4,
    0x0, 0xe6, 0x1, 0xdd, 0x40, 0x0, 0x7, 0xfc,
    0x20, 0x0, 0xe6, 0x0, 0x9, 0xfb, 0x40, 0x3e,
    0x70, 0x0, 0x0, 0xe6, 0x0, 0x0, 0x3c, 0x90,
    0x0, 0x0, 0x0, 0x0, 0xe6, 0x0, 0x0, 0x0,
    0x0,

    /* U+6863 "档" */
    0x0, 0x1, 0x20, 0x0, 0x0, 0x0, 0x20, 0x0,
    0x0, 0x0, 0x6, 0xd0, 0x1, 0x0, 0x5, 0xe0,
    0x0, 0x20, 0x0, 0x6, 0xd0, 0xe, 0x80, 0x5,
    0xe0, 0x3, 0xf3, 0x0, 0x6, 0xd0, 0x6, 0xf3,
    0x5, 0xe0, 0xc, 0xb0, 0xc, 0xde, 0xfd, 0xd2,
    0xce, 0x15, 0xe0, 0x6f, 0x20, 0x4, 0x4b, 0xe4,
    0x40, 0x2c, 0x25, 0xe0, 0x97, 0x0, 0x0, 0xd,
    0xd0, 0x0, 0x0, 0x5, 0xe0, 0x0, 0x0, 0x0,
    0x2f, 0xd3, 0xc, 0xff, 0xff, 0xff, 0xff, 0xe0,
    0x0, 0x8f, 0xff, 0x62, 0x33, 0x33, 0x33, 0x37,
    0xe0, 0x1, 0xfa, 0xd6, 0xf5, 0x0, 0x0, 0x0,
    0x5, 0xe0, 0x9, 0xd6, 0xd0, 0x73, 0x0, 0x0,
    0x0, 0x5, 0xe0, 0xf, 0x56, 0xd0, 0x8, 0xff,
    0xff, 0xff, 0xff, 0xe0, 0x7, 0x6, 0xd0, 0x1,
    0x22, 0x22, 0x22, 0x27, 0xe0, 0x0, 0x6, 0xd0,
    0x0, 0x0, 0x0, 0x0, 0x5, 0xe0, 0x0, 0x6,
    0xd0, 0x0, 0x0, 0x0, 0x0, 0x5, 0xe0, 0x0,
    0x6, 0xd0, 0x3f, 0xff, 0xff, 0xff, 0xff, 0xe0,
    0x0, 0x6, 0xc0, 0x3, 0x33, 0x33, 0x33, 0x37,
    0xe0,

    /* U+6A59 "橙" */
    0x0, 0x10, 0x0, 0x0, 0x0, 0x0, 0x0, 0x0,
    0x0, 0xa, 0x70, 0x1, 0x11, 0x14, 0xa0, 0x36,
    0x0, 0x0, 0xa7, 0x7, 0xff, 0xff, 0x5f, 0x6f,
    0x80, 0x0, 0xa, 0x70, 0x3, 0x5, 0xd0, 0xbe,
    0x30, 0x60, 0x9c, 0xee, 0xc4, 0xf6, 0xe5, 0x2,
    0xf6, 0xdb, 0x3, 0x5f, 0xa5, 0x6, 0xf9, 0x0,
    0x6, 0xf8, 0x0, 0x1, 0xf7, 0x3, 0xdb, 0xff,
    0xff, 0xfa, 0xf7, 0x0, 0x5f, 0xb4, 0xeb, 0x1,
    0x11, 0x11, 0x7, 0xf4, 0xa, 0xed, 0xd4, 0x33,
    0x33, 0x33, 0x33, 0x32, 0x1, 0xea, 0x7c, 0x6c,
    0xed, 0xdd, 0xdd, 0xed, 0x0, 0x7a, 0xa7, 0x10,
    0xc7, 0x0, 0x0, 0x6, 0xd0, 0xe, 0x4a, 0x70,
    0xc, 0x94, 0x44, 0x44, 0x8d, 0x0, 0x80, 0xa7,
    0x0, 0xce, 0xcc, 0xcc, 0xcd, 0xd0, 0x0, 0xa,
    0x70, 0x3, 0x79, 0x0, 0x9, 0x83, 0x0, 0x0,
    0xa7, 0x0, 0x1, 0xd6, 0x4, 0xe2, 0x0, 0x0,
    0xa, 0x72, 0xcc, 0xcd, 0xcc, 0xee, 0xcc, 0xc3,
    0x0, 0xa7, 0x15, 0x55, 0x55, 0x55, 0x55, 0x55,
    0x10,

    /* U+6B63 "正" */
    0x2f, 0xff, 0xff, 0xff, 0xff, 0xff, 0xff, 0xff,
    0x0, 0x55, 0x55, 0x55, 0x5a, 0xf5, 0x55, 0x55,
    0x50, 0x0, 0x0, 0x0, 0x0, 0x7f, 0x0, 0x0,
    0x0, 0x0, 0x0, 0x10, 0x0, 0x7, 0xf0, 0x0,
    0x0, 0x0, 0x0, 0x3f, 0x40, 0x0, 0x7f, 0x0,
    0x0, 0x0, 0x0, 0x3, 0xf4, 0x0, 0x7, 0xf1,
    0x11, 0x11, 0x0, 0x0, 0x3f, 0x40, 0x0, 0x7f,
    0xff, 0xff, 0xf8, 0x0, 0x3, 0xf4, 0x0, 0x7,
    0xf3, 0x33, 0x33, 0x10, 0x0, 0x3f, 0x40, 0x0,
    0x7f, 0x0, 0x0, 0x0, 0x0, 0x3, 0xf4, 0x0,
    0x7, 0xf0, 0x0, 0x0, 0x0, 0x0, 0x3f, 0x40,
    0x0, 0x7f, 0x0, 0x0, 0x0, 0x0, 0x3, 0xf4,
    0x0, 0x7, 0xf0, 0x0, 0x0, 0x0, 0x23, 0x5f,
    0x63, 0x33, 0x9f, 0x33, 0x33, 0x33, 0x1e, 0xff,
    0xff, 0xff, 0xff, 0xff, 0xff, 0xff, 0xf9, 0x11,
    0x11, 0x11, 0x11, 0x11, 0x11, 0x11, 0x11, 0x10,

    /* U+6B64 "此" */
    0x0, 0x0, 0x1, 0x0, 0x0, 0x41, 0x0, 0x0,
    0x0, 0x0, 0x0, 0xe6, 0x0, 0xf, 0x50, 0x0,
    0x0, 0x0, 0x0, 0xe, 0x60, 0x0, 0xf5, 0x0,
    0x0, 0x0, 0x0, 0x0, 0xe6, 0x0, 0xf, 0x50,
    0x0, 0x30, 0x4, 0xf0, 0xe, 0x60, 0x0, 0xf5,
    0x0, 0xaf, 0x20, 0x4f, 0x0, 0xe6, 0x0, 0xf,
    0x52, 0xcf, 0x50, 0x4, 0xf0, 0xe, 0xff, 0xf6,
    0xfa, 0xfc, 0x20, 0x0, 0x4f, 0x0, 0xe8, 0x33,
    0x1f, 0xf7, 0x0, 0x0, 0x4, 0xf0, 0xe, 0x60,
    0x0, 0xf6, 0x0, 0x0, 0x0, 0x4f, 0x0, 0xe6,
    0x0, 0xf, 0x50, 0x0, 0x0, 0x4, 0xf0, 0xe,
    0x60, 0x0, 0xf5, 0x0, 0x0, 0x0, 0x4f, 0x0,
    0xe6, 0x0, 0xf, 0x50, 0x0, 0x53, 0x4, 0xf0,
    0xe, 0x60, 0x0, 0xf5, 0x0, 0xc, 0xa0, 0x4f,
    0x0, 0xea, 0x9d, 0x3f, 0x50, 0x0, 0xe8, 0x28,
    0xfc, 0xff, 0xfc, 0x82, 0xe8, 0x0, 0x3f, 0x58,
    0xfd, 0x96, 0x20, 0x0, 0x9, 0xff, 0xff, 0xe1,
    0x10, 0x0, 0x0, 0x0, 0x0, 0x3, 0x45, 0x40,
    0x0,

    /* U+6C42 "求" */
    0x0, 0x0, 0x0, 0x0, 0x21, 0x0, 0x0, 0x0,
    0x0, 0x0, 0x0, 0x0, 0xe, 0x80, 0xab, 0x10,
    0x0, 0x0, 0x0, 0x0, 0x0, 0xe8, 0x2, 0xde,
    0x10, 0x0, 0x11, 0x11, 0x11, 0x1e, 0x81, 0x12,
    0x81, 0x11, 0x3f, 0xff, 0xff, 0xff, 0xff, 0xff,
    0xff, 0xff, 0xc0, 0x11, 0x11, 0x11, 0x1e, 0x81,
    0x11, 0x11, 0x11, 0x0, 0x49, 0x0, 0x0, 0xeb,
    0x0, 0x0, 0x82, 0x0, 0x4, 0xf9, 0x0, 0xe,
    0xf3, 0x0, 0x8f, 0x70, 0x0, 0x6, 0xf7, 0x0,
    0xef, 0xc0, 0x8f, 0x70, 0x0, 0x0, 0x8, 0x60,
    0xe, 0x9f, 0xcf, 0x60, 0x0, 0x0, 0x0, 0x0,
    0x6e, 0xf8, 0x7f, 0x80, 0x0, 0x0, 0x0, 0x5,
    0xdf, 0xaf, 0x80, 0xaf, 0x50, 0x0, 0x0, 0x5d,
    0xfa, 0x20, 0xe8, 0x0, 0xcf, 0x60, 0x2, 0xdf,
    0xb3, 0x0, 0xe, 0x80, 0x0, 0xbf, 0xb2, 0xc,
    0x40, 0x0, 0x0, 0xe7, 0x0, 0x0, 0x7f, 0xb0,
    0x0, 0x1, 0x65, 0x8f, 0x60, 0x0, 0x0, 0x21,
    0x0, 0x0, 0xf, 0xff, 0xb0, 0x0, 0x0, 0x0,
    0x0, 0x0, 0x0, 0x0, 0x0, 0x0, 0x0, 0x0,
    0x0,

    /* U+6D3B "活" */
    0x0, 0x0, 0x0, 0x0, 0x0, 0x0, 0x0, 0x0,
    0x0, 0x98, 0x0, 0x0, 0x0, 0x11, 0x24, 0x56,
    0x81, 0x5, 0xfc, 0x16, 0xef, 0xff, 0xff, 0xff,
    0xed, 0x30, 0x3, 0xe9, 0x15, 0x44, 0x3d, 0x80,
    0x0, 0x0, 0x0, 0x1, 0x0, 0x0, 0x0, 0xd8,
    0x0, 0x0, 0x1, 0x50, 0x0, 0x0, 0x0, 0xd,
    0x80, 0x0, 0x0, 0x7f, 0xa1, 0x1f, 0xff, 0xff,
    0xff, 0xff, 0xff, 0xd0, 0x5e, 0xe1, 0x55, 0x55,
    0x5e, 0xa5, 0x55, 0x54, 0x0, 0x25, 0x0, 0x0,
    0x0, 0xd8, 0x0, 0x0, 0x0, 0x0, 0x0, 0x0,
    0x0, 0xd, 0x80, 0x0, 0x0, 0x0, 0x26, 0x0,
    0xef, 0xff, 0xff, 0xff, 0xf9, 0x0, 0x8, 0xf1,
    0xf, 0x74, 0x44, 0x44, 0x4c, 0x90, 0x0, 0xcc,
    0x0, 0xf5, 0x0, 0x0, 0x0, 0xb9, 0x0, 0x1f,
    0x60, 0xf, 0x50, 0x0, 0x0, 0xb, 0x90, 0x7,
    0xf1, 0x0, 0xf5, 0x0, 0x0, 0x0, 0xb9, 0x0,
    0xdc, 0x0, 0xf, 0xff, 0xff, 0xff, 0xff, 0x90,
    0x8, 0x60, 0x0, 0xf7, 0x33, 0x33, 0x33, 0xc9,
    0x0,

    /* U+6D41 "流" */
    0x0, 0x0, 0x0, 0x0, 0x2, 0x0, 0x0, 0x0,
    0x0, 0x83, 0x0, 0x0, 0x0, 0xda, 0x0, 0x0,
    0x0, 0x9, 0xf5, 0x0, 0x0, 0x4, 0xe2, 0x0,
    0x0, 0x0, 0x8, 0xf5, 0xff, 0xff, 0xff, 0xff,
    0xff, 0xf2, 0x0, 0x2, 0x2, 0x23, 0xd9, 0x22,
    0x22, 0x22, 0x2, 0x50, 0x0, 0x0, 0xbd, 0x20,
    0x5, 0xb0, 0x0, 0x6f, 0xa0, 0x1, 0xcc, 0x10,
    0x0, 0x1e, 0x90, 0x0, 0x4f, 0x91, 0xef, 0xdd,
    0xee, 0xff, 0xff, 0x50, 0x0, 0x20, 0x9, 0x86,
    0x65, 0x43, 0x22, 0x9e, 0x0, 0x0, 0x0, 0x5,
    0x20, 0x34, 0x4, 0x51, 0x30, 0x0, 0x54, 0x0,
    0xe5, 0x9, 0xa0, 0x9b, 0x0, 0x0, 0xd, 0x90,
    0xf, 0x50, 0x9a, 0x9, 0xb0, 0x0, 0x1, 0xf5,
    0x1, 0xf3, 0x9, 0xa0, 0x9b, 0x0, 0x0, 0x4f,
    0x10, 0x4f, 0x10, 0x9a, 0x9, 0xb0, 0x5b, 0x9,
    0xd0, 0xb, 0xc0, 0x9, 0xa0, 0x9b, 0x7, 0xc0,
    0xe9, 0xa, 0xf3, 0x0, 0x9a, 0x8, 0xd3, 0xba,
    0x2f, 0x5a, 0xf5, 0x0, 0x9, 0xa0, 0x2d, 0xfe,
    0x30, 0x0, 0x11, 0x0, 0x0, 0x0, 0x0, 0x0,
    0x0,

    /* U+6D4B "测" */
    0x0, 0x0, 0x0, 0x0, 0x0, 0x0, 0x0, 0x0,
    0x0, 0x85, 0x1, 0x44, 0x44, 0x44, 0x0, 0x0,
    0xf3, 0x6, 0xf7, 0x4f, 0xdd, 0xde, 0xf0, 0xb4,
    0xf, 0x30, 0x7, 0xf7, 0xe0, 0x0, 0x3f, 0xd,
    0x50, 0xf3, 0x0, 0x2, 0x4e, 0xa, 0x33, 0xf0,
    0xd5, 0xf, 0x31, 0x40, 0x4, 0xe0, 0xe4, 0x3f,
    0xd, 0x50, 0xf3, 0x6f, 0x60, 0x4e, 0xe, 0x43,
    0xf0, 0xd5, 0xf, 0x30, 0x7f, 0x74, 0xe0, 0xe4,
    0x3f, 0xd, 0x50, 0xf3, 0x0, 0x62, 0x4e, 0xe,
    0x43, 0xf0, 0xd5, 0xf, 0x30, 0x0, 0x4, 0xe0,
    0xf4, 0x3f, 0xd, 0x50, 0xf3, 0x0, 0x53, 0x4e,
    0xf, 0x33, 0xf0, 0xd5, 0xf, 0x30, 0xc, 0xa4,
    0xe2, 0xf1, 0x3f, 0xd, 0x50, 0xf3, 0x0, 0xf6,
    0x15, 0x7e, 0x1, 0x50, 0xd5, 0xf, 0x30, 0x3f,
    0x20, 0xe, 0xdd, 0x20, 0x1, 0x0, 0xf3, 0x8,
    0xe0, 0xa, 0xd0, 0x7f, 0x50, 0x0, 0xf, 0x30,
    0xd9, 0x1b, 0xe2, 0x0, 0x5f, 0x65, 0x47, 0xf2,
    0xc, 0x5a, 0xd2, 0x0, 0x0, 0x41, 0xdf, 0xf9,
    0x0, 0x0, 0x10, 0x0, 0x0, 0x0, 0x0, 0x0,
    0x0,

    /* U+6DF1 "深" */
    0x7, 0x50, 0x0, 0x0, 0x0, 0x0, 0x0, 0x0,
    0x0, 0x8f, 0x90, 0x9f, 0xff, 0xff, 0xff, 0xff,
    0xf1, 0x0, 0x5f, 0xb9, 0xc3, 0x33, 0x33, 0x33,
    0x6f, 0x10, 0x0, 0x33, 0x79, 0x5, 0x50, 0x27,
    0x2, 0xb1, 0x38, 0x0, 0x0, 0x8, 0xf7, 0x3,
    0xec, 0x20, 0x4, 0xfd, 0x20, 0x3c, 0xf4, 0x5,
    0x11, 0xbf, 0x60, 0x2, 0xdf, 0x17, 0xc2, 0x0,
    0xf4, 0x0, 0x8c, 0x0, 0x0, 0x50, 0x11, 0x11,
    0x1f, 0x51, 0x11, 0x10, 0x0, 0x0, 0xf, 0xff,
    0xff, 0xff, 0xff, 0xff, 0x60, 0x7, 0x80, 0x22,
    0x22, 0xcf, 0xe3, 0x22, 0x20, 0x0, 0xcb, 0x0,
    0x0, 0x8a, 0xfb, 0xb0, 0x0, 0x0, 0x1f, 0x60,
    0x0, 0x9c, 0xf, 0x4a, 0xb1, 0x0, 0x6, 0xf1,
    0x1, 0xcd, 0x10, 0xf4, 0xc, 0xd3, 0x0, 0xbc,
    0x6, 0xfc, 0x10, 0xf, 0x40, 0xa, 0xf7, 0x1f,
    0x70, 0x48, 0x0, 0x0, 0xf4, 0x0, 0x6, 0x12,
    0xa2, 0x0, 0x0, 0x0, 0xf, 0x40, 0x0, 0x0,

    /* U+6E56 "湖" */
    0x0, 0x0, 0x0, 0x0, 0x0, 0x0, 0x0, 0x0,
    0x4, 0x10, 0x0, 0x8a, 0x0, 0x2, 0x22, 0x20,
    0xa, 0xe3, 0x0, 0x8a, 0x0, 0x5f, 0xff, 0xf5,
    0x0, 0x9f, 0x20, 0x8a, 0x0, 0x5d, 0x0, 0xd5,
    0x0, 0x4, 0x9b, 0xde, 0xba, 0x5d, 0x0, 0xd5,
    0x12, 0x0, 0x56, 0xbc, 0x66, 0x5d, 0x11, 0xd5,
    0x8f, 0x40, 0x0, 0x8a, 0x0, 0x5f, 0xff, 0xf5,
    0x9, 0xf6, 0x0, 0x8a, 0x0, 0x5c, 0x0, 0xd5,
    0x0, 0x71, 0x5f, 0xff, 0xf5, 0x5c, 0x0, 0xd5,
    0x0, 0x0, 0x5d, 0x22, 0xd6, 0x5c, 0x0, 0xd5,
    0x0, 0x73, 0x5c, 0x0, 0xc6, 0x6f, 0xff, 0xf5,
    0x0, 0xe8, 0x5c, 0x0, 0xc6, 0x8a, 0x11, 0xd5,
    0x1, 0xf4, 0x5d, 0x22, 0xd6, 0xa7, 0x0, 0xd5,
    0x5, 0xf0, 0x5f, 0xff, 0xf6, 0xe3, 0x0, 0xd5,
    0xa, 0xc0, 0x5c, 0x0, 0x6, 0xd0, 0x0, 0xd5,
    0xe, 0x80, 0x0, 0x0, 0x2f, 0x51, 0x33, 0xf5,
    0x2e, 0x40, 0x0, 0x0, 0xbb, 0x1, 0xff, 0xd1,
    0x0, 0x0, 0x0, 0x0, 0x11, 0x0, 0x0, 0x0,

    /* U+6E90 "源" */
    0xa, 0x30, 0x0, 0x0, 0x0, 0x0, 0x0, 0x0,
    0x0, 0xaf, 0x60, 0xef, 0xff, 0xff, 0xff, 0xff,
    0xf9, 0x0, 0x8f, 0x1e, 0x51, 0x11, 0xac, 0x11,
    0x11, 0x10, 0x0, 0x20, 0xe4, 0x0, 0xf, 0x40,
    0x0, 0x0, 0x33, 0x0, 0xe, 0x44, 0xff, 0xff,
    0xff, 0xf4, 0x9, 0xf6, 0x0, 0xe4, 0x4e, 0x22,
    0x22, 0x2e, 0x40, 0x9, 0xf7, 0xe, 0x44, 0xe1,
    0x11, 0x11, 0xe4, 0x0, 0x7, 0x40, 0xf4, 0x4f,
    0xff, 0xff, 0xff, 0x40, 0x0, 0x0, 0xf, 0x34,
    0xe0, 0x0, 0x0, 0xe4, 0x0, 0x1e, 0x21, 0xf2,
    0x4f, 0xee, 0xee, 0xef, 0x40, 0x5, 0xf0, 0x4f,
    0x3, 0xc3, 0x5f, 0x43, 0xc3, 0x0, 0x8b, 0x7,
    0xd0, 0x4, 0x22, 0xf0, 0x71, 0x0, 0xc, 0x80,
    0xc9, 0x1, 0xf6, 0x2f, 0xa, 0xc0, 0x0, 0xf4,
    0x3f, 0x30, 0xcb, 0x2, 0xf0, 0x1e, 0xa0, 0x4f,
    0x1c, 0xd0, 0x8d, 0x11, 0x6f, 0x0, 0x3f, 0x34,
    0xa0, 0xc3, 0x1, 0x22, 0xff, 0x80, 0x0, 0x10,
    0x0, 0x0, 0x0, 0x0, 0x0, 0x0, 0x0, 0x0,
    0x0,

    /* U+7528 "用" */
    0x0, 0x22, 0x22, 0x22, 0x22, 0x22, 0x22, 0x20,
    0x0, 0xef, 0xff, 0xff, 0xff, 0xff, 0xff, 0xf6,
    0x0, 0xe7, 0x11, 0x11, 0xe7, 0x11, 0x11, 0xe6,
    0x0, 0xe6, 0x0, 0x0, 0xe6, 0x0, 0x0, 0xe6,
    0x0, 0xe6, 0x0, 0x0, 0xe6, 0x0, 0x0, 0xe6,
    0x0, 0xef, 0xff, 0xff, 0xff, 0xff, 0xff, 0xf6,
    0x0, 0xe8, 0x44, 0x44, 0xf8, 0x44, 0x44, 0xf6,
    0x0, 0xe6, 0x0, 0x0, 0xe6, 0x0, 0x0, 0xe6,
    0x0, 0xf5, 0x0, 0x0, 0xe6, 0x0, 0x0, 0xe6,
    0x0, 0xf8, 0x55, 0x55, 0xf9, 0x55, 0x55, 0xf6,
    0x1, 0xfe, 0xee, 0xee, 0xfe, 0xee, 0xee, 0xf6,
    0x3, 0xf2, 0x0, 0x0, 0xe6, 0x0, 0x0, 0xe6,
    0x7, 0xf0, 0x0, 0x0, 0xe6, 0x0, 0x0, 0xe6,
    0xd, 0xb0, 0x0, 0x0, 0xe6, 0x0, 0x0, 0xe6,
    0x5f, 0x50, 0x0, 0x0, 0xe6, 0x5, 0x57, 0xf5,
    0x7c, 0x0, 0x0, 0x0, 0xd6, 0xf, 0xff, 0xc0,
    0x1, 0x0, 0x0, 0x0, 0x0, 0x0, 0x0, 0x0,

    /* U+7535 "电" */
    0x0, 0x0, 0x0, 0x42, 0x0, 0x0, 0x0, 0x0,
    0x0, 0x0, 0x0, 0xe7, 0x0, 0x0, 0x0, 0x0,
    0x0, 0x0, 0x0, 0xe7, 0x0, 0x0, 0x0, 0x0,
    0xef, 0xff, 0xff, 0xff, 0xff, 0xff, 0xf6, 0x0,
    0xe9, 0x44, 0x44, 0xf9, 0x44, 0x44, 0xf7, 0x0,
    0xe7, 0x0, 0x0, 0xe7, 0x0, 0x0, 0xe7, 0x0,
    0xe7, 0x0, 0x0, 0xe7, 0x0, 0x0, 0xe7, 0x0,
    0xef, 0xff, 0xff, 0xff, 0xff, 0xff, 0xf7, 0x0,
    0xe9, 0x33, 0x33, 0xf9, 0x33, 0x33, 0xf7, 0x0,
    0xe7, 0x0, 0x0, 0xe7, 0x0, 0x0, 0xe7, 0x0,
    0xe7, 0x0, 0x0, 0xe7, 0x0, 0x0, 0xe7, 0x0,
    0xef, 0xff, 0xff, 0xff, 0xff, 0xff, 0xf7, 0x0,
    0xe9, 0x44, 0x44, 0xf9, 0x44, 0x44, 0x42, 0xa2,
    0x73, 0x0, 0x0, 0xe7, 0x0, 0x0, 0x2, 0xf4,
    0x0, 0x0, 0x0, 0xd9, 0x0, 0x0, 0x7, 0xf0,
    0x0, 0x0, 0x0, 0x8f, 0xee, 0xee, 0xff, 0x90,
    0x0, 0x0, 0x0, 0x3, 0x56, 0x66, 0x54, 0x0,

    /* U+786E "确" */
    0x0, 0x0, 0x0, 0x0, 0x0, 0x0, 0x0, 0x0,
    0x0, 0x0, 0x0, 0x0, 0x1, 0xe4, 0x0, 0x0,
    0x0, 0x5, 0x55, 0x55, 0x30, 0xae, 0x55, 0x55,
    0x30, 0x2, 0xdd, 0xfd, 0xda, 0x4f, 0xbb, 0xbc,
    0xf9, 0x0, 0x0, 0x2f, 0x0, 0x3f, 0x50, 0x0,
    0xbb, 0x0, 0x0, 0x6, 0xa0, 0xe, 0xef, 0xff,
    0xff, 0xff, 0xf4, 0x0, 0xb6, 0x0, 0x47, 0xb2,
    0x2e, 0x62, 0x2e, 0x40, 0x1f, 0xff, 0xf1, 0x7a,
    0x0, 0xe4, 0x0, 0xe4, 0x8, 0xf7, 0x4f, 0x17,
    0xb2, 0x2e, 0x52, 0x2e, 0x41, 0xff, 0x40, 0xf1,
    0x7f, 0xff, 0xff, 0xff, 0xf4, 0x8c, 0xd4, 0xf,
    0x18, 0xa0, 0xe, 0x40, 0xe, 0x41, 0x3d, 0x40,
    0xf1, 0x99, 0x0, 0xe4, 0x0, 0xe4, 0x0, 0xd4,
    0xf, 0x1a, 0xec, 0xcf, 0xdc, 0xcf, 0x40, 0xd,
    0x63, 0xf1, 0xd8, 0x44, 0xf7, 0x44, 0xf4, 0x0,
    0xde, 0xee, 0x3f, 0x10, 0xe, 0x40, 0xe, 0x40,
    0xd, 0x40, 0xa, 0xc0, 0x0, 0xe4, 0x34, 0xf3,
    0x0, 0x10, 0x1, 0xf4, 0x0, 0xc, 0x3e, 0xfc,
    0x0, 0x0, 0x0, 0x2, 0x0, 0x0, 0x0, 0x0,
    0x0,

    /* U+793A "示" */
    0x0, 0x11, 0x11, 0x11, 0x11, 0x11, 0x11, 0x10,
    0x0, 0x6f, 0xff, 0xff, 0xff, 0xff, 0xff, 0xff,
    0x10, 0x1, 0x33, 0x33, 0x33, 0x33, 0x33, 0x33,
    0x30, 0x0, 0x0, 0x0, 0x0, 0x0, 0x0, 0x0,
    0x0, 0x0, 0x0, 0x0, 0x0, 0x0, 0x0, 0x0,
    0x0, 0x0, 0x2, 0x22, 0x22, 0x22, 0x22, 0x22,
    0x22, 0x22, 0x21, 0xef, 0xff, 0xff, 0xff, 0xff,
    0xff, 0xff, 0xff, 0x81, 0x11, 0x11, 0x11, 0x1f,
    0x71, 0x11, 0x11, 0x10, 0x0, 0x4, 0x40, 0x0,
    0xf6, 0x0, 0x60, 0x0, 0x0, 0x0, 0xea, 0x0,
    0xf, 0x60, 0x3f, 0x70, 0x0, 0x0, 0x8f, 0x10,
    0x0, 0xf6, 0x0, 0x7f, 0x30, 0x0, 0x2f, 0x70,
    0x0, 0xf, 0x60, 0x0, 0xbe, 0x10, 0xc, 0xd0,
    0x0, 0x0, 0xf6, 0x0, 0x1, 0xeb, 0x7, 0xf3,
    0x0, 0x0, 0xf, 0x60, 0x0, 0x5, 0xf5, 0x57,
    0x0, 0x47, 0x69, 0xf5, 0x0, 0x0, 0x4, 0x0,
    0x0, 0x6, 0xff, 0xfa, 0x0, 0x0, 0x0, 0x0,
    0x0, 0x0, 0x0, 0x0, 0x0, 0x0, 0x0, 0x0,
    0x0,

    /* U+7A0B "程" */
    0x0, 0x0, 0x1, 0x30, 0x22, 0x22, 0x22, 0x22,
    0x0, 0x5, 0x9b, 0xef, 0xe1, 0xef, 0xff, 0xff,
    0xff, 0x50, 0x5, 0x89, 0xe1, 0x0, 0xe5, 0x0,
    0x0, 0xf, 0x50, 0x0, 0x5, 0xe0, 0x0, 0xe5,
    0x0, 0x0, 0xf, 0x50, 0x2, 0x26, 0xe2, 0x20,
    0xe9, 0x66, 0x66, 0x6f, 0x50, 0xd, 0xff, 0xff,
    0xf2, 0xec, 0xbb, 0xbb, 0xbf, 0x50, 0x0, 0xc,
    0xe0, 0x0, 0x72, 0x0, 0x0, 0x7, 0x20, 0x0,
    0x2f, 0xe6, 0x9, 0xff, 0xff, 0xff, 0xff, 0xf0,
    0x0, 0x7d, 0xee, 0x71, 0x22, 0x28, 0xe2, 0x22,
    0x20, 0x0, 0xe7, 0xe5, 0xf3, 0x0, 0x6, 0xe0,
    0x0, 0x0, 0x8, 0xc5, 0xe0, 0x60, 0x22, 0x27,
    0xe2, 0x22, 0x10, 0xf, 0x45, 0xe0, 0x4, 0xff,
    0xff, 0xff, 0xff, 0x90, 0x8, 0x5, 0xe0, 0x0,
    0x0, 0x6, 0xe0, 0x0, 0x0, 0x0, 0x5, 0xe0,
    0x0, 0x0, 0x6, 0xe0, 0x0, 0x0, 0x0, 0x5,
    0xe0, 0x3f, 0xff, 0xff, 0xff, 0xff, 0xf8, 0x0,
    0x5, 0xe0, 0x2, 0x22, 0x22, 0x22, 0x22, 0x21,

    /* U+7B26 "符" */
    0x0, 0xc, 0xa0, 0x0, 0x0, 0xca, 0x0, 0x0,
    0x0, 0x4, 0xf8, 0x55, 0x54, 0x3f, 0x85, 0x55,
    0x52, 0x0, 0xde, 0xdd, 0xdd, 0xbc, 0xed, 0xdd,
    0xdd, 0x60, 0xaf, 0x25, 0xc0, 0x7, 0xf2, 0x2e,
    0x30, 0x0, 0x7f, 0x50, 0x1c, 0x83, 0xf6, 0x0,
    0x8d, 0x0, 0x2, 0x50, 0x2f, 0x30, 0x18, 0x0,
    0x7, 0x70, 0x0, 0x0, 0xb, 0xa0, 0x0, 0x0,
    0x0, 0xaa, 0x0, 0x0, 0x6, 0xf3, 0xde, 0xee,
    0xee, 0xef, 0xfe, 0xe7, 0x3, 0xff, 0x34, 0x44,
    0x44, 0x44, 0xcc, 0x44, 0x21, 0xec, 0xf3, 0x5,
    0xc0, 0x0, 0xa, 0xa0, 0x0, 0x9d, 0x2f, 0x30,
    0x2f, 0x80, 0x0, 0xaa, 0x0, 0x2, 0x12, 0xf3,
    0x0, 0x7f, 0x30, 0xa, 0xa0, 0x0, 0x0, 0x2f,
    0x30, 0x0, 0x81, 0x0, 0xaa, 0x0, 0x0, 0x2,
    0xf3, 0x0, 0x0, 0x0, 0xa, 0xa0, 0x0, 0x0,
    0x2f, 0x30, 0x0, 0x5, 0x44, 0xe9, 0x0, 0x0,
    0x2, 0xf3, 0x0, 0x0, 0xbf, 0xfd, 0x20, 0x0,
    0x0, 0x2, 0x0, 0x0, 0x0, 0x0, 0x0, 0x0,
    0x0,

    /* U+7B49 "等" */
    0x0, 0x3, 0x60, 0x0, 0x0, 0x26, 0x0, 0x0,
    0x0, 0x0, 0xd9, 0x0, 0x0, 0xb, 0xb0, 0x0,
    0x0, 0x0, 0x7f, 0xed, 0xdd, 0xd4, 0xfe, 0xdd,
    0xdd, 0xa0, 0x4f, 0x56, 0x62, 0x23, 0xd9, 0x48,
    0x22, 0x22, 0x3f, 0x70, 0x7e, 0x20, 0x5c, 0x3,
    0xf5, 0x0, 0x1, 0x60, 0x0, 0x82, 0xf, 0x40,
    0x6, 0x50, 0x0, 0x4, 0xff, 0xff, 0xff, 0xff,
    0xff, 0xff, 0xfb, 0x0, 0x2, 0x22, 0x22, 0x2f,
    0x52, 0x22, 0x22, 0x10, 0x2, 0x22, 0x22, 0x22,
    0xf5, 0x22, 0x22, 0x22, 0x17, 0xff, 0xff, 0xff,
    0xff, 0xff, 0xff, 0xff, 0xfe, 0x0, 0x0, 0x0,
    0x0, 0x0, 0x5, 0x90, 0x0, 0x0, 0x22, 0x22,
    0x22, 0x22, 0x22, 0x9d, 0x22, 0x20, 0xd, 0xff,
    0xff, 0xff, 0xff, 0xff, 0xff, 0xff, 0x50, 0x0,
    0x6, 0x90, 0x0, 0x0, 0x7c, 0x0, 0x0, 0x0,
    0x0, 0x2d, 0xc1, 0x0, 0x7, 0xc0, 0x0, 0x0,
    0x0, 0x0, 0x19, 0x16, 0x55, 0xcb, 0x0, 0x0,
    0x0, 0x0, 0x0, 0x0, 0xff, 0xfd, 0x30, 0x0,
    0x0,

    /* U+7EA2 "红" */
    0x0, 0x6, 0xb0, 0x0, 0x0, 0x0, 0x0, 0x0,
    0x0, 0x0, 0xd9, 0x1, 0x66, 0x66, 0x66, 0x66,
    0x61, 0x0, 0x6f, 0x10, 0x3e, 0xee, 0xff, 0xee,
    0xee, 0x20, 0x1e, 0x70, 0x30, 0x0, 0x3, 0xf3,
    0x0, 0x0, 0x9, 0xc0, 0x2f, 0x60, 0x0, 0x3f,
    0x30, 0x0, 0x4, 0xf5, 0x3c, 0xc0, 0x0, 0x3,
    0xf3, 0x0, 0x0, 0x7f, 0xff, 0xf2, 0x0, 0x0,
    0x3f, 0x30, 0x0, 0x0, 0x2, 0xf5, 0x0, 0x0,
    0x3, 0xf3, 0x0, 0x0, 0x1, 0xd9, 0x0, 0x0,
    0x0, 0x3f, 0x30, 0x0, 0x0, 0xcd, 0x46, 0x86,
    0x0, 0x3, 0xf3, 0x0, 0x0, 0x5f, 0xfe, 0xca,
    0x40, 0x0, 0x3f, 0x30, 0x0, 0x0, 0x31, 0x0,
    0x0, 0x0, 0x3, 0xf3, 0x0, 0x0, 0x0, 0x3,
    0x7a, 0x90, 0x0, 0x3f, 0x30, 0x0, 0x5, 0xdf,
    0xfd, 0x95, 0x11, 0x14, 0xf3, 0x11, 0x10, 0x48,
    0x41, 0x1, 0xff, 0xff, 0xff, 0xff, 0xff, 0xd0,
    0x0, 0x0, 0x3, 0x33, 0x33, 0x33, 0x33, 0x33,

    /* U+7EDD "绝" */
    0x0, 0x1b, 0x20, 0x0, 0xd, 0x60, 0x0, 0x0,
    0x0, 0x0, 0x8e, 0x0, 0x0, 0x8f, 0x43, 0x33,
    0x10, 0x0, 0x0, 0xe6, 0x0, 0x3, 0xfe, 0xee,
    0xef, 0x70, 0x0, 0x8, 0xc0, 0x4b, 0x1d, 0x90,
    0x0, 0x8d, 0x10, 0x0, 0x2f, 0x30, 0xd9, 0xbb,
    0x0, 0x6, 0xe2, 0x0, 0x0, 0x8f, 0xcd, 0xe6,
    0xff, 0xff, 0xff, 0xff, 0xfe, 0x0, 0x25, 0x5f,
    0x51, 0x6e, 0x22, 0x5e, 0x22, 0x5e, 0x0, 0x0,
    0x9a, 0x0, 0x4e, 0x0, 0x4e, 0x0, 0x4e, 0x0,
    0x4, 0xe1, 0x0, 0x4e, 0x0, 0x4e, 0x0, 0x4e,
    0x0, 0x2f, 0xdb, 0xca, 0x4f, 0xff, 0xff, 0xff,
    0xfe, 0x0, 0x2c, 0x97, 0x52, 0x4e, 0x33, 0x33,
    0x33, 0x6e, 0x0, 0x0, 0x0, 0x0, 0x4e, 0x0,
    0x0, 0x0, 0x1, 0x30, 0x0, 0x0, 0x36, 0x4e,
    0x0, 0x0, 0x0, 0x4, 0xf0, 0x28, 0xcf, 0xfd,
    0x4e, 0x0, 0x0, 0x0, 0x6, 0xe0, 0x4c, 0x85,
    0x10, 0x3f, 0x41, 0x11, 0x11, 0x2b, 0xb0, 0x0,
    0x0, 0x0, 0xa, 0xff, 0xff, 0xff, 0xfd, 0x20,

    /* U+7EFF "绿" */
    0x0, 0x0, 0x0, 0x0, 0x0, 0x0, 0x0, 0x0,
    0x0, 0x0, 0xb8, 0x0, 0x22, 0x22, 0x22, 0x22,
    0x0, 0x0, 0x3f, 0x20, 0x4f, 0xff, 0xff, 0xff,
    0xf3, 0x0, 0xa, 0xa0, 0x0, 0x0, 0x0, 0x0,
    0x1f, 0x20, 0x3, 0xf1, 0x4d, 0x1c, 0xcc, 0xcc,
    0xcc, 0xf1, 0x0, 0xc7, 0xc, 0xa0, 0x55, 0x55,
    0x55, 0x7f, 0x0, 0x6f, 0x9a, 0xf1, 0x0, 0x0,
    0x0, 0x4, 0xe0, 0x3, 0xa9, 0xf7, 0x2f, 0xff,
    0xff, 0xff, 0xff, 0xfe, 0x0, 0x7d, 0x0, 0x33,
    0x22, 0x6f, 0x22, 0x22, 0x20, 0x2f, 0x40, 0x8,
    0xc1, 0x4, 0xf4, 0x2, 0xd3, 0xc, 0xc6, 0x87,
    0xb, 0xd1, 0x4f, 0xb3, 0xeb, 0x2, 0xff, 0xdb,
    0x50, 0x6, 0x44, 0xfe, 0xfa, 0x0, 0x2, 0x0,
    0x0, 0x1, 0x9f, 0x8f, 0x6f, 0x20, 0x0, 0x0,
    0x4, 0x35, 0xed, 0x44, 0xf0, 0xbe, 0x30, 0x39,
    0xcf, 0xe7, 0xe9, 0x0, 0x4f, 0x0, 0xbf, 0x95,
    0xb7, 0x30, 0x1, 0x25, 0x4a, 0xe0, 0x0, 0x72,
    0x0, 0x0, 0x0, 0x5, 0xff, 0xe5, 0x0, 0x0,
    0x0,

    /* U+7F6E "置" */
    0x1, 0x22, 0x22, 0x22, 0x22, 0x22, 0x22, 0x20,
    0x0, 0x7e, 0xcc, 0xdf, 0xcc, 0xcf, 0xcc, 0xcf,
    0x20, 0x7, 0xa0, 0x4, 0xc0, 0x2, 0xf0, 0x0,
    0xf2, 0x0, 0x7f, 0xee, 0xef, 0xee, 0xef, 0xee,
    0xef, 0x20, 0x4, 0x50, 0x0, 0x4, 0xa0, 0x0,
    0x0, 0x81, 0x7, 0xee, 0xee, 0xee, 0xff, 0xee,
    0xee, 0xee, 0xe2, 0x0, 0x0, 0x0, 0x6, 0xd0,
    0x0, 0x0, 0x0, 0x0, 0x6, 0xee, 0xee, 0xef,
    0xee, 0xee, 0xe3, 0x0, 0x0, 0x7b, 0x0, 0x0,
    0x0, 0x0, 0xe, 0x40, 0x0, 0x7, 0xfd, 0xdd,
    0xdd, 0xdd, 0xdd, 0xf4, 0x0, 0x0, 0x7b, 0x0,
    0x0, 0x0, 0x0, 0xe, 0x40, 0x0, 0x7, 0xfd,
    0xdd, 0xdd, 0xdd, 0xdd, 0xf4, 0x0, 0x0, 0x7b,
    0x0, 0x0, 0x0, 0x0, 0xe, 0x40, 0x0, 0x7,
    0xfd, 0xdd, 0xdd, 0xdd, 0xdd, 0xf4, 0x0, 0x0,
    0x7b, 0x0, 0x0, 0x0, 0x0, 0xe, 0x40, 0xe,
    0xff, 0xff, 0xff, 0xff, 0xff, 0xff, 0xff, 0xf8,

    /* U+7FE0 "翠" */
    0x0, 0x11, 0x11, 0x11, 0x1, 0x11, 0x11, 0x10,
    0x0, 0x9f, 0xff, 0xff, 0xe5, 0xff, 0xff, 0xff,
    0xa0, 0x0, 0x78, 0x20, 0x3e, 0x4, 0xa5, 0x0,
    0xaa, 0x0, 0x2, 0xaf, 0x33, 0xe0, 0x17, 0xd9,
    0xa, 0xa0, 0x0, 0x1, 0x68, 0x6e, 0x0, 0x36,
    0xac, 0xaa, 0x0, 0x5e, 0xfc, 0x84, 0xe2, 0xfe,
    0xb7, 0x4a, 0xa0, 0x2, 0x30, 0x0, 0x4, 0xe6,
    0x0, 0x0, 0x44, 0x0, 0x8f, 0xff, 0xff, 0xff,
    0xff, 0xff, 0xff, 0xe0, 0x0, 0x11, 0x36, 0x11,
    0x11, 0x13, 0x61, 0x11, 0x0, 0x0, 0x1d, 0xa0,
    0x0, 0x1, 0xec, 0x10, 0x0, 0x0, 0x2d, 0x9c,
    0xc4, 0x4, 0xe8, 0x9f, 0x81, 0x0, 0x4f, 0x70,
    0x6, 0x57, 0xc5, 0x0, 0x3c, 0x90, 0x1, 0x31,
    0x11, 0x13, 0xf3, 0x11, 0x11, 0x11, 0x14, 0xff,
    0xff, 0xff, 0xff, 0xff, 0xff, 0xff, 0xfb, 0x0,
    0x0, 0x0, 0x1, 0xf2, 0x0, 0x0, 0x0, 0x0,
    0x0, 0x0, 0x0, 0x1f, 0x20, 0x0, 0x0, 0x0,

    /* U+7FE1 "翡" */
    0x0, 0x0, 0x0, 0x30, 0x0, 0x30, 0x0, 0x0,
    0x0, 0x0, 0x0, 0x1f, 0x20, 0x2f, 0x10, 0x0,
    0x0, 0x4f, 0xff, 0xff, 0xf2, 0x2, 0xff, 0xff,
    0xff, 0x50, 0x11, 0x11, 0x2f, 0x20, 0x2f, 0x21,
    0x11, 0x10, 0xb, 0xcc, 0xcd, 0xf2, 0x2, 0xfd,
    0xcc, 0xcc, 0x0, 0x33, 0x33, 0x4f, 0x20, 0x2f,
    0x43, 0x33, 0x30, 0x1, 0x11, 0x12, 0xf2, 0x2,
    0xf2, 0x11, 0x11, 0x6, 0xff, 0xff, 0xff, 0x20,
    0x2f, 0xff, 0xff, 0xf7, 0x0, 0x0, 0x0, 0x91,
    0x1, 0x90, 0x0, 0x0, 0x3, 0xff, 0xff, 0xff,
    0xc8, 0xff, 0xff, 0xff, 0x40, 0x1, 0x51, 0x11,
    0x7c, 0x15, 0x41, 0x11, 0xe5, 0x0, 0x1e, 0xb1,
    0x6, 0xc0, 0x8f, 0x40, 0xe, 0x50, 0x0, 0x2d,
    0x60, 0x6c, 0x0, 0x6b, 0x0, 0xe5, 0x0, 0x0,
    0x38, 0xb6, 0xc0, 0x2, 0x7d, 0x5e, 0x50, 0x18,
    0xdf, 0xb5, 0x6c, 0x6d, 0xfc, 0x71, 0xe5, 0x2,
    0xc6, 0x32, 0x2a, 0xb5, 0x72, 0x33, 0x4f, 0x30,
    0x0, 0x6, 0xff, 0xe4, 0x0, 0xf, 0xff, 0xb0,
    0x0, 0x0, 0x0, 0x0, 0x0, 0x0, 0x0, 0x0,
    0x0,

    /* U+80FD "能" */
    0x0, 0x4, 0x20, 0x0, 0x1, 0x40, 0x0, 0x0,
    0x0, 0x1, 0xf8, 0x0, 0x0, 0x5f, 0x0, 0x1,
    0x50, 0x0, 0xbb, 0x3, 0x90, 0x5, 0xf0, 0x19,
    0xfd, 0x0, 0x8d, 0x10, 0x2f, 0x80, 0x5f, 0xaf,
    0xc5, 0x0, 0x8f, 0x75, 0x78, 0xcf, 0x35, 0xfb,
    0x30, 0x9, 0x58, 0xfe, 0xcb, 0xa9, 0xcd, 0x6f,
    0x0, 0x0, 0xc8, 0x0, 0x0, 0x0, 0x2, 0x54,
    0xf2, 0x0, 0x2f, 0x50, 0xef, 0xff, 0xff, 0xe0,
    0xd, 0xff, 0xff, 0xd0, 0xe, 0x71, 0x11, 0x7e,
    0x0, 0x2, 0x22, 0x10, 0x0, 0xe6, 0x0, 0x6,
    0xe0, 0x4a, 0x0, 0x0, 0x30, 0xe, 0xff, 0xff,
    0xfe, 0x6, 0xe0, 0x5, 0xcf, 0x50, 0xe6, 0x0,
    0x6, 0xe0, 0x6f, 0x8e, 0xf9, 0x20, 0xe, 0xdb,
    0xbb, 0xde, 0x6, 0xfb, 0x50, 0x5, 0x20, 0xe8,
    0x44, 0x48, 0xe0, 0x6e, 0x0, 0x0, 0xb9, 0xe,
    0x60, 0x0, 0x6e, 0x6, 0xe0, 0x0, 0xc, 0x70,
    0xe6, 0x1, 0x8, 0xd0, 0x5f, 0x42, 0x24, 0xf4,
    0xe, 0x60, 0xad, 0xd5, 0x0, 0xbf, 0xff, 0xfa,
    0x0,

    /* U+81EA "自" */
    0x0, 0x0, 0x1, 0x0, 0x0, 0x0, 0x0, 0x0,
    0x1, 0xf5, 0x0, 0x0, 0x0, 0x0, 0x0, 0x7e,
    0x0, 0x0, 0x0, 0xe, 0xff, 0xff, 0xff, 0xff,
    0xff, 0xfe, 0xf8, 0x33, 0x33, 0x33, 0x33, 0x38,
    0xff, 0x60, 0x0, 0x0, 0x0, 0x0, 0x6f, 0xf6,
    0x0, 0x0, 0x0, 0x0, 0x6, 0xff, 0xff, 0xff,
    0xff, 0xff, 0xff, 0xff, 0xf8, 0x33, 0x33, 0x33,
    0x33, 0x38, 0xff, 0x60, 0x0, 0x0, 0x0, 0x0,
    0x6f, 0xf6, 0x0, 0x0, 0x0, 0x0, 0x6, 0xff,
    0xff, 0xff, 0xff, 0xff, 0xff, 0xff, 0xf8, 0x33,
    0x33, 0x33, 0x33, 0x38, 0xff, 0x60, 0x0, 0x0,
    0x0, 0x0, 0x6f, 0xf6, 0x0, 0x0, 0x0, 0x0,
    0x6, 0xff, 0xff, 0xff, 0xff, 0xff, 0xff, 0xff,
    0xf7, 0x22, 0x22, 0x22, 0x22, 0x27, 0xf0,

    /* U+8282 "节" */
    0x0, 0x0, 0x2, 0x0, 0x0, 0x12, 0x0, 0x0,
    0x0, 0x0, 0x2, 0xf3, 0x0, 0x6, 0xe0, 0x0,
    0x0, 0x0, 0x0, 0x2f, 0x30, 0x0, 0x6e, 0x0,
    0x0, 0xd, 0xff, 0xff, 0xff, 0xff, 0xff, 0xff,
    0xff, 0xf6, 0x34, 0x44, 0x5f, 0x64, 0x44, 0x9e,
    0x44, 0x44, 0x10, 0x0, 0x2, 0xf3, 0x0, 0x6,
    0xe0, 0x0, 0x0, 0x0, 0x0, 0x0, 0x0, 0x0,
    0x0, 0x0, 0x0, 0x0, 0xcf, 0xff, 0xff, 0xff,
    0xff, 0xff, 0xfa, 0x0, 0x3, 0x44, 0x4b, 0xc4,
    0x44, 0x44, 0x4c, 0x90, 0x0, 0x0, 0x0, 0xab,
    0x0, 0x0, 0x0, 0xc8, 0x0, 0x0, 0x0, 0xa,
    0xb0, 0x0, 0x0, 0xc, 0x70, 0x0, 0x0, 0x0,
    0xab, 0x0, 0x0, 0x0, 0xe6, 0x0, 0x0, 0x0,
    0xa, 0xb0, 0x0, 0x0, 0xf, 0x50, 0x0, 0x0,
    0x0, 0xab, 0x1, 0x76, 0x5b, 0xf1, 0x0, 0x0,
    0x0, 0xa, 0xb0, 0x1e, 0xff, 0xd5, 0x0, 0x0,
    0x0, 0x0, 0xab, 0x0, 0x0, 0x0, 0x0, 0x0,
    0x0, 0x0, 0xa, 0xb0, 0x0, 0x0, 0x0, 0x0,
    0x0,

    /* U+84DD "蓝" */
    0x0, 0x0, 0x3, 0x30, 0x0, 0x14, 0x0, 0x0,
    0x0, 0x0, 0x0, 0x9a, 0x0, 0x4, 0xe0, 0x0,
    0x0, 0x5f, 0xff, 0xff, 0xff, 0xff, 0xff, 0xff,
    0xff, 0xc1, 0x33, 0x33, 0xab, 0x33, 0x37, 0xf3,
    0x33, 0x32, 0x0, 0x0, 0x2, 0x60, 0x2, 0x72,
    0x0, 0x0, 0x0, 0xa, 0x70, 0x4e, 0x0, 0x8d,
    0x0, 0x0, 0x0, 0x0, 0xb7, 0x4, 0xe0, 0xd,
    0xff, 0xff, 0xff, 0x50, 0xb, 0x70, 0x4e, 0x4,
    0xf3, 0x42, 0x22, 0x20, 0x0, 0xb7, 0x4, 0xe0,
    0xca, 0xb, 0xd3, 0x0, 0x0, 0xb, 0x70, 0x4e,
    0x2f, 0x20, 0x9, 0xf6, 0x0, 0x0, 0x21, 0x1,
    0x50, 0x10, 0x0, 0x5, 0x20, 0x0, 0x5, 0xff,
    0xff, 0xff, 0xff, 0xff, 0xfb, 0x0, 0x0, 0x5d,
    0x22, 0xb8, 0x23, 0xf3, 0x28, 0xb0, 0x0, 0x5,
    0xd0, 0xb, 0x70, 0x1f, 0x10, 0x7b, 0x0, 0x0,
    0x5d, 0x0, 0xb7, 0x1, 0xf1, 0x7, 0xb0, 0x0,
    0x27, 0xd2, 0x2b, 0x82, 0x3f, 0x32, 0x8c, 0x22,
    0x5f, 0xff, 0xff, 0xff, 0xff, 0xff, 0xff, 0xff,
    0xd0,

    /* U+88AB "被" */
    0x0, 0x0, 0x0, 0x0, 0x0, 0x0, 0x0, 0x0,
    0x0, 0x9, 0x90, 0x0, 0x0, 0x0, 0xc5, 0x0,
    0x0, 0x0, 0x4f, 0x30, 0x0, 0x0, 0xd, 0x50,
    0x0, 0x0, 0x0, 0x71, 0x0, 0xaa, 0xaa, 0xfc,
    0xaa, 0xa5, 0x8f, 0xff, 0xfe, 0xf, 0x75, 0x5e,
    0x95, 0x5f, 0x62, 0x44, 0x4d, 0xc0, 0xf3, 0x0,
    0xd5, 0x4, 0xf1, 0x0, 0x4, 0xf2, 0xf, 0x30,
    0xd, 0x50, 0x27, 0x0, 0x1, 0xe8, 0x0, 0xf5,
    0x22, 0xe6, 0x22, 0x10, 0x0, 0xcf, 0x8, 0x5f,
    0xff, 0xff, 0xff, 0xf8, 0x0, 0xbf, 0xfa, 0xe2,
    0xf3, 0xe3, 0x0, 0x1f, 0x40, 0x8e, 0x7f, 0xe8,
    0xf, 0x2a, 0x90, 0x8, 0xe0, 0x3, 0x34, 0xe3,
    0xf3, 0xf1, 0x4e, 0x11, 0xe7, 0x0, 0x0, 0x4e,
    0x1, 0x5e, 0x0, 0xca, 0xbd, 0x0, 0x0, 0x4,
    0xe0, 0xa, 0xb0, 0x3, 0xff, 0x20, 0x0, 0x0,
    0x4e, 0x1, 0xf5, 0x1, 0xbe, 0xfb, 0x20, 0x0,
    0x4, 0xe0, 0xbd, 0x18, 0xfc, 0x12, 0xcf, 0xa4,
    0x0, 0x4e, 0xc, 0x25, 0xe6, 0x0, 0x0, 0x5d,
    0x60, 0x0, 0x0, 0x0, 0x0, 0x0, 0x0, 0x0,
    0x0,

    /* U+8BA4 "认" */
    0x0, 0x0, 0x0, 0x0, 0x0, 0x21, 0x0, 0x0,
    0x0, 0xb, 0x60, 0x0, 0x0, 0xe, 0x70, 0x0,
    0x0, 0x0, 0x7f, 0x50, 0x0, 0x0, 0xe7, 0x0,
    0x0, 0x0, 0x0, 0x9f, 0x40, 0x0, 0xe, 0x60,
    0x0, 0x0, 0x0, 0x0, 0x92, 0x0, 0x0, 0xe6,
    0x0, 0x0, 0x0, 0x0, 0x0, 0x0, 0x0, 0xf,
    0x70, 0x0, 0x0, 0x8e, 0xed, 0x0, 0x0, 0x0,
    0xf9, 0x0, 0x0, 0x2, 0x48, 0xe0, 0x0, 0x0,
    0x2f, 0xd0, 0x0, 0x0, 0x0, 0x6e, 0x0, 0x0,
    0x4, 0xff, 0x10, 0x0, 0x0, 0x6, 0xe0, 0x0,
    0x0, 0x8b, 0xc6, 0x0, 0x0, 0x0, 0x6e, 0x0,
    0x30, 0xe, 0x77, 0xc0, 0x0, 0x0, 0x6, 0xe0,
    0x6f, 0x5, 0xf2, 0x2f, 0x40, 0x0, 0x0, 0x6e,
    0x9f, 0x40, 0xd9, 0x0, 0xad, 0x0, 0x0, 0x7,
    0xfe, 0x20, 0x9f, 0x10, 0x2, 0xfa, 0x0, 0x0,
    0xac, 0x10, 0x7f, 0x50, 0x0, 0x6, 0xfa, 0x0,
    0x0, 0x10, 0x8f, 0x70, 0x0, 0x0, 0x8, 0xf9,
    0x0, 0x0, 0x7, 0x60, 0x0, 0x0, 0x0, 0x5,
    0x10,

    /* U+8BBE "设" */
    0x0, 0x41, 0x0, 0x1, 0x44, 0x44, 0x44, 0x10,
    0x0, 0xd, 0xc0, 0x0, 0x5f, 0xff, 0xff, 0xf5,
    0x0, 0x0, 0x2e, 0xc0, 0x6, 0xe0, 0x0, 0xf,
    0x50, 0x0, 0x0, 0x48, 0x0, 0x8c, 0x0, 0x0,
    0xf5, 0x0, 0x0, 0x0, 0x0, 0x2f, 0x70, 0x0,
    0xe, 0x93, 0x24, 0x99, 0x80, 0x4e, 0xc0, 0x0,
    0x0, 0x8f, 0xfd, 0x38, 0xbe, 0x3, 0x80, 0x0,
    0x0, 0x0, 0x0, 0x0, 0x5, 0xe0, 0xe, 0xff,
    0xff, 0xff, 0xff, 0x10, 0x0, 0x5e, 0x0, 0x2e,
    0x83, 0x33, 0x3a, 0xe0, 0x0, 0x5, 0xe0, 0x0,
    0x7e, 0x0, 0x1, 0xf7, 0x0, 0x0, 0x5e, 0x0,
    0x0, 0xe9, 0x0, 0xbc, 0x0, 0x0, 0x5, 0xe0,
    0x72, 0x4, 0xf7, 0xae, 0x20, 0x0, 0x0, 0x6f,
    0xcf, 0x20, 0x8, 0xff, 0x40, 0x0, 0x0, 0xa,
    0xfb, 0x10, 0x2a, 0xfb, 0xee, 0x70, 0x0, 0x0,
    0x67, 0x26, 0xcf, 0xd4, 0x0, 0x8f, 0xfc, 0x60,
    0x0, 0x5, 0xfa, 0x40, 0x0, 0x0, 0x17, 0xd5,
    0x0, 0x0, 0x0, 0x0, 0x0, 0x0, 0x0, 0x0,
    0x0,

    /* U+8BF7 "请" */
    0x0, 0x0, 0x0, 0x0, 0x2, 0x70, 0x0, 0x0,
    0x0, 0x74, 0x0, 0x0, 0x0, 0x4f, 0x0, 0x0,
    0x0, 0x9, 0xf3, 0x1f, 0xff, 0xff, 0xff, 0xff,
    0xfe, 0x0, 0xa, 0xe0, 0x11, 0x11, 0x5f, 0x11,
    0x11, 0x10, 0x0, 0x4, 0x5, 0xcc, 0xcd, 0xfc,
    0xcc, 0xc7, 0x0, 0x0, 0x0, 0x14, 0x44, 0x7f,
    0x44, 0x44, 0x20, 0x23, 0x31, 0x12, 0x22, 0x26,
    0xf2, 0x22, 0x22, 0xe, 0xff, 0x6b, 0xee, 0xee,
    0xee, 0xee, 0xee, 0xe4, 0x0, 0xe6, 0x0, 0x11,
    0x11, 0x11, 0x11, 0x10, 0x0, 0xe, 0x60, 0x2f,
    0xff, 0xff, 0xff, 0xfe, 0x0, 0x0, 0xe6, 0x2,
    0xf3, 0x11, 0x11, 0x16, 0xe0, 0x0, 0xe, 0x60,
    0x2f, 0xff, 0xff, 0xff, 0xfe, 0x0, 0x0, 0xe6,
    0x2, 0xf2, 0x0, 0x0, 0x5, 0xe0, 0x0, 0xe,
    0x67, 0x6f, 0xff, 0xff, 0xff, 0xfe, 0x0, 0x0,
    0xff, 0xe4, 0xf3, 0x11, 0x11, 0x16, 0xe0, 0x0,
    0x4f, 0xa1, 0x2f, 0x20, 0x3, 0x55, 0xbd, 0x0,
    0x0, 0x40, 0x2, 0xf2, 0x0, 0x5e, 0xdc, 0x50,
    0x0,

    /* U+8BFB "读" */
    0x0, 0x0, 0x0, 0x0, 0x0, 0x10, 0x0, 0x0,
    0x0, 0x34, 0x0, 0x0, 0x0, 0x1f, 0x20, 0x0,
    0x0, 0xa, 0xf4, 0x1, 0x22, 0x23, 0xf4, 0x22,
    0x22, 0x0, 0xc, 0xf3, 0xaf, 0xff, 0xff, 0xff,
    0xff, 0xf0, 0x0, 0x1b, 0x20, 0x0, 0x1, 0xf2,
    0x0, 0x0, 0x0, 0x0, 0x0, 0x44, 0x44, 0x5f,
    0x64, 0x44, 0x41, 0x34, 0x41, 0x1e, 0xee, 0xee,
    0xee, 0xee, 0xef, 0x4d, 0xff, 0x50, 0x2, 0xb3,
    0x0, 0x82, 0x0, 0xf3, 0x0, 0xe5, 0x0, 0x18,
    0xfb, 0xf, 0x40, 0x1f, 0x20, 0xe, 0x50, 0x6c,
    0x32, 0x70, 0xf4, 0x0, 0x0, 0x0, 0xe5, 0x0,
    0x7f, 0xa0, 0x1f, 0x30, 0x0, 0x0, 0xe, 0x50,
    0x33, 0x58, 0x35, 0xf4, 0x33, 0x31, 0x0, 0xe5,
    0x3f, 0xff, 0xff, 0xff, 0xff, 0xff, 0x80, 0xe,
    0x51, 0x20, 0x0, 0x1e, 0xc0, 0x0, 0x0, 0x0,
    0xfa, 0xe5, 0x0, 0x3d, 0xdd, 0xe6, 0x0, 0x0,
    0x3f, 0xf7, 0x3, 0xaf, 0xb1, 0x7, 0xfd, 0x40,
    0x2, 0xc2, 0x2e, 0xfc, 0x50, 0x0, 0x1, 0xbf,
    0x30, 0x0, 0x0, 0x62, 0x0, 0x0, 0x0, 0x0,
    0x20,

    /* U+8C03 "调" */
    0x3, 0x80, 0x0, 0x11, 0x11, 0x11, 0x11, 0x11,
    0x3, 0xf8, 0x4, 0xff, 0xff, 0xff, 0xff, 0xfe,
    0x0, 0x5f, 0x64, 0xe0, 0x0, 0x52, 0x0, 0x4e,
    0x0, 0x7, 0x34, 0xe0, 0x0, 0xe5, 0x0, 0x4e,
    0x0, 0x0, 0x4, 0xe3, 0xff, 0xff, 0xfa, 0x4e,
    0xad, 0xd3, 0x4, 0xe0, 0x11, 0xe6, 0x10, 0x4e,
    0x57, 0xf4, 0x4, 0xe1, 0x33, 0xe7, 0x33, 0x5e,
    0x0, 0xe4, 0x4, 0xe8, 0xee, 0xee, 0xee, 0x7e,
    0x0, 0xe4, 0x4, 0xe0, 0x0, 0x0, 0x0, 0x4e,
    0x0, 0xe4, 0x5, 0xd0, 0xef, 0xff, 0xf3, 0x4e,
    0x0, 0xe4, 0x69, 0xc0, 0xe4, 0x11, 0xe3, 0x4e,
    0x0, 0xfd, 0xfc, 0xa0, 0xe3, 0x0, 0xe3, 0x4e,
    0x4, 0xfd, 0x2e, 0x60, 0xef, 0xff, 0xf3, 0x4e,
    0x1, 0xa0, 0x5f, 0x10, 0xe5, 0x11, 0x10, 0x4e,
    0x0, 0x2, 0xe9, 0x0, 0x0, 0x3, 0x33, 0x9e,
    0x0, 0x5, 0xd0, 0x0, 0x0, 0x8, 0xff, 0xf7,
    0x0, 0x0, 0x0, 0x0, 0x0, 0x0, 0x0, 0x0,

    /* U+8D25 "败" */
    0x0, 0x0, 0x0, 0x0, 0x0, 0x0, 0x0, 0x0,
    0x0, 0x34, 0x44, 0x44, 0x10, 0x5e, 0x0, 0x0,
    0x0, 0xf, 0xfe, 0xee, 0xf4, 0xa, 0xa0, 0x0,
    0x0, 0x0, 0xf4, 0x0, 0xe, 0x40, 0xf7, 0x33,
    0x33, 0x30, 0xf, 0x42, 0xa0, 0xe4, 0x6f, 0xff,
    0xff, 0xff, 0x50, 0xf4, 0x4e, 0xe, 0x4d, 0xf1,
    0x0, 0x7d, 0x0, 0xf, 0x44, 0xe0, 0xe9, 0xff,
    0x20, 0x8, 0xc0, 0x0, 0xf4, 0x4e, 0xe, 0xb9,
    0xc4, 0x0, 0xaa, 0x0, 0xf, 0x44, 0xe0, 0xe4,
    0x1a, 0x80, 0xd, 0x70, 0x0, 0xf4, 0x4e, 0xe,
    0x40, 0x7b, 0x1, 0xf4, 0x0, 0xf, 0x46, 0xd0,
    0xe4, 0x3, 0xf1, 0x6e, 0x0, 0x0, 0xf4, 0x8b,
    0xe, 0x40, 0xd, 0x8d, 0x90, 0x0, 0x3, 0xb,
    0xfa, 0x20, 0x0, 0x6f, 0xf1, 0x0, 0x0, 0x2,
    0xf5, 0xe8, 0x0, 0x6, 0xfd, 0x0, 0x0, 0x0,
    0xdb, 0x4, 0xf4, 0x8, 0xf9, 0xed, 0x20, 0x2,
    0xdd, 0x10, 0x5, 0x4d, 0xf5, 0x2, 0xdf, 0xa2,
    0x5d, 0x20, 0x0, 0x2f, 0xb2, 0x0, 0x0, 0x7f,
    0x30, 0x0, 0x0, 0x0, 0x20, 0x0, 0x0, 0x0,
    0x0,

    /* U+8F6C "转" */
    0x0, 0x9, 0x90, 0x0, 0x0, 0xc, 0x50, 0x0,
    0x0, 0x0, 0xe7, 0x0, 0x0, 0x1, 0xf2, 0x0,
    0x0, 0x15, 0x6f, 0x75, 0x53, 0x35, 0x8f, 0x55,
    0x55, 0x14, 0xce, 0xfc, 0xcc, 0x88, 0xdf, 0xed,
    0xdd, 0xd4, 0x0, 0xc7, 0x74, 0x0, 0x0, 0xd6,
    0x0, 0x0, 0x0, 0x2f, 0x1c, 0x70, 0x12, 0x4f,
    0x52, 0x22, 0x22, 0x9, 0xb0, 0xc7, 0x6, 0xff,
    0xff, 0xff, 0xff, 0xe0, 0xf6, 0x1c, 0x81, 0x10,
    0xb9, 0x0, 0x0, 0x0, 0x2f, 0xff, 0xff, 0xfa,
    0xf, 0x40, 0x0, 0x0, 0x0, 0x0, 0xc, 0x70,
    0x2, 0xff, 0xff, 0xff, 0xf2, 0x0, 0x0, 0xc7,
    0x1, 0x2, 0x22, 0x23, 0xdd, 0x1, 0x57, 0x9e,
    0xef, 0xf0, 0x60, 0x0, 0x9e, 0x10, 0x7e, 0xca,
    0xe9, 0x30, 0x3e, 0xd3, 0x8e, 0x20, 0x0, 0x0,
    0xc, 0x70, 0x0, 0x1a, 0xff, 0x40, 0x0, 0x0,
    0x0, 0xc7, 0x0, 0x0, 0x5, 0xee, 0x50, 0x0,
    0x0, 0xc, 0x70, 0x0, 0x0, 0x1, 0xa8, 0x0,
    0x0, 0x0, 0x0, 0x0, 0x0, 0x0, 0x0, 0x0,
    0x0,

    /* U+8FD4 "返" */
    0x0, 0x74, 0x0, 0x0, 0x0, 0x12, 0x35, 0x68,
    0x60, 0x0, 0x9f, 0x20, 0xf, 0xff, 0xff, 0xfe,
    0xdb, 0x90, 0x0, 0xd, 0xc0, 0xf, 0x62, 0x10,
    0x0, 0x0, 0x0, 0x0, 0x3, 0xd2, 0xf, 0x40,
    0x0, 0x0, 0x0, 0x0, 0x0, 0x0, 0x0, 0xf,
    0x97, 0x77, 0x77, 0x77, 0x20, 0x3, 0x44, 0x10,
    0xf, 0xcb, 0xbb, 0xbb, 0xbf, 0x40, 0xd, 0xff,
    0x60, 0xf, 0x33, 0x0, 0x0, 0x7e, 0x0, 0x0,
    0xe, 0x60, 0x1f, 0x4f, 0x90, 0x1, 0xe7, 0x0,
    0x0, 0xe, 0x60, 0x4f, 0x3, 0xec, 0x1b, 0xd0,
    0x0, 0x0, 0xe, 0x60, 0x8c, 0x0, 0x2d, 0xff,
    0x30, 0x0, 0x0, 0xe, 0x60, 0xd8, 0x0, 0xa,
    0xff, 0x50, 0x0, 0x0, 0xe, 0x66, 0xf1, 0x3,
    0xde, 0x4a, 0xf7, 0x0, 0x0, 0xe, 0x6b, 0x82,
    0xaf, 0xc2, 0x0, 0x9f, 0x90, 0x0, 0x9f, 0xb1,
    0x7, 0xe5, 0x0, 0x0, 0x7, 0x60, 0x9, 0xf5,
    0xed, 0x63, 0x32, 0x22, 0x22, 0x33, 0x31, 0xb,
    0x50, 0x19, 0xdf, 0xff, 0xff, 0xff, 0xff, 0xf3,
    0x0, 0x0, 0x0, 0x0, 0x0, 0x0, 0x0, 0x0,
    0x0,

    /* U+9152 "酒" */
    0x3, 0x50, 0x3, 0x33, 0x33, 0x33, 0x33, 0x33,
    0x20, 0x7f, 0x81, 0xff, 0xff, 0xff, 0xff, 0xff,
    0xfc, 0x0, 0x5f, 0x90, 0x0, 0x8a, 0x6, 0xc0,
    0x0, 0x0, 0x0, 0x41, 0x0, 0x8, 0xa0, 0x6c,
    0x0, 0x0, 0x4, 0x0, 0xa, 0xff, 0xff, 0xff,
    0xff, 0xff, 0x5, 0xf9, 0x0, 0xb9, 0x2a, 0xb2,
    0x8d, 0x24, 0xf0, 0x5, 0xfc, 0xb, 0x80, 0xa8,
    0x6, 0xc0, 0x2f, 0x0, 0x2, 0x40, 0xb8, 0x1f,
    0x40, 0x6e, 0x2, 0xf0, 0x0, 0x0, 0xb, 0x8c,
    0xd0, 0x2, 0xff, 0xff, 0x0, 0x3, 0x70, 0xbc,
    0xe2, 0x0, 0x1, 0x45, 0xf0, 0x0, 0x8f, 0xb,
    0x81, 0x11, 0x11, 0x11, 0x3f, 0x0, 0xc, 0xa0,
    0xbf, 0xff, 0xff, 0xff, 0xff, 0xf0, 0x1, 0xf5,
    0xb, 0x81, 0x11, 0x11, 0x11, 0x3f, 0x0, 0x7f,
    0x0, 0xb8, 0x0, 0x0, 0x0, 0x2, 0xf0, 0xd,
    0xb0, 0xb, 0xff, 0xff, 0xff, 0xff, 0xff, 0x0,
    0x75, 0x0, 0xb9, 0x33, 0x33, 0x33, 0x34, 0xf0,

    /* U+91CF "量" */
    0x0, 0x2b, 0xbb, 0xbb, 0xbb, 0xbb, 0xb9, 0x0,
    0x0, 0x4, 0xe2, 0x22, 0x22, 0x22, 0x26, 0xe0,
    0x0, 0x0, 0x4f, 0xdd, 0xdd, 0xdd, 0xdd, 0xee,
    0x0, 0x0, 0x4, 0xe0, 0x0, 0x0, 0x0, 0x4,
    0xe0, 0x0, 0x0, 0x4f, 0xdd, 0xdd, 0xdd, 0xdd,
    0xee, 0x0, 0x7, 0x99, 0xa9, 0x99, 0x99, 0x99,
    0x99, 0xa9, 0x93, 0x35, 0x55, 0x55, 0x55, 0x55,
    0x55, 0x55, 0x55, 0x20, 0x5, 0xee, 0xee, 0xee,
    0xee, 0xee, 0xe0, 0x0, 0x0, 0x6c, 0x0, 0x4,
    0xd0, 0x0, 0x2f, 0x0, 0x0, 0x6, 0xfc, 0xcc,
    0xdf, 0xcc, 0xcd, 0xf0, 0x0, 0x0, 0x6c, 0x0,
    0x4, 0xd0, 0x0, 0x2f, 0x0, 0x0, 0x6, 0xfd,
    0xdd, 0xef, 0xdd, 0xde, 0xf0, 0x0, 0x0, 0x12,
    0x0, 0x4, 0xd0, 0x0, 0x3, 0x0, 0x0, 0xde,
    0xee, 0xee, 0xef, 0xee, 0xee, 0xee, 0x70, 0x0,
    0x0, 0x0, 0x4, 0xd0, 0x0, 0x0, 0x0, 0xd,
    0xee, 0xee, 0xee, 0xef, 0xee, 0xee, 0xee, 0xe7,

    /* U+952E "键" */
    0x0, 0x10, 0x0, 0x0, 0x0, 0x1, 0x10, 0x0,
    0x0, 0xf, 0x20, 0x0, 0x0, 0x0, 0x97, 0x0,
    0x0, 0x5, 0xe0, 0x4, 0x77, 0x26, 0x8c, 0xc8,
    0x82, 0x0, 0xae, 0xaa, 0x58, 0xf4, 0x67, 0xcb,
    0x7d, 0x40, 0x2f, 0x76, 0x60, 0x4d, 0x22, 0x2a,
    0x92, 0xc6, 0x9, 0xb0, 0x0, 0xc, 0x6a, 0xdd,
    0xee, 0xdf, 0xd4, 0x9c, 0xcc, 0x94, 0xd0, 0x0,
    0x9, 0x70, 0xc4, 0x0, 0x3e, 0x73, 0xbb, 0x61,
    0xac, 0xee, 0xcf, 0x40, 0x0, 0xe3, 0x7, 0x9e,
    0x32, 0x2a, 0x92, 0x72, 0x9, 0xdf, 0xed, 0x30,
    0xe3, 0x55, 0xba, 0x55, 0x10, 0x24, 0xe6, 0x4a,
    0xf, 0x2a, 0xad, 0xca, 0xa3, 0x0, 0xe, 0x30,
    0xc7, 0xe0, 0x0, 0x97, 0x0, 0x0, 0x0, 0xe3,
    0x15, 0xf9, 0x8e, 0xef, 0xee, 0xe7, 0x0, 0xe,
    0x8d, 0xf, 0x70, 0x11, 0xa8, 0x11, 0x0, 0x1,
    0xff, 0x54, 0xef, 0x50, 0x9, 0x70, 0x0, 0x0,
    0x3f, 0x40, 0xd6, 0x4e, 0xa5, 0x32, 0x22, 0x32,
    0x0, 0x20, 0x9c, 0x0, 0x18, 0xce, 0xff, 0xff,
    0x30, 0x0, 0x1, 0x20, 0x0, 0x0, 0x0, 0x0,
    0x0,

    /* U+97F3 "音" */
    0x0, 0x0, 0x0, 0x0, 0x10, 0x0, 0x0, 0x0,
    0x0, 0x0, 0x0, 0x0, 0x9d, 0x0, 0x0, 0x0,
    0x0, 0x4, 0x44, 0x44, 0x47, 0xf6, 0x44, 0x44,
    0x42, 0x0, 0xff, 0xff, 0xff, 0xff, 0xff, 0xff,
    0xff, 0x80, 0x0, 0x0, 0x96, 0x0, 0x0, 0xc,
    0x50, 0x0, 0x0, 0x0, 0x6, 0xf1, 0x0, 0x9,
    0xe1, 0x0, 0x0, 0xdf, 0xff, 0xff, 0xff, 0xff,
    0xff, 0xff, 0xff, 0x53, 0x44, 0x44, 0x44, 0x44,
    0x44, 0x44, 0x44, 0x41, 0x0, 0x11, 0x11, 0x11,
    0x11, 0x11, 0x11, 0x0, 0x0, 0xd, 0xff, 0xff,
    0xff, 0xff, 0xff, 0xf4, 0x0, 0x0, 0xd7, 0x11,
    0x11, 0x11, 0x11, 0x1f, 0x40, 0x0, 0xd, 0x71,
    0x11, 0x11, 0x11, 0x11, 0xf4, 0x0, 0x0, 0xdf,
    0xff, 0xff, 0xff, 0xff, 0xff, 0x40, 0x0, 0xd,
    0x71, 0x11, 0x11, 0x11, 0x11, 0xf4, 0x0, 0x0,
    0xd7, 0x0, 0x0, 0x0, 0x0, 0xf, 0x40, 0x0,
    0xd, 0xff, 0xff, 0xff, 0xff, 0xff, 0xf4, 0x0,
    0x0, 0xd8, 0x22, 0x22, 0x22, 0x22, 0x2f, 0x40,
    0x0, 0x0, 0x0, 0x0, 0x0, 0x0, 0x0, 0x0,
    0x0,

    /* U+9898 "题" */
    0x2, 0x44, 0x44, 0x40, 0x12, 0x22, 0x22, 0x22,
    0x0, 0xad, 0xcc, 0xcf, 0x3e, 0xff, 0xff, 0xff,
    0xf2, 0xa, 0x70, 0x0, 0xd3, 0x0, 0x8, 0xb0,
    0x0, 0x0, 0xaf, 0xff, 0xff, 0x31, 0x44, 0xca,
    0x44, 0x10, 0xa, 0x70, 0x0, 0xd3, 0x4f, 0xaa,
    0xaa, 0xe4, 0x0, 0xad, 0xbb, 0xbf, 0x34, 0xd0,
    0x2a, 0xd, 0x40, 0xa, 0x94, 0x44, 0xe3, 0x4d,
    0x4, 0xd0, 0xd4, 0x1, 0x33, 0x22, 0x23, 0x24,
    0xd0, 0x4d, 0xd, 0x40, 0x9f, 0xff, 0xff, 0xff,
    0x5d, 0x4, 0xc0, 0xd4, 0x0, 0x11, 0xe, 0x20,
    0x4, 0xd0, 0x7b, 0xd, 0x40, 0x8, 0x90, 0xe4,
    0x21, 0x3a, 0xc, 0xa0, 0x93, 0x0, 0x98, 0xe,
    0xff, 0xd0, 0x5, 0xfd, 0xa0, 0x0, 0xc, 0xe1,
    0xe2, 0x0, 0x7, 0xf6, 0x1c, 0xc1, 0x1, 0xfa,
    0xdf, 0x20, 0x3e, 0xe5, 0x0, 0xc, 0x90, 0x8d,
    0x8, 0xfb, 0x75, 0x94, 0x33, 0x44, 0x56, 0x28,
    0x70, 0x2, 0x7b, 0xde, 0xff, 0xff, 0xff, 0xe3,
    0x10, 0x0, 0x0, 0x0, 0x0, 0x0, 0x0, 0x0,
    0x0,

    /* U+9AD8 "高" */
    0x0, 0x0, 0x0, 0x4, 0x30, 0x0, 0x0, 0x0,
    0x0, 0x0, 0x0, 0x0, 0xad, 0x0, 0x0, 0x0,
    0x0, 0xbd, 0xdd, 0xdd, 0xde, 0xfd, 0xdd, 0xdd,
    0xdd, 0x63, 0x44, 0x44, 0x44, 0x44, 0x44, 0x44,
    0x44, 0x41, 0x0, 0x3, 0x33, 0x33, 0x33, 0x33,
    0x32, 0x0, 0x0, 0x0, 0xfd, 0xdd, 0xdd, 0xdd,
    0xde, 0xb0, 0x0, 0x0, 0xf, 0x30, 0x0, 0x0,
    0x0, 0x8b, 0x0, 0x0, 0x0, 0xff, 0xff, 0xff,
    0xff, 0xff, 0xb0, 0x0, 0x0, 0xd, 0x31, 0x11,
    0x11, 0x11, 0x7a, 0x0, 0x0, 0x89, 0x99, 0x99,
    0x99, 0x99, 0x99, 0x99, 0x50, 0xe, 0x85, 0x55,
    0x55, 0x55, 0x55, 0x55, 0xc9, 0x0, 0xe5, 0x4,
    0xcc, 0xcc, 0xcc, 0xc1, 0xa, 0x90, 0xe, 0x50,
    0x6d, 0x44, 0x44, 0x5f, 0x10, 0xa9, 0x0, 0xe5,
    0x6, 0xd1, 0x11, 0x12, 0xf1, 0xa, 0x90, 0xe,
    0x50, 0x6f, 0xff, 0xff, 0xff, 0x10, 0xa9, 0x0,
    0xe5, 0x2, 0x50, 0x0, 0x0, 0x76, 0x5e, 0x80,
    0xe, 0x50, 0x0, 0x0, 0x0, 0xb, 0xee, 0xb1,
    0x0
};


/*---------------------
 *  GLYPH DESCRIPTION
 *--------------------*/

static const lv_font_fmt_txt_glyph_dsc_t glyph_dsc[] = {
    {.bitmap_index = 0, .adv_w = 0, .box_w = 0, .box_h = 0, .ofs_x = 0, .ofs_y = 0} /* id = 0 reserved */,
    {.bitmap_index = 0, .adv_w = 80, .box_w = 0, .box_h = 0, .ofs_x = 0, .ofs_y = 0},
    {.bitmap_index = 0, .adv_w = 85, .box_w = 3, .box_h = 14, .ofs_x = 1, .ofs_y = 0},
    {.bitmap_index = 21, .adv_w = 118, .box_w = 5, .box_h = 5, .ofs_x = 1, .ofs_y = 9},
    {.bitmap_index = 34, .adv_w = 174, .box_w = 11, .box_h = 13, .ofs_x = 0, .ofs_y = 1},
    {.bitmap_index = 106, .adv_w = 160, .box_w = 8, .box_h = 18, .ofs_x = 1, .ofs_y = -2},
    {.bitmap_index = 178, .adv_w = 242, .box_w = 15, .box_h = 14, .ofs_x = 0, .ofs_y = 0},
    {.bitmap_index = 283, .adv_w = 237, .box_w = 14, .box_h = 14, .ofs_x = 1, .ofs_y = 0},
    {.bitmap_index = 381, .adv_w = 70, .box_w = 2, .box_h = 5, .ofs_x = 1, .ofs_y = 9},
    {.bitmap_index = 386, .adv_w = 91, .box_w = 5, .box_h = 17, .ofs_x = 1, .ofs_y = -3},
    {.bitmap_index = 429, .adv_w = 91, .box_w = 5, .box_h = 17, .ofs_x = 0, .ofs_y = -3},
    {.bitmap_index = 472, .adv_w = 124, .box_w = 8, .box_h = 7, .ofs_x = 0, .ofs_y = 7},
    {.bitmap_index = 500, .adv_w = 202, .box_w = 9, .box_h = 9, .ofs_x = 2, .ofs_y = 1},
    {.bitmap_index = 541, .adv_w = 65, .box_w = 3, .box_h = 5, .ofs_x = 0, .ofs_y = -3},
    {.bitmap_index = 549, .adv_w = 118, .box_w = 6, .box_h = 3, .ofs_x = 1, .ofs_y = 4},
    {.bitmap_index = 558, .adv_w = 65, .box_w = 4, .box_h = 3, .ofs_x = 0, .ofs_y = 0},
    {.bitmap_index = 564, .adv_w = 116, .box_w = 9, .box_h = 16, .ofs_x = -1, .ofs_y = -2},
    {.bitmap_index = 636, .adv_w = 160, .box_w = 10, .box_h = 14, .ofs_x = 0, .ofs_y = 0},
    {.bitmap_index = 706, .adv_w = 160, .box_w = 6, .box_h = 14, .ofs_x = 1, .ofs_y = 0},
    {.bitmap_index = 748, .adv_w = 160, .box_w = 10, .box_h = 14, .ofs_x = 0, .ofs_y = 0},
    {.bitmap_index = 818, .adv_w = 160, .box_w = 8, .box_h = 14, .ofs_x = 1, .ofs_y = 0},
    {.bitmap_index = 874, .adv_w = 160, .box_w = 10, .box_h = 14, .ofs_x = 0, .ofs_y = 0},
    {.bitmap_index = 944, .adv_w = 160, .box_w = 8, .box_h = 14, .ofs_x = 1, .ofs_y = 0},
    {.bitmap_index = 1000, .adv_w = 160, .box_w = 10, .box_h = 14, .ofs_x = 0, .ofs_y = 0},
    {.bitmap_index = 1070, .adv_w = 160, .box_w = 10, .box_h = 14, .ofs_x = 0, .ofs_y = 0},
    {.bitmap_index = 1140, .adv_w = 160, .box_w = 10, .box_h = 14, .ofs_x = 0, .ofs_y = 0},
    {.bitmap_index = 1210, .adv_w = 160, .box_w = 10, .box_h = 14, .ofs_x = 0, .ofs_y = 0},
    {.bitmap_index = 1280, .adv_w = 65, .box_w = 4, .box_h = 10, .ofs_x = 0, .ofs_y = 0},
    {.bitmap_index = 1300, .adv_w = 65, .box_w = 4, .box_h = 13, .ofs_x = 0, .ofs_y = -3},
    {.bitmap_index = 1326, .adv_w = 202, .box_w = 9, .box_h = 10, .ofs_x = 2, .ofs_y = 1},
    {.bitmap_index = 1371, .adv_w = 202, .box_w = 9, .box_h = 7, .ofs_x = 2, .ofs_y = 2},
    {.bitmap_index = 1403, .adv_w = 202, .box_w = 9, .box_h = 10, .ofs_x = 2, .ofs_y = 1},
    {.bitmap_index = 1448, .adv_w = 131, .box_w = 7, .box_h = 14, .ofs_x = 1, .ofs_y = 0},
    {.bitmap_index = 1497, .adv_w = 281, .box_w = 16, .box_h = 17, .ofs_x = 1, .ofs_y = -3},
    {.bitmap_index = 1633, .adv_w = 191, .box_w = 12, .box_h = 14, .ofs_x = 0, .ofs_y = 0},
    {.bitmap_index = 1717, .adv_w = 171, .box_w = 9, .box_h = 14, .ofs_x = 1, .ofs_y = 0},
    {.bitmap_index = 1780, .adv_w = 182, .box_w = 11, .box_h = 14, .ofs_x = 0, .ofs_y = 0},
    {.bitmap_index = 1857, .adv_w = 207, .box_w = 12, .box_h = 14, .ofs_x = 1, .ofs_y = 0},
    {.bitmap_index = 1941, .adv_w = 150, .box_w = 8, .box_h = 14, .ofs_x = 1, .ofs_y = 0},
    {.bitmap_index = 1997, .adv_w = 145, .box_w = 8, .box_h = 14, .ofs_x = 1, .ofs_y = 0},
    {.bitmap_index = 2053, .adv_w = 202, .box_w = 12, .box_h = 14, .ofs_x = 0, .ofs_y = 0},
    {.bitmap_index = 2137, .adv_w = 210, .box_w = 11, .box_h = 14, .ofs_x = 1, .ofs_y = 0},
    {.bitmap_index = 2214, .adv_w = 80, .box_w = 3, .box_h = 14, .ofs_x = 1, .ofs_y = 0},
    {.bitmap_index = 2235, .adv_w = 108, .box_w = 6, .box_h = 14, .ofs_x = 0, .ofs_y = 0},
    {.bitmap_index = 2277, .adv_w = 173, .box_w = 10, .box_h = 14, .ofs_x = 1, .ofs_y = 0},
    {.bitmap_index = 2347, .adv_w = 140, .box_w = 8, .box_h = 14, .ofs_x = 1, .ofs_y = 0},
    {.bitmap_index = 2403, .adv_w = 266, .box_w = 14, .box_h = 14, .ofs_x = 1, .ofs_y = 0},
    {.bitmap_index = 2501, .adv_w = 221, .box_w = 12, .box_h = 14, .ofs_x = 1, .ofs_y = 0},
    {.bitmap_index = 2585, .adv_w = 222, .box_w = 14, .box_h = 14, .ofs_x = 0, .ofs_y = 0},
    {.bitmap_index = 2683, .adv_w = 166, .box_w = 9, .box_h = 14, .ofs_x = 1, .ofs_y = 0},
    {.bitmap_index = 2746, .adv_w = 222, .box_w = 15, .box_h = 16, .ofs_x = 0, .ofs_y = -2},
    {.bitmap_index = 2866, .adv_w = 178, .box_w = 11, .box_h = 14, .ofs_x = 1, .ofs_y = 0},
    {.bitmap_index = 2943, .adv_w = 157, .box_w = 8, .box_h = 14, .ofs_x = 1, .ofs_y = 0},
    {.bitmap_index = 2999, .adv_w = 156, .box_w = 10, .box_h = 14, .ofs_x = 0, .ofs_y = 0},
    {.bitmap_index = 3069, .adv_w = 203, .box_w = 11, .box_h = 14, .ofs_x = 1, .ofs_y = 0},
    {.bitmap_index = 3146, .adv_w = 184, .box_w = 12, .box_h = 14, .ofs_x = 0, .ofs_y = 0},
    {.bitmap_index = 3230, .adv_w = 277, .box_w = 18, .box_h = 14, .ofs_x = 0, .ofs_y = 0},
    {.bitmap_index = 3356, .adv_w = 175, .box_w = 11, .box_h = 14, .ofs_x = 0, .ofs_y = 0},
    {.bitmap_index = 3433, .adv_w = 164, .box_w = 11, .box_h = 14, .ofs_x = 0, .ofs_y = 0},
    {.bitmap_index = 3510, .adv_w = 169, .box_w = 11, .box_h = 14, .ofs_x = 0, .ofs_y = 0},
    {.bitmap_index = 3587, .adv_w = 91, .box_w = 5, .box_h = 18, .ofs_x = 1, .ofs_y = -4},
    {.bitmap_index = 3632, .adv_w = 113, .box_w = 9, .box_h = 16, .ofs_x = -1, .ofs_y = -2},
    {.bitmap_index = 3704, .adv_w = 91, .box_w = 4, .box_h = 18, .ofs_x = 0, .ofs_y = -4},
    {.bitmap_index = 3740, .adv_w = 202, .box_w = 9, .box_h = 8, .ofs_x = 2, .ofs_y = 6},
    {.bitmap_index = 3776, .adv_w = 122, .box_w = 8, .box_h = 2, .ofs_x = 0, .ofs_y = -5},
    {.bitmap_index = 3784, .adv_w = 80, .box_w = 5, .box_h = 3, .ofs_x = 0, .ofs_y = 12},
    {.bitmap_index = 3792, .adv_w = 150, .box_w = 9, .box_h = 10, .ofs_x = 0, .ofs_y = 0},
    {.bitmap_index = 3837, .adv_w = 174, .box_w = 10, .box_h = 14, .ofs_x = 1, .ofs_y = 0},
    {.bitmap_index = 3907, .adv_w = 136, .box_w = 8, .box_h = 10, .ofs_x = 0, .ofs_y = 0},
    {.bitmap_index = 3947, .adv_w = 174, .box_w = 10, .box_h = 14, .ofs_x = 0, .ofs_y = 0},
    {.bitmap_index = 4017, .adv_w = 154, .box_w = 9, .box_h = 10, .ofs_x = 0, .ofs_y = 0},
    {.bitmap_index = 4062, .adv_w = 94, .box_w = 7, .box_h = 14, .ofs_x = 0, .ofs_y = 0},
    {.bitmap_index = 4111, .adv_w = 174, .box_w = 10, .box_h = 14, .ofs_x = 0, .ofs_y = -4},
    {.bitmap_index = 4181, .adv_w = 167, .box_w = 9, .box_h = 14, .ofs_x = 1, .ofs_y = 0},
    {.bitmap_index = 4244, .adv_w = 72, .box_w = 3, .box_h = 14, .ofs_x = 1, .ofs_y = 0},
    {.bitmap_index = 4265, .adv_w = 73, .box_w = 6, .box_h = 18, .ofs_x = -2, .ofs_y = -4},
    {.bitmap_index = 4319, .adv_w = 148, .box_w = 9, .box_h = 14, .ofs_x = 1, .ofs_y = 0},
    {.bitmap_index = 4382, .adv_w = 72, .box_w = 3, .box_h = 14, .ofs_x = 1, .ofs_y = 0},
    {.bitmap_index = 4403, .adv_w = 255, .box_w = 14, .box_h = 10, .ofs_x = 1, .ofs_y = 0},
    {.bitmap_index = 4473, .adv_w = 168, .box_w = 9, .box_h = 10, .ofs_x = 1, .ofs_y = 0},
    {.bitmap_index = 4518, .adv_w = 173, .box_w = 10, .box_h = 10, .ofs_x = 0, .ofs_y = 0},
    {.bitmap_index = 4568, .adv_w = 174, .box_w = 10, .box_h = 14, .ofs_x = 1, .ofs_y = -4},
    {.bitmap_index = 4638, .adv_w = 174, .box_w = 10, .box_h = 14, .ofs_x = 0, .ofs_y = -4},
    {.bitmap_index = 4708, .adv_w = 104, .box_w = 6, .box_h = 11, .ofs_x = 1, .ofs_y = 0},
    {.bitmap_index = 4741, .adv_w = 126, .box_w = 8, .box_h = 10, .ofs_x = 0, .ofs_y = 0},
    {.bitmap_index = 4781, .adv_w = 101, .box_w = 6, .box_h = 13, .ofs_x = 0, .ofs_y = 0},
    {.bitmap_index = 4820, .adv_w = 168, .box_w = 9, .box_h = 10, .ofs_x = 1, .ofs_y = 0},
    {.bitmap_index = 4865, .adv_w = 143, .box_w = 9, .box_h = 10, .ofs_x = 0, .ofs_y = 0},
    {.bitmap_index = 4910, .adv_w = 215, .box_w = 14, .box_h = 10, .ofs_x = 0, .ofs_y = 0},
    {.bitmap_index = 4980, .adv_w = 138, .box_w = 9, .box_h = 10, .ofs_x = 0, .ofs_y = 0},
    {.bitmap_index = 5025, .adv_w = 144, .box_w = 9, .box_h = 14, .ofs_x = 0, .ofs_y = -4},
    {.bitmap_index = 5088, .adv_w = 134, .box_w = 8, .box_h = 10, .ofs_x = 0, .ofs_y = 0},
    {.bitmap_index = 5128, .adv_w = 91, .box_w = 6, .box_h = 18, .ofs_x = 0, .ofs_y = -4},
    {.bitmap_index = 5182, .adv_w = 73, .box_w = 3, .box_h = 20, .ofs_x = 1, .ofs_y = -4},
    {.bitmap_index = 5212, .adv_w = 91, .box_w = 5, .box_h = 18, .ofs_x = 0, .ofs_y = -4},
    {.bitmap_index = 5257, .adv_w = 202, .box_w = 10, .box_h = 5, .ofs_x = 1, .ofs_y = 3},
    {.bitmap_index = 5282, .adv_w = 272, .box_w = 18, .box_h = 15, .ofs_x = 0, .ofs_y = -2},
    {.bitmap_index = 5417, .adv_w = 272, .box_w = 15, .box_h = 17, .ofs_x = 1, .ofs_y = -2},
    {.bitmap_index = 5545, .adv_w = 272, .box_w = 17, .box_h = 17, .ofs_x = 0, .ofs_y = -2},
    {.bitmap_index = 5690, .adv_w = 272, .box_w = 17, .box_h = 17, .ofs_x = 0, .ofs_y = -3},
    {.bitmap_index = 5835, .adv_w = 272, .box_w = 18, .box_h = 18, .ofs_x = -1, .ofs_y = -3},
    {.bitmap_index = 5997, .adv_w = 272, .box_w = 16, .box_h = 18, .ofs_x = 0, .ofs_y = -3},
    {.bitmap_index = 6141, .adv_w = 272, .box_w = 17, .box_h = 18, .ofs_x = 0, .ofs_y = -3},
    {.bitmap_index = 6294, .adv_w = 272, .box_w = 17, .box_h = 18, .ofs_x = 0, .ofs_y = -3},
    {.bitmap_index = 6447, .adv_w = 272, .box_w = 15, .box_h = 17, .ofs_x = 2, .ofs_y = -3},
    {.bitmap_index = 6575, .adv_w = 272, .box_w = 17, .box_h = 16, .ofs_x = 0, .ofs_y = -3},
    {.bitmap_index = 6711, .adv_w = 272, .box_w = 17, .box_h = 17, .ofs_x = 0, .ofs_y = -3},
    {.bitmap_index = 6856, .adv_w = 272, .box_w = 17, .box_h = 18, .ofs_x = 0, .ofs_y = -3},
    {.bitmap_index = 7009, .adv_w = 272, .box_w = 15, .box_h = 16, .ofs_x = 1, .ofs_y = -2},
    {.bitmap_index = 7129, .adv_w = 272, .box_w = 15, .box_h = 17, .ofs_x = 1, .ofs_y = -3},
    {.bitmap_index = 7257, .adv_w = 272, .box_w = 17, .box_h = 17, .ofs_x = 0, .ofs_y = -2},
    {.bitmap_index = 7402, .adv_w = 272, .box_w = 17, .box_h = 18, .ofs_x = 0, .ofs_y = -3},
    {.bitmap_index = 7555, .adv_w = 272, .box_w = 17, .box_h = 18, .ofs_x = 0, .ofs_y = -3},
    {.bitmap_index = 7708, .adv_w = 272, .box_w = 17, .box_h = 18, .ofs_x = 0, .ofs_y = -3},
    {.bitmap_index = 7861, .adv_w = 272, .box_w = 17, .box_h = 18, .ofs_x = 0, .ofs_y = -3},
    {.bitmap_index = 8014, .adv_w = 272, .box_w = 17, .box_h = 18, .ofs_x = 0, .ofs_y = -3},
    {.bitmap_index = 8167, .adv_w = 272, .box_w = 17, .box_h = 17, .ofs_x = 0, .ofs_y = -3},
    {.bitmap_index = 8312, .adv_w = 272, .box_w = 16, .box_h = 15, .ofs_x = 1, .ofs_y = -2},
    {.bitmap_index = 8432, .adv_w = 272, .box_w = 17, .box_h = 17, .ofs_x = 0, .ofs_y = -2},
    {.bitmap_index = 8577, .adv_w = 272, .box_w = 17, .box_h = 18, .ofs_x = 0, .ofs_y = -3},
    {.bitmap_index = 8730, .adv_w = 272, .box_w = 17, .box_h = 18, .ofs_x = 0, .ofs_y = -3},
    {.bitmap_index = 8883, .adv_w = 272, .box_w = 17, .box_h = 18, .ofs_x = 0, .ofs_y = -3},
    {.bitmap_index = 9036, .adv_w = 272, .box_w = 17, .box_h = 17, .ofs_x = 0, .ofs_y = -2},
    {.bitmap_index = 9181, .adv_w = 272, .box_w = 18, .box_h = 18, .ofs_x = 0, .ofs_y = -3},
    {.bitmap_index = 9343, .adv_w = 272, .box_w = 18, .box_h = 18, .ofs_x = 0, .ofs_y = -3},
    {.bitmap_index = 9505, .adv_w = 272, .box_w = 17, .box_h = 17, .ofs_x = 0, .ofs_y = -3},
    {.bitmap_index = 9650, .adv_w = 272, .box_w = 17, .box_h = 18, .ofs_x = 0, .ofs_y = -3},
    {.bitmap_index = 9803, .adv_w = 272, .box_w = 17, .box_h = 18, .ofs_x = 0, .ofs_y = -3},
    {.bitmap_index = 9956, .adv_w = 272, .box_w = 17, .box_h = 18, .ofs_x = 0, .ofs_y = -3},
    {.bitmap_index = 10109, .adv_w = 272, .box_w = 17, .box_h = 18, .ofs_x = 0, .ofs_y = -3},
    {.bitmap_index = 10262, .adv_w = 272, .box_w = 17, .box_h = 17, .ofs_x = 0, .ofs_y = -3},
    {.bitmap_index = 10407, .adv_w = 272, .box_w = 17, .box_h = 16, .ofs_x = 0, .ofs_y = -2},
    {.bitmap_index = 10543, .adv_w = 272, .box_w = 18, .box_h = 17, .ofs_x = 0, .ofs_y = -2},
    {.bitmap_index = 10696, .adv_w = 272, .box_w = 18, .box_h = 17, .ofs_x = -1, .ofs_y = -2},
    {.bitmap_index = 10849, .adv_w = 272, .box_w = 17, .box_h = 17, .ofs_x = 0, .ofs_y = -2},
    {.bitmap_index = 10994, .adv_w = 272, .box_w = 17, .box_h = 15, .ofs_x = 0, .ofs_y = -2},
    {.bitmap_index = 11122, .adv_w = 272, .box_w = 17, .box_h = 17, .ofs_x = 0, .ofs_y = -2},
    {.bitmap_index = 11267, .adv_w = 272, .box_w = 17, .box_h = 18, .ofs_x = 0, .ofs_y = -3},
    {.bitmap_index = 11420, .adv_w = 272, .box_w = 17, .box_h = 17, .ofs_x = 0, .ofs_y = -2},
    {.bitmap_index = 11565, .adv_w = 272, .box_w = 17, .box_h = 18, .ofs_x = 0, .ofs_y = -3},
    {.bitmap_index = 11718, .adv_w = 272, .box_w = 17, .box_h = 18, .ofs_x = 0, .ofs_y = -3},
    {.bitmap_index = 11871, .adv_w = 272, .box_w = 17, .box_h = 16, .ofs_x = 0, .ofs_y = -2},
    {.bitmap_index = 12007, .adv_w = 272, .box_w = 16, .box_h = 18, .ofs_x = 0, .ofs_y = -3},
    {.bitmap_index = 12151, .adv_w = 272, .box_w = 17, .box_h = 17, .ofs_x = 0, .ofs_y = -3},
    {.bitmap_index = 12296, .adv_w = 272, .box_w = 16, .box_h = 17, .ofs_x = 0, .ofs_y = -3},
    {.bitmap_index = 12432, .adv_w = 272, .box_w = 16, .box_h = 17, .ofs_x = 1, .ofs_y = -2},
    {.bitmap_index = 12568, .adv_w = 272, .box_w = 17, .box_h = 18, .ofs_x = 0, .ofs_y = -3},
    {.bitmap_index = 12721, .adv_w = 272, .box_w = 17, .box_h = 17, .ofs_x = 0, .ofs_y = -3},
    {.bitmap_index = 12866, .adv_w = 272, .box_w = 18, .box_h = 16, .ofs_x = -1, .ofs_y = -2},
    {.bitmap_index = 13010, .adv_w = 272, .box_w = 17, .box_h = 17, .ofs_x = 0, .ofs_y = -3},
    {.bitmap_index = 13155, .adv_w = 272, .box_w = 17, .box_h = 17, .ofs_x = 0, .ofs_y = -2},
    {.bitmap_index = 13300, .adv_w = 272, .box_w = 17, .box_h = 16, .ofs_x = 0, .ofs_y = -2},
    {.bitmap_index = 13436, .adv_w = 272, .box_w = 18, .box_h = 16, .ofs_x = 0, .ofs_y = -2},
    {.bitmap_index = 13580, .adv_w = 272, .box_w = 17, .box_h = 17, .ofs_x = 0, .ofs_y = -2},
    {.bitmap_index = 13725, .adv_w = 272, .box_w = 17, .box_h = 16, .ofs_x = 0, .ofs_y = -2},
    {.bitmap_index = 13861, .adv_w = 272, .box_w = 17, .box_h = 16, .ofs_x = 0, .ofs_y = -2},
    {.bitmap_index = 13997, .adv_w = 272, .box_w = 17, .box_h = 18, .ofs_x = 0, .ofs_y = -3},
    {.bitmap_index = 14150, .adv_w = 272, .box_w = 17, .box_h = 17, .ofs_x = 0, .ofs_y = -2},
    {.bitmap_index = 14295, .adv_w = 272, .box_w = 13, .box_h = 17, .ofs_x = 2, .ofs_y = -2},
    {.bitmap_index = 14406, .adv_w = 272, .box_w = 17, .box_h = 17, .ofs_x = 0, .ofs_y = -2},
    {.bitmap_index = 14551, .adv_w = 272, .box_w = 17, .box_h = 17, .ofs_x = 0, .ofs_y = -2},
    {.bitmap_index = 14696, .adv_w = 272, .box_w = 17, .box_h = 18, .ofs_x = 0, .ofs_y = -3},
    {.bitmap_index = 14849, .adv_w = 272, .box_w = 17, .box_h = 17, .ofs_x = 0, .ofs_y = -2},
    {.bitmap_index = 14994, .adv_w = 272, .box_w = 17, .box_h = 17, .ofs_x = 0, .ofs_y = -3},
    {.bitmap_index = 15139, .adv_w = 272, .box_w = 17, .box_h = 17, .ofs_x = 0, .ofs_y = -2},
    {.bitmap_index = 15284, .adv_w = 272, .box_w = 17, .box_h = 18, .ofs_x = 0, .ofs_y = -3},
    {.bitmap_index = 15437, .adv_w = 272, .box_w = 16, .box_h = 17, .ofs_x = 0, .ofs_y = -3},
    {.bitmap_index = 15573, .adv_w = 272, .box_w = 17, .box_h = 18, .ofs_x = 0, .ofs_y = -3},
    {.bitmap_index = 15726, .adv_w = 272, .box_w = 17, .box_h = 17, .ofs_x = 0, .ofs_y = -3},
    {.bitmap_index = 15871, .adv_w = 272, .box_w = 18, .box_h = 17, .ofs_x = -1, .ofs_y = -3},
    {.bitmap_index = 16024, .adv_w = 272, .box_w = 17, .box_h = 16, .ofs_x = 0, .ofs_y = -2},
    {.bitmap_index = 16160, .adv_w = 272, .box_w = 17, .box_h = 16, .ofs_x = 0, .ofs_y = -2},
    {.bitmap_index = 16296, .adv_w = 272, .box_w = 17, .box_h = 18, .ofs_x = 0, .ofs_y = -3},
    {.bitmap_index = 16449, .adv_w = 272, .box_w = 17, .box_h = 18, .ofs_x = 0, .ofs_y = -3},
    {.bitmap_index = 16602, .adv_w = 272, .box_w = 17, .box_h = 17, .ofs_x = 0, .ofs_y = -3},
    {.bitmap_index = 16747, .adv_w = 272, .box_w = 17, .box_h = 17, .ofs_x = 0, .ofs_y = -2}
};

/*---------------------
 *  CHARACTER MAPPING
 *--------------------*/

static const uint16_t unicode_list_1[] = {
    0x0, 0x20, 0x2e, 0xa1, 0x141, 0x48e, 0x49b, 0x542,
    0x553, 0x57e, 0x5c9, 0x739, 0x8d1, 0x8ed, 0x91b, 0xae3,
    0xb00, 0xb24, 0xd8d, 0xd91, 0xe42, 0xfe5, 0x1048, 0x1087,
    0x1099, 0x1178, 0x11cc, 0x1255, 0x1409, 0x14c5, 0x14f4, 0x14fc,
    0x1722, 0x177a, 0x17be, 0x1831, 0x1924, 0x1a56, 0x1c4c, 0x1d56,
    0x1d57, 0x1e35, 0x1f2e, 0x1f34, 0x1f3e, 0x1fe4, 0x2049, 0x2083,
    0x271b, 0x2728, 0x2a61, 0x2b2d, 0x2bfe, 0x2d19, 0x2d3c, 0x3095,
    0x30d0, 0x30f2, 0x3161, 0x31d3, 0x31d4, 0x32f0, 0x33dd, 0x3475,
    0x36d0, 0x3a9e, 0x3d97, 0x3db1, 0x3dea, 0x3dee, 0x3df6, 0x3f18,
    0x415f, 0x41c7, 0x4345, 0x43c2, 0x4721, 0x49e6, 0x4a8b, 0x4ccb
};

/*Collect the unicode lists and glyph_id offsets*/
static const lv_font_fmt_txt_cmap_t cmaps[] =
{
    {
        .range_start = 32, .range_length = 95, .glyph_id_start = 1,
        .unicode_list = NULL, .glyph_id_ofs_list = NULL, .list_length = 0, .type = LV_FONT_FMT_TXT_CMAP_FORMAT0_TINY
    },
    {
        .range_start = 19981, .range_length = 19660, .glyph_id_start = 96,
        .unicode_list = unicode_list_1, .glyph_id_ofs_list = NULL, .list_length = 80, .type = LV_FONT_FMT_TXT_CMAP_SPARSE_TINY
    }
};



/*--------------------
 *  ALL CUSTOM DATA
 *--------------------*/

#if LVGL_VERSION_MAJOR == 8
/*Store all the custom data of the font*/
static  lv_font_fmt_txt_glyph_cache_t cache;
#endif

#if LVGL_VERSION_MAJOR >= 8
static const lv_font_fmt_txt_dsc_t font_dsc = {
#else
static lv_font_fmt_txt_dsc_t font_dsc = {
#endif
    .glyph_bitmap = glyph_bitmap,
    .glyph_dsc = glyph_dsc,
    .cmaps = cmaps,
    .kern_dsc = NULL,
    .kern_scale = 0,
    .cmap_num = 2,
    .bpp = 4,
    .kern_classes = 0,
    .bitmap_format = 0,
#if LVGL_VERSION_MAJOR == 8
    .cache = &cache
#endif
};



/*-----------------
 *  PUBLIC FONT
 *----------------*/

/*Initialize a public general font descriptor*/
#if LVGL_VERSION_MAJOR >= 8
const lv_font_t ui_font_round_complete18 = {
#else
lv_font_t ui_font_round_complete18 = {
#endif
    .get_glyph_dsc = lv_font_get_glyph_dsc_fmt_txt,    /*Function pointer to get glyph's data*/
    .get_glyph_bitmap = lv_font_get_bitmap_fmt_txt,    /*Function pointer to get glyph's bitmap*/
    .line_height = 21,          /*The maximum line height required by the font*/
    .base_line = 5,             /*Baseline measured from the bottom of the line*/
#if !(LVGL_VERSION_MAJOR == 6 && LVGL_VERSION_MINOR == 0)
    .subpx = LV_FONT_SUBPX_NONE,
#endif
#if LV_VERSION_CHECK(7, 4, 0) || LVGL_VERSION_MAJOR >= 8
    .underline_position = -1,
    .underline_thickness = 1,
#endif
    .dsc = &font_dsc,          /*The custom font data. Will be accessed by `get_glyph_bitmap/dsc` */
#if LV_VERSION_CHECK(8, 2, 0) || LVGL_VERSION_MAJOR >= 9
    .fallback = NULL,
#endif
    .user_data = NULL,
};



#endif /*#if UI_FONT_ROUND_COMPLETE18*/

