/*******************************************************************************
 * Size: 17 px
 * Bpp: 4
 * Generated menu font resource.
 ******************************************************************************/

#ifdef LV_LVGL_H_INCLUDE_SIMPLE
#include "lvgl.h"
#else
#include "lvgl.h"
#endif

#ifndef UI_FONT_MENU_BOLD17
#define UI_FONT_MENU_BOLD17 1
#endif

#if UI_FONT_MENU_BOLD17

/*-----------------
 *    BITMAPS
 *----------------*/

/*Store the image of the glyphs*/
static LV_ATTRIBUTE_LARGE_CONST const uint8_t glyph_bitmap[] = {
    /* U+0020 " " */

    /* U+0021 "!" */
    0x7f, 0xf5, 0x6f, 0xf4, 0x6f, 0xf4, 0x5f, 0xf3,
    0x5f, 0xf3, 0x4f, 0xf2, 0x4f, 0xf2, 0x3f, 0xf1,
    0x3f, 0xf1, 0x17, 0x70, 0x0, 0x0, 0x3e, 0xe2,
    0x9f, 0xf7, 0x3e, 0xe2,

    /* U+0022 "\"" */
    0x6f, 0xc0, 0xff, 0x45, 0xfb, 0xe, 0xf3, 0x4f,
    0xa0, 0xdf, 0x23, 0xf9, 0xc, 0xf0, 0x3, 0x10,
    0x23, 0x0,

    /* U+0023 "#" */
    0x0, 0x3, 0xf8, 0x5, 0xf6, 0x0, 0x0, 0x5f,
    0x60, 0x8f, 0x30, 0x0, 0x8, 0xf3, 0xb, 0xf0,
    0x0, 0x0, 0xbf, 0x0, 0xde, 0x0, 0xc, 0xff,
    0xff, 0xff, 0xff, 0x70, 0x9b, 0xfd, 0xac, 0xfc,
    0xa2, 0x0, 0x4f, 0x70, 0x7f, 0x40, 0x0, 0x7,
    0xf3, 0xa, 0xf1, 0x0, 0x7f, 0xff, 0xff, 0xff,
    0xfc, 0x6, 0xaf, 0xea, 0xbf, 0xda, 0x60, 0x1,
    0xfa, 0x4, 0xf7, 0x0, 0x0, 0x4f, 0x70, 0x7f,
    0x40, 0x0, 0x7, 0xf4, 0xa, 0xf1, 0x0, 0x0,
    0x12, 0x0, 0x12, 0x0, 0x0,

    /* U+0024 "$" */
    0x0, 0x1, 0x60, 0x0, 0x0, 0x0, 0x4f, 0x0,
    0x0, 0x1, 0xae, 0xff, 0xd6, 0x1, 0xef, 0xff,
    0xff, 0xc0, 0x9f, 0xd8, 0xf4, 0x8b, 0xc, 0xf7,
    0x4f, 0x0, 0x0, 0xcf, 0xa4, 0xf0, 0x0, 0x7,
    0xff, 0xdf, 0x0, 0x0, 0xc, 0xff, 0xfb, 0x30,
    0x0, 0x8, 0xff, 0xff, 0x70, 0x0, 0x4, 0xfe,
    0xff, 0x30, 0x0, 0x4f, 0x1e, 0xf7, 0x10, 0x4,
    0xf0, 0xbf, 0x8a, 0xb5, 0x6f, 0x5f, 0xf5, 0xaf,
    0xff, 0xff, 0xfc, 0x2, 0x9d, 0xff, 0xd8, 0x0,
    0x0, 0x4, 0xf0, 0x0, 0x0, 0x0, 0x4f, 0x0,
    0x0,

    /* U+0025 "%" */
    0x0, 0x9e, 0xe9, 0x0, 0x0, 0x4f, 0xc0, 0x0,
    0xa, 0xfc, 0xcf, 0x90, 0x0, 0xdf, 0x30, 0x0,
    0xf, 0xc0, 0xe, 0xe0, 0x7, 0xf9, 0x0, 0x0,
    0x2f, 0xa0, 0xc, 0xf0, 0x1f, 0xe1, 0x0, 0x0,
    0x1f, 0xc0, 0xe, 0xe0, 0xaf, 0x60, 0x0, 0x0,
    0xb, 0xfb, 0xcf, 0x74, 0xfc, 0x0, 0x0, 0x0,
    0x1, 0xae, 0xe7, 0xd, 0xf3, 0x0, 0x0, 0x0,
    0x0, 0x0, 0x0, 0x7f, 0xa0, 0x9e, 0xe9, 0x0,
    0x0, 0x0, 0x1, 0xff, 0x1a, 0xfb, 0xdf, 0x90,
    0x0, 0x0, 0xa, 0xf6, 0x1f, 0xc0, 0xf, 0xe0,
    0x0, 0x0, 0x3f, 0xd0, 0x3f, 0x90, 0xc, 0xf0,
    0x0, 0x0, 0xdf, 0x30, 0x1f, 0xb0, 0xe, 0xd0,
    0x0, 0x6, 0xfa, 0x0, 0xc, 0xf8, 0xaf, 0x70,
    0x0, 0x1f, 0xf1, 0x0, 0x1, 0xaf, 0xd7, 0x0,

    /* U+0026 "&" */
    0x0, 0x3, 0xbe, 0xfc, 0x40, 0x0, 0x0, 0x0,
    0x0, 0x4f, 0xff, 0xff, 0xf4, 0x0, 0x0, 0x0,
    0x0, 0xaf, 0xe1, 0x1d, 0xfb, 0x0, 0x0, 0x0,
    0x0, 0xaf, 0xb0, 0xb, 0xfa, 0x2, 0xcc, 0x10,
    0x0, 0x5f, 0xf4, 0x6f, 0xf4, 0x1, 0xff, 0x30,
    0x0, 0xa, 0xff, 0xfe, 0x60, 0x2, 0xff, 0x20,
    0x0, 0x4d, 0xff, 0xfe, 0x50, 0x5, 0xff, 0x0,
    0x6, 0xff, 0xb4, 0xbf, 0xf6, 0xa, 0xfb, 0x0,
    0xf, 0xfc, 0x0, 0x8, 0xff, 0x7f, 0xf3, 0x0,
    0x3f, 0xf7, 0x0, 0x0, 0xaf, 0xff, 0xa0, 0x0,
    0x3f, 0xf9, 0x0, 0x0, 0x4f, 0xfe, 0x0, 0x0,
    0xe, 0xff, 0x83, 0x49, 0xff, 0xff, 0xa3, 0x51,
    0x5, 0xff, 0xff, 0xff, 0xfb, 0xaf, 0xff, 0xf3,
    0x0, 0x3b, 0xef, 0xeb, 0x50, 0x7, 0xef, 0xd2,

    /* U+0027 "'" */
    0x7f, 0xb6, 0xfa, 0x5f, 0x94, 0xf8, 0x3, 0x10,

    /* U+0028 "(" */
    0x0, 0x1f, 0xf2, 0x0, 0xbf, 0x80, 0x4, 0xff,
    0x10, 0xb, 0xf9, 0x0, 0xf, 0xf4, 0x0, 0x4f,
    0xf1, 0x0, 0x7f, 0xe0, 0x0, 0x8f, 0xc0, 0x0,
    0x9f, 0xc0, 0x0, 0x8f, 0xc0, 0x0, 0x7f, 0xe0,
    0x0, 0x4f, 0xf1, 0x0, 0xf, 0xf5, 0x0, 0xa,
    0xfb, 0x0, 0x3, 0xff, 0x20, 0x0, 0xaf, 0xa0,
    0x0, 0xb, 0xc2,

    /* U+0029 ")" */
    0x8f, 0xb0, 0x0, 0xe, 0xf5, 0x0, 0x6, 0xfd,
    0x0, 0x0, 0xff, 0x50, 0x0, 0xaf, 0xa0, 0x0,
    0x6f, 0xe0, 0x0, 0x3f, 0xf1, 0x0, 0x2f, 0xf2,
    0x0, 0x1f, 0xf3, 0x0, 0x2f, 0xf2, 0x0, 0x4f,
    0xf1, 0x0, 0x7f, 0xe0, 0x0, 0xbf, 0xa0, 0x1,
    0xff, 0x40, 0x7, 0xfd, 0x0, 0x1f, 0xf4, 0x0,
    0x7c, 0x70, 0x0,

    /* U+002A "*" */
    0x0, 0xc, 0xf1, 0x0, 0x1, 0xa, 0xf0, 0x10,
    0xf, 0xbb, 0xe9, 0xf4, 0x2b, 0xdf, 0xfe, 0xc5,
    0x0, 0x6f, 0xfa, 0x0, 0x4, 0xfb, 0x7f, 0x80,
    0x2, 0xd3, 0xd, 0x50, 0x0, 0x0, 0x0, 0x0,

    /* U+002B "+" */
    0x0, 0x1, 0x41, 0x0, 0x0, 0x0, 0x6f, 0x50,
    0x0, 0x0, 0x6, 0xf5, 0x0, 0x0, 0x0, 0x6f,
    0x50, 0x0, 0xcd, 0xde, 0xfe, 0xdd, 0xbe, 0xff,
    0xff, 0xff, 0xfd, 0x0, 0x6, 0xf5, 0x0, 0x0,
    0x0, 0x6f, 0x50, 0x0, 0x0, 0x6, 0xf5, 0x0,
    0x0, 0x0, 0x6f, 0x50, 0x0,

    /* U+002C "," */
    0xa, 0xc8, 0xf, 0xf6, 0x2f, 0xf2, 0x5f, 0xd0,
    0x8f, 0x90,

    /* U+002D "-" */
    0xbf, 0xff, 0xf3, 0xbf, 0xff, 0xf3,

    /* U+002E "." */
    0x0, 0x0, 0x0, 0xaf, 0x80, 0x2f, 0xff, 0x0,
    0xaf, 0x80,

    /* U+002F "/" */
    0x0, 0x0, 0x0, 0x6f, 0xf1, 0x0, 0x0, 0x0,
    0xcf, 0xa0, 0x0, 0x0, 0x2, 0xff, 0x40, 0x0,
    0x0, 0x8, 0xfd, 0x0, 0x0, 0x0, 0xe, 0xf7,
    0x0, 0x0, 0x0, 0x5f, 0xf1, 0x0, 0x0, 0x0,
    0xbf, 0xb0, 0x0, 0x0, 0x1, 0xff, 0x40, 0x0,
    0x0, 0x8, 0xfe, 0x0, 0x0, 0x0, 0xe, 0xf8,
    0x0, 0x0, 0x0, 0x4f, 0xf2, 0x0, 0x0, 0x0,
    0xaf, 0xb0, 0x0, 0x0, 0x1, 0xff, 0x50, 0x0,
    0x0, 0x7, 0xfe, 0x0, 0x0, 0x0, 0xd, 0xf9,
    0x0, 0x0, 0x0, 0x3f, 0xf2, 0x0, 0x0, 0x0,

    /* U+0030 "0" */
    0x0, 0x8, 0xef, 0xd7, 0x0, 0x0, 0xcf, 0xff,
    0xff, 0x80, 0x7, 0xff, 0x84, 0xdf, 0xf2, 0xd,
    0xfd, 0x0, 0x5f, 0xf7, 0x1f, 0xf9, 0x0, 0xf,
    0xfa, 0x4f, 0xf6, 0x0, 0xf, 0xfc, 0x5f, 0xf5,
    0x0, 0xe, 0xfd, 0x5f, 0xf5, 0x0, 0xe, 0xfd,
    0x4f, 0xf6, 0x0, 0xf, 0xfc, 0x2f, 0xf8, 0x0,
    0x1f, 0xf9, 0xf, 0xfc, 0x0, 0x5f, 0xf6, 0xa,
    0xff, 0x74, 0xdf, 0xe0, 0x1, 0xef, 0xff, 0xff,
    0x50, 0x0, 0x2a, 0xef, 0xc4, 0x0,

    /* U+0031 "1" */
    0x0, 0x5, 0xef, 0x30, 0x5c, 0xff, 0xf3, 0x6f,
    0xff, 0xff, 0x37, 0xfd, 0xbf, 0xf3, 0x34, 0x7,
    0xff, 0x30, 0x0, 0x7f, 0xf3, 0x0, 0x7, 0xff,
    0x30, 0x0, 0x7f, 0xf3, 0x0, 0x7, 0xff, 0x30,
    0x0, 0x7f, 0xf3, 0x0, 0x7, 0xff, 0x30, 0x0,
    0x7f, 0xf3, 0x0, 0x7, 0xff, 0x30, 0x0, 0x7f,
    0xf3,

    /* U+0032 "2" */
    0x0, 0x6c, 0xff, 0xd7, 0x0, 0x8, 0xff, 0xff,
    0xff, 0xa0, 0x8, 0xe7, 0x57, 0xff, 0xf2, 0x4,
    0x0, 0x0, 0x9f, 0xf5, 0x0, 0x0, 0x0, 0x8f,
    0xf5, 0x0, 0x0, 0x0, 0xdf, 0xf2, 0x0, 0x0,
    0x9, 0xff, 0xb0, 0x0, 0x0, 0xaf, 0xfe, 0x10,
    0x0, 0x1c, 0xff, 0xd2, 0x0, 0x0, 0xcf, 0xfb,
    0x0, 0x0, 0x7, 0xff, 0x90, 0x0, 0x0, 0xe,
    0xff, 0x66, 0x66, 0x62, 0x1f, 0xff, 0xff, 0xff,
    0xf7, 0x1f, 0xff, 0xff, 0xff, 0xf7,

    /* U+0033 "3" */
    0x8, 0xdf, 0xeb, 0x40, 0x3, 0xff, 0xff, 0xff,
    0x60, 0x3b, 0x53, 0x8f, 0xfe, 0x0, 0x0, 0x0,
    0xcf, 0xf0, 0x0, 0x0, 0xd, 0xfd, 0x0, 0x13,
    0x4a, 0xff, 0x50, 0x5, 0xff, 0xfe, 0x40, 0x0,
    0x5f, 0xff, 0xfe, 0x30, 0x0, 0x1, 0x5e, 0xfe,
    0x10, 0x0, 0x0, 0x6f, 0xf5, 0x0, 0x0, 0x7,
    0xff, 0x5a, 0x84, 0x36, 0xff, 0xf2, 0xbf, 0xff,
    0xff, 0xf7, 0x4, 0xbe, 0xfe, 0xb4, 0x0,

    /* U+0034 "4" */
    0x0, 0x0, 0x4, 0xff, 0x70, 0x0, 0x0, 0x0,
    0xcf, 0xf7, 0x0, 0x0, 0x0, 0x4f, 0xff, 0x70,
    0x0, 0x0, 0xd, 0xff, 0xf7, 0x0, 0x0, 0x8,
    0xfa, 0xff, 0x70, 0x0, 0x3, 0xff, 0x1f, 0xf7,
    0x0, 0x0, 0xdf, 0x60, 0xff, 0x70, 0x0, 0xaf,
    0xb0, 0xf, 0xf7, 0x0, 0x5f, 0xe1, 0x0, 0xff,
    0x70, 0xb, 0xff, 0xff, 0xff, 0xff, 0xf4, 0xbf,
    0xff, 0xff, 0xff, 0xff, 0x40, 0x11, 0x11, 0x1f,
    0xf7, 0x10, 0x0, 0x0, 0x0, 0xff, 0x70, 0x0,
    0x0, 0x0, 0xf, 0xf7, 0x0,

    /* U+0035 "5" */
    0xe, 0xff, 0xff, 0xfe, 0x0, 0xff, 0xff, 0xff,
    0xe0, 0xf, 0xf8, 0x55, 0x55, 0x1, 0xff, 0x30,
    0x0, 0x0, 0x2f, 0xf2, 0x0, 0x0, 0x3, 0xff,
    0xff, 0xd7, 0x0, 0x4f, 0xff, 0xff, 0xf9, 0x2,
    0x43, 0x48, 0xff, 0xf2, 0x0, 0x0, 0x8, 0xff,
    0x60, 0x0, 0x0, 0x5f, 0xf6, 0x0, 0x0, 0x8,
    0xff, 0x48, 0x94, 0x37, 0xff, 0xe0, 0x9f, 0xff,
    0xff, 0xf3, 0x4, 0xbe, 0xfe, 0xa2, 0x0,

    /* U+0036 "6" */
    0x0, 0x0, 0x8d, 0xff, 0xb0, 0x0, 0x1d, 0xff,
    0xff, 0xf0, 0x0, 0xcf, 0xf8, 0x34, 0x80, 0x4,
    0xff, 0x70, 0x0, 0x0, 0xa, 0xfe, 0x0, 0x0,
    0x0, 0xe, 0xfb, 0x6d, 0xfc, 0x30, 0xf, 0xfe,
    0xff, 0xff, 0xf1, 0x1f, 0xff, 0x72, 0x8f, 0xf9,
    0xf, 0xfc, 0x0, 0xe, 0xfc, 0xf, 0xfb, 0x0,
    0xc, 0xfd, 0xb, 0xfe, 0x0, 0xe, 0xfb, 0x5,
    0xff, 0x93, 0xaf, 0xf6, 0x0, 0xbf, 0xff, 0xff,
    0xb0, 0x0, 0x8, 0xef, 0xd8, 0x0,

    /* U+0037 "7" */
    0x3f, 0xff, 0xff, 0xff, 0xfc, 0x3f, 0xff, 0xff,
    0xff, 0xfb, 0x15, 0x55, 0x55, 0x7f, 0xf6, 0x0,
    0x0, 0x0, 0xaf, 0xd0, 0x0, 0x0, 0x3, 0xff,
    0x60, 0x0, 0x0, 0xb, 0xfe, 0x0, 0x0, 0x0,
    0x2f, 0xf8, 0x0, 0x0, 0x0, 0x9f, 0xf2, 0x0,
    0x0, 0x0, 0xff, 0xc0, 0x0, 0x0, 0x4, 0xff,
    0x60, 0x0, 0x0, 0xa, 0xff, 0x20, 0x0, 0x0,
    0xe, 0xff, 0x0, 0x0, 0x0, 0x2f, 0xfb, 0x0,
    0x0, 0x0, 0x5f, 0xf8, 0x0, 0x0,

    /* U+0038 "8" */
    0x0, 0x19, 0xef, 0xd7, 0x0, 0x1, 0xef, 0xff,
    0xff, 0xa0, 0x9, 0xff, 0x72, 0xbf, 0xf3, 0xc,
    0xfe, 0x0, 0x3f, 0xf6, 0xa, 0xfe, 0x0, 0x3f,
    0xf4, 0x4, 0xff, 0x83, 0xcf, 0xc0, 0x0, 0x5f,
    0xff, 0xfb, 0x10, 0x1, 0xcf, 0xff, 0xff, 0x80,
    0xc, 0xfe, 0x30, 0x8f, 0xf5, 0x2f, 0xf7, 0x0,
    0xe, 0xfb, 0x3f, 0xf7, 0x0, 0xe, 0xfc, 0x1f,
    0xfe, 0x31, 0x8f, 0xf9, 0x6, 0xff, 0xff, 0xff,
    0xe1, 0x0, 0x4b, 0xff, 0xd9, 0x10,

    /* U+0039 "9" */
    0x0, 0x2a, 0xef, 0xc4, 0x0, 0x3, 0xff, 0xff,
    0xff, 0x40, 0xc, 0xff, 0x65, 0xef, 0xe0, 0x2f,
    0xf8, 0x0, 0x5f, 0xf4, 0x4f, 0xf6, 0x0, 0x1f,
    0xf8, 0x3f, 0xf8, 0x0, 0x3f, 0xf9, 0xf, 0xfe,
    0x53, 0xcf, 0xfa, 0x7, 0xff, 0xff, 0xff, 0xf9,
    0x0, 0x6d, 0xfc, 0x4f, 0xf7, 0x0, 0x0, 0x0,
    0x3f, 0xf4, 0x0, 0x0, 0x0, 0xaf, 0xe0, 0x6,
    0x63, 0x49, 0xff, 0x70, 0x9, 0xff, 0xff, 0xfb,
    0x0, 0x5, 0xcf, 0xfd, 0x70, 0x0,

    /* U+003A ":" */
    0xa, 0xf8, 0x1, 0xff, 0xf0, 0xb, 0xf8, 0x0,
    0x0, 0x0, 0x0, 0x0, 0x0, 0x0, 0x0, 0x0,
    0x0, 0x0, 0xaf, 0x80, 0x2f, 0xff, 0x0, 0xaf,
    0x80,

    /* U+003B ";" */
    0x9, 0xf9, 0x0, 0xff, 0xf0, 0xa, 0xf9, 0x0,
    0x0, 0x0, 0x0, 0x0, 0x0, 0x0, 0x0, 0x0,
    0x0, 0x0, 0xac, 0x80, 0xf, 0xf6, 0x2, 0xff,
    0x20, 0x5f, 0xd0, 0x8, 0xf9, 0x0,

    /* U+003C "<" */
    0x0, 0x0, 0x0, 0x0, 0x30, 0x0, 0x0, 0x5,
    0xda, 0x0, 0x0, 0x5d, 0xff, 0x80, 0x4, 0xcf,
    0xfb, 0x30, 0x3c, 0xff, 0xa2, 0x0, 0xa, 0xfe,
    0x30, 0x0, 0x0, 0x4d, 0xff, 0xa3, 0x0, 0x0,
    0x5, 0xdf, 0xfc, 0x50, 0x0, 0x0, 0x4c, 0xff,
    0x90, 0x0, 0x0, 0x4, 0xca, 0x0, 0x0, 0x0,
    0x0, 0x10,

    /* U+003D "=" */
    0xef, 0xff, 0xff, 0xff, 0xdc, 0xee, 0xee, 0xee,
    0xeb, 0x0, 0x0, 0x0, 0x0, 0x0, 0x0, 0x0,
    0x0, 0x0, 0xce, 0xee, 0xee, 0xee, 0xbe, 0xff,
    0xff, 0xff, 0xfd,

    /* U+003E ">" */
    0x40, 0x0, 0x0, 0x0, 0xa, 0xe6, 0x0, 0x0,
    0x0, 0x8f, 0xfe, 0x60, 0x0, 0x0, 0x2a, 0xff,
    0xd5, 0x0, 0x0, 0x1, 0x9f, 0xfd, 0x40, 0x0,
    0x0, 0x4f, 0xfa, 0x0, 0x5, 0xbf, 0xfb, 0x30,
    0x7d, 0xff, 0xb3, 0x0, 0xaf, 0xfa, 0x20, 0x0,
    0xa, 0xa2, 0x0, 0x0, 0x0, 0x0, 0x0, 0x0,
    0x0, 0x0,

    /* U+003F "?" */
    0x18, 0xdf, 0xeb, 0x20, 0x6f, 0xff, 0xff, 0xf2,
    0x6e, 0x86, 0xcf, 0xf8, 0x20, 0x0, 0x1f, 0xfa,
    0x0, 0x0, 0x3f, 0xf7, 0x0, 0x1, 0xdf, 0xe1,
    0x0, 0xc, 0xfe, 0x20, 0x0, 0x7f, 0xf2, 0x0,
    0x0, 0xbf, 0x90, 0x0, 0x0, 0x8d, 0x80, 0x0,
    0x0, 0x0, 0x0, 0x0, 0x0, 0x7f, 0xb0, 0x0,
    0x0, 0xdf, 0xf3, 0x0, 0x0, 0x6f, 0xb0, 0x0,

    /* U+0040 "@" */
    0x0, 0x0, 0x28, 0xdf, 0xfe, 0xa4, 0x0, 0x0,
    0x0, 0x8, 0xff, 0xeb, 0xac, 0xff, 0xb0, 0x0,
    0x0, 0x9f, 0xe5, 0x0, 0x0, 0x1b, 0xfc, 0x0,
    0x5, 0xfe, 0x20, 0x0, 0x0, 0x0, 0xcf, 0x70,
    0xe, 0xf4, 0x2, 0xcf, 0xcb, 0xf4, 0x2f, 0xe0,
    0x4f, 0xc0, 0x1e, 0xfb, 0xdf, 0xf2, 0xd, 0xf2,
    0x8f, 0x70, 0x9f, 0x90, 0xf, 0xf1, 0xb, 0xf4,
    0xaf, 0x40, 0xdf, 0x20, 0xe, 0xf0, 0xa, 0xf4,
    0xbf, 0x30, 0xff, 0x0, 0xf, 0xf0, 0xc, 0xf2,
    0xaf, 0x40, 0xff, 0x0, 0x3f, 0xe0, 0xf, 0xe0,
    0x8f, 0x70, 0xcf, 0x61, 0xbf, 0xf1, 0x8f, 0x70,
    0x3f, 0xd0, 0x5f, 0xff, 0xab, 0xff, 0xfa, 0x0,
    0xb, 0xf8, 0x4, 0x97, 0x1, 0x89, 0x50, 0x0,
    0x1, 0xef, 0x91, 0x0, 0x0, 0x2, 0x0, 0x0,
    0x0, 0x2d, 0xff, 0xca, 0xac, 0xfa, 0x0, 0x0,
    0x0, 0x0, 0x6b, 0xef, 0xed, 0xa3, 0x0, 0x0,

    /* U+0041 "A" */
    0x0, 0x0, 0x5f, 0xff, 0x30, 0x0, 0x0, 0x0,
    0xb, 0xff, 0xf8, 0x0, 0x0, 0x0, 0x0, 0xff,
    0xef, 0xd0, 0x0, 0x0, 0x0, 0x5f, 0xf9, 0xff,
    0x20, 0x0, 0x0, 0xb, 0xfd, 0x3f, 0xf8, 0x0,
    0x0, 0x1, 0xff, 0x80, 0xef, 0xd0, 0x0, 0x0,
    0x6f, 0xf4, 0x9, 0xff, 0x20, 0x0, 0xb, 0xff,
    0x0, 0x5f, 0xf7, 0x0, 0x1, 0xff, 0xc4, 0x44,
    0xff, 0xd0, 0x0, 0x6f, 0xff, 0xff, 0xff, 0xff,
    0x20, 0xb, 0xff, 0xff, 0xff, 0xff, 0xf7, 0x1,
    0xff, 0xd0, 0x0, 0x2, 0xff, 0xd0, 0x6f, 0xf8,
    0x0, 0x0, 0xd, 0xff, 0x2b, 0xff, 0x30, 0x0,
    0x0, 0x8f, 0xf7,

    /* U+0042 "B" */
    0x8f, 0xff, 0xff, 0xd7, 0x0, 0x8f, 0xff, 0xff,
    0xff, 0xc0, 0x8f, 0xf5, 0x36, 0xef, 0xf4, 0x8f,
    0xf3, 0x0, 0x8f, 0xf6, 0x8f, 0xf3, 0x0, 0x9f,
    0xf2, 0x8f, 0xf6, 0x37, 0xff, 0x80, 0x8f, 0xff,
    0xff, 0xf8, 0x0, 0x8f, 0xff, 0xff, 0xff, 0xc1,
    0x8f, 0xf3, 0x1, 0x9f, 0xf9, 0x8f, 0xf3, 0x0,
    0xf, 0xfd, 0x8f, 0xf3, 0x0, 0x1f, 0xfe, 0x8f,
    0xf5, 0x24, 0xcf, 0xfa, 0x8f, 0xff, 0xff, 0xff,
    0xe1, 0x8f, 0xff, 0xff, 0xe9, 0x10,

    /* U+0043 "C" */
    0x0, 0x0, 0x5b, 0xef, 0xec, 0x60, 0x0, 0xbf,
    0xff, 0xff, 0xfa, 0x0, 0xcf, 0xff, 0xb8, 0xad,
    0xa0, 0x6f, 0xfe, 0x20, 0x0, 0x1, 0xd, 0xff,
    0x30, 0x0, 0x0, 0x2, 0xff, 0xc0, 0x0, 0x0,
    0x0, 0x4f, 0xf9, 0x0, 0x0, 0x0, 0x4, 0xff,
    0x90, 0x0, 0x0, 0x0, 0x3f, 0xfb, 0x0, 0x0,
    0x0, 0x0, 0xff, 0xf2, 0x0, 0x0, 0x0, 0xa,
    0xff, 0xc1, 0x0, 0x0, 0x20, 0x2f, 0xff, 0xfa,
    0x8a, 0xda, 0x0, 0x4f, 0xff, 0xff, 0xff, 0xa0,
    0x0, 0x18, 0xdf, 0xfd, 0xa3,

    /* U+0044 "D" */
    0x8f, 0xff, 0xff, 0xda, 0x40, 0x0, 0x8f, 0xff,
    0xff, 0xff, 0xfb, 0x0, 0x8f, 0xf8, 0x67, 0xcf,
    0xff, 0xa0, 0x8f, 0xf3, 0x0, 0x6, 0xff, 0xf3,
    0x8f, 0xf3, 0x0, 0x0, 0xaf, 0xf8, 0x8f, 0xf3,
    0x0, 0x0, 0x4f, 0xfa, 0x8f, 0xf3, 0x0, 0x0,
    0x2f, 0xfc, 0x8f, 0xf3, 0x0, 0x0, 0x2f, 0xfb,
    0x8f, 0xf3, 0x0, 0x0, 0x5f, 0xf9, 0x8f, 0xf3,
    0x0, 0x0, 0xbf, 0xf5, 0x8f, 0xf3, 0x0, 0x6,
    0xff, 0xe0, 0x8f, 0xf8, 0x67, 0xbf, 0xff, 0x40,
    0x8f, 0xff, 0xff, 0xff, 0xf5, 0x0, 0x8f, 0xff,
    0xff, 0xd8, 0x10, 0x0,

    /* U+0045 "E" */
    0x8f, 0xff, 0xff, 0xfc, 0x8, 0xff, 0xff, 0xff,
    0xc0, 0x8f, 0xf8, 0x66, 0x64, 0x8, 0xff, 0x30,
    0x0, 0x0, 0x8f, 0xf3, 0x0, 0x0, 0x8, 0xff,
    0x30, 0x0, 0x0, 0x8f, 0xff, 0xff, 0xf7, 0x8,
    0xff, 0xff, 0xff, 0x70, 0x8f, 0xf8, 0x66, 0x62,
    0x8, 0xff, 0x30, 0x0, 0x0, 0x8f, 0xf3, 0x0,
    0x0, 0x8, 0xff, 0x86, 0x66, 0x60, 0x8f, 0xff,
    0xff, 0xff, 0x18, 0xff, 0xff, 0xff, 0xf1,

    /* U+0046 "F" */
    0x8f, 0xff, 0xff, 0xfd, 0x8f, 0xff, 0xff, 0xfd,
    0x8f, 0xf8, 0x66, 0x65, 0x8f, 0xf3, 0x0, 0x0,
    0x8f, 0xf3, 0x0, 0x0, 0x8f, 0xf3, 0x0, 0x0,
    0x8f, 0xff, 0xff, 0xf7, 0x8f, 0xff, 0xff, 0xf7,
    0x8f, 0xf8, 0x66, 0x62, 0x8f, 0xf3, 0x0, 0x0,
    0x8f, 0xf3, 0x0, 0x0, 0x8f, 0xf3, 0x0, 0x0,
    0x8f, 0xf3, 0x0, 0x0, 0x8f, 0xf3, 0x0, 0x0,

    /* U+0047 "G" */
    0x0, 0x0, 0x4a, 0xef, 0xfd, 0x92, 0x0, 0xa,
    0xff, 0xff, 0xff, 0xf6, 0x0, 0xbf, 0xff, 0xa7,
    0x8a, 0xf6, 0x6, 0xff, 0xd2, 0x0, 0x0, 0x1,
    0xd, 0xff, 0x30, 0x0, 0x0, 0x0, 0x2f, 0xfc,
    0x0, 0x0, 0x0, 0x0, 0x4f, 0xf9, 0x0, 0x6f,
    0xff, 0xff, 0x4f, 0xf9, 0x0, 0x6f, 0xff, 0xff,
    0x3f, 0xfb, 0x0, 0x25, 0x5d, 0xff, 0xf, 0xff,
    0x10, 0x0, 0xc, 0xff, 0xa, 0xff, 0xb0, 0x0,
    0xc, 0xff, 0x2, 0xff, 0xfe, 0x97, 0x9f, 0xff,
    0x0, 0x3e, 0xff, 0xff, 0xff, 0xfe, 0x0, 0x1,
    0x7c, 0xff, 0xec, 0x71,

    /* U+0048 "H" */
    0x8f, 0xf3, 0x0, 0x0, 0x4f, 0xf7, 0x8f, 0xf3,
    0x0, 0x0, 0x4f, 0xf7, 0x8f, 0xf3, 0x0, 0x0,
    0x4f, 0xf7, 0x8f, 0xf3, 0x0, 0x0, 0x4f, 0xf7,
    0x8f, 0xf3, 0x0, 0x0, 0x4f, 0xf7, 0x8f, 0xf3,
    0x0, 0x0, 0x4f, 0xf7, 0x8f, 0xff, 0xff, 0xff,
    0xff, 0xf7, 0x8f, 0xff, 0xff, 0xff, 0xff, 0xf7,
    0x8f, 0xf9, 0x88, 0x88, 0xaf, 0xf7, 0x8f, 0xf3,
    0x0, 0x0, 0x4f, 0xf7, 0x8f, 0xf3, 0x0, 0x0,
    0x4f, 0xf7, 0x8f, 0xf3, 0x0, 0x0, 0x4f, 0xf7,
    0x8f, 0xf3, 0x0, 0x0, 0x4f, 0xf7, 0x8f, 0xf3,
    0x0, 0x0, 0x4f, 0xf7,

    /* U+0049 "I" */
    0x8f, 0xf3, 0x8f, 0xf3, 0x8f, 0xf3, 0x8f, 0xf3,
    0x8f, 0xf3, 0x8f, 0xf3, 0x8f, 0xf3, 0x8f, 0xf3,
    0x8f, 0xf3, 0x8f, 0xf3, 0x8f, 0xf3, 0x8f, 0xf3,
    0x8f, 0xf3, 0x8f, 0xf3,

    /* U+004A "J" */
    0x0, 0x1, 0xff, 0xa0, 0x0, 0x1f, 0xfa, 0x0,
    0x1, 0xff, 0xa0, 0x0, 0x1f, 0xfa, 0x0, 0x1,
    0xff, 0xa0, 0x0, 0x1f, 0xfa, 0x0, 0x1, 0xff,
    0xa0, 0x0, 0x1f, 0xfa, 0x0, 0x2, 0xff, 0x90,
    0x0, 0x3f, 0xf8, 0x0, 0x9, 0xff, 0x69, 0x9a,
    0xff, 0xf1, 0xbf, 0xff, 0xf7, 0x8, 0xff, 0xc5,
    0x0,

    /* U+004B "K" */
    0x8f, 0xf3, 0x0, 0x1e, 0xff, 0x48, 0xff, 0x30,
    0xa, 0xff, 0x80, 0x8f, 0xf3, 0x4, 0xff, 0xd0,
    0x8, 0xff, 0x30, 0xdf, 0xf3, 0x0, 0x8f, 0xf3,
    0x8f, 0xf7, 0x0, 0x8, 0xff, 0x6f, 0xfc, 0x0,
    0x0, 0x8f, 0xfe, 0xff, 0x20, 0x0, 0x8, 0xff,
    0xcf, 0xf8, 0x0, 0x0, 0x8f, 0xf4, 0xef, 0xf3,
    0x0, 0x8, 0xff, 0x35, 0xff, 0xd0, 0x0, 0x8f,
    0xf3, 0xb, 0xff, 0x90, 0x8, 0xff, 0x30, 0x2f,
    0xff, 0x40, 0x8f, 0xf3, 0x0, 0x7f, 0xfe, 0x8,
    0xff, 0x30, 0x0, 0xcf, 0xfa,

    /* U+004C "L" */
    0x8f, 0xf3, 0x0, 0x0, 0x8, 0xff, 0x30, 0x0,
    0x0, 0x8f, 0xf3, 0x0, 0x0, 0x8, 0xff, 0x30,
    0x0, 0x0, 0x8f, 0xf3, 0x0, 0x0, 0x8, 0xff,
    0x30, 0x0, 0x0, 0x8f, 0xf3, 0x0, 0x0, 0x8,
    0xff, 0x30, 0x0, 0x0, 0x8f, 0xf3, 0x0, 0x0,
    0x8, 0xff, 0x30, 0x0, 0x0, 0x8f, 0xf3, 0x0,
    0x0, 0x8, 0xff, 0x86, 0x66, 0x60, 0x8f, 0xff,
    0xff, 0xff, 0x8, 0xff, 0xff, 0xff, 0xf0,

    /* U+004D "M" */
    0x8f, 0xff, 0xa0, 0x0, 0x0, 0x1f, 0xff, 0xf8,
    0xff, 0xfe, 0x0, 0x0, 0x6, 0xff, 0xff, 0x8f,
    0xff, 0xf4, 0x0, 0x0, 0xbf, 0xff, 0xf8, 0xfe,
    0xef, 0x90, 0x0, 0x1f, 0xfc, 0xff, 0x8f, 0xea,
    0xfe, 0x0, 0x6, 0xfd, 0xbf, 0xf8, 0xfe, 0x5f,
    0xf4, 0x0, 0xbf, 0x8b, 0xff, 0x8f, 0xf0, 0xff,
    0x90, 0x1f, 0xf3, 0xcf, 0xf8, 0xff, 0xa, 0xfe,
    0x6, 0xfd, 0xc, 0xff, 0x8f, 0xf0, 0x4f, 0xf3,
    0xbf, 0x80, 0xcf, 0xf8, 0xff, 0x0, 0xff, 0x8f,
    0xf3, 0xc, 0xff, 0x8f, 0xf0, 0xa, 0xfe, 0xfe,
    0x0, 0xcf, 0xf8, 0xff, 0x0, 0x4f, 0xff, 0x80,
    0xc, 0xff, 0x8f, 0xf0, 0x0, 0xef, 0xf3, 0x0,
    0xcf, 0xf8, 0xff, 0x0, 0x9, 0xfe, 0x0, 0xc,
    0xff,

    /* U+004E "N" */
    0x8f, 0xfc, 0x0, 0x0, 0xb, 0xfe, 0x8f, 0xff,
    0x50, 0x0, 0xb, 0xfe, 0x8f, 0xff, 0xe0, 0x0,
    0xb, 0xfe, 0x8f, 0xff, 0xf8, 0x0, 0xb, 0xfe,
    0x8f, 0xfa, 0xff, 0x20, 0xb, 0xfe, 0x8f, 0xf2,
    0xef, 0xb0, 0xb, 0xfe, 0x8f, 0xf1, 0x6f, 0xf5,
    0xb, 0xfe, 0x8f, 0xf1, 0xc, 0xfe, 0xb, 0xfe,
    0x8f, 0xf1, 0x3, 0xff, 0x8a, 0xfe, 0x8f, 0xf1,
    0x0, 0x9f, 0xfc, 0xfe, 0x8f, 0xf1, 0x0, 0x1e,
    0xff, 0xfe, 0x8f, 0xf1, 0x0, 0x6, 0xff, 0xfe,
    0x8f, 0xf1, 0x0, 0x0, 0xcf, 0xfe, 0x8f, 0xf1,
    0x0, 0x0, 0x3f, 0xfe,

    /* U+004F "O" */
    0x0, 0x0, 0x7c, 0xff, 0xd8, 0x10, 0x0, 0x0,
    0x2d, 0xff, 0xff, 0xff, 0xe2, 0x0, 0x0, 0xdf,
    0xfe, 0x99, 0xef, 0xfd, 0x0, 0x8, 0xff, 0xb0,
    0x0, 0xc, 0xff, 0x80, 0xe, 0xff, 0x20, 0x0,
    0x3, 0xff, 0xe0, 0x2f, 0xfc, 0x0, 0x0, 0x0,
    0xdf, 0xf1, 0x4f, 0xfa, 0x0, 0x0, 0x0, 0xbf,
    0xf3, 0x4f, 0xf9, 0x0, 0x0, 0x0, 0xbf, 0xf2,
    0x3f, 0xfc, 0x0, 0x0, 0x0, 0xdf, 0xf1, 0xf,
    0xff, 0x20, 0x0, 0x2, 0xff, 0xd0, 0x9, 0xff,
    0xb0, 0x0, 0xb, 0xff, 0x70, 0x1, 0xef, 0xfd,
    0x99, 0xef, 0xfd, 0x0, 0x0, 0x3e, 0xff, 0xff,
    0xff, 0xd1, 0x0, 0x0, 0x1, 0x8d, 0xff, 0xc7,
    0x0, 0x0,

    /* U+0050 "P" */
    0x8f, 0xff, 0xff, 0xd8, 0x0, 0x8f, 0xff, 0xff,
    0xff, 0xc0, 0x8f, 0xf6, 0x47, 0xff, 0xf5, 0x8f,
    0xf3, 0x0, 0x6f, 0xf9, 0x8f, 0xf3, 0x0, 0x3f,
    0xfa, 0x8f, 0xf3, 0x0, 0x5f, 0xf9, 0x8f, 0xf3,
    0x3, 0xdf, 0xf4, 0x8f, 0xff, 0xff, 0xff, 0xa0,
    0x8f, 0xff, 0xff, 0xe7, 0x0, 0x8f, 0xf6, 0x43,
    0x0, 0x0, 0x8f, 0xf3, 0x0, 0x0, 0x0, 0x8f,
    0xf3, 0x0, 0x0, 0x0, 0x8f, 0xf3, 0x0, 0x0,
    0x0, 0x8f, 0xf3, 0x0, 0x0, 0x0,

    /* U+0051 "Q" */
    0x0, 0x0, 0x7c, 0xff, 0xd8, 0x10, 0x0, 0x0,
    0x2, 0xdf, 0xff, 0xff, 0xfe, 0x20, 0x0, 0x0,
    0xdf, 0xfe, 0x99, 0xef, 0xfd, 0x0, 0x0, 0x8f,
    0xfb, 0x0, 0x0, 0xcf, 0xf8, 0x0, 0xe, 0xff,
    0x20, 0x0, 0x3, 0xff, 0xe0, 0x2, 0xff, 0xc0,
    0x0, 0x0, 0xd, 0xff, 0x10, 0x4f, 0xfa, 0x0,
    0x0, 0x0, 0xbf, 0xf3, 0x4, 0xff, 0x90, 0x0,
    0x0, 0xb, 0xff, 0x20, 0x3f, 0xfc, 0x0, 0x0,
    0x0, 0xdf, 0xf1, 0x0, 0xff, 0xf2, 0x0, 0x0,
    0x2f, 0xfd, 0x0, 0x9, 0xff, 0xb0, 0x0, 0xb,
    0xff, 0x70, 0x0, 0x1e, 0xff, 0xd9, 0x9e, 0xff,
    0xd0, 0x0, 0x0, 0x3e, 0xff, 0xff, 0xff, 0xf8,
    0x0, 0x0, 0x0, 0x18, 0xdf, 0xed, 0xff, 0xf8,
    0x0, 0x0, 0x0, 0x0, 0x0, 0x8, 0xff, 0xf8,
    0x0, 0x0, 0x0, 0x0, 0x0, 0x6, 0x88, 0x82,

    /* U+0052 "R" */
    0x8f, 0xff, 0xff, 0xd8, 0x0, 0x0, 0x8f, 0xff,
    0xff, 0xff, 0xd0, 0x0, 0x8f, 0xf6, 0x36, 0xef,
    0xf5, 0x0, 0x8f, 0xf3, 0x0, 0x7f, 0xf8, 0x0,
    0x8f, 0xf3, 0x0, 0x5f, 0xf8, 0x0, 0x8f, 0xf3,
    0x0, 0x9f, 0xf5, 0x0, 0x8f, 0xf6, 0x37, 0xff,
    0xd0, 0x0, 0x8f, 0xff, 0xff, 0xfb, 0x10, 0x0,
    0x8f, 0xff, 0xff, 0xf4, 0x0, 0x0, 0x8f, 0xf3,
    0x2d, 0xff, 0x30, 0x0, 0x8f, 0xf3, 0x3, 0xff,
    0xd0, 0x0, 0x8f, 0xf3, 0x0, 0x9f, 0xf8, 0x0,
    0x8f, 0xf3, 0x0, 0xe, 0xff, 0x20, 0x8f, 0xf3,
    0x0, 0x5, 0xff, 0xc0,

    /* U+0053 "S" */
    0x0, 0x29, 0xef, 0xfd, 0x90, 0x4, 0xff, 0xff,
    0xff, 0xf0, 0xd, 0xff, 0xa6, 0x69, 0xe0, 0x1f,
    0xfd, 0x0, 0x0, 0x10, 0x1f, 0xfe, 0x10, 0x0,
    0x0, 0xc, 0xff, 0xe6, 0x0, 0x0, 0x2, 0xef,
    0xff, 0xe6, 0x0, 0x0, 0x2a, 0xff, 0xff, 0x90,
    0x0, 0x0, 0x2b, 0xff, 0xf3, 0x0, 0x0, 0x0,
    0x9f, 0xf7, 0x13, 0x0, 0x0, 0x6f, 0xf8, 0x1f,
    0xb6, 0x57, 0xef, 0xf4, 0x1f, 0xff, 0xff, 0xff,
    0xa0, 0x7, 0xce, 0xff, 0xc6, 0x0,

    /* U+0054 "T" */
    0xbf, 0xff, 0xff, 0xff, 0xff, 0x5b, 0xff, 0xff,
    0xff, 0xff, 0xf5, 0x46, 0x66, 0xff, 0xc6, 0x66,
    0x20, 0x0, 0x1f, 0xfb, 0x0, 0x0, 0x0, 0x1,
    0xff, 0xb0, 0x0, 0x0, 0x0, 0x1f, 0xfb, 0x0,
    0x0, 0x0, 0x1, 0xff, 0xb0, 0x0, 0x0, 0x0,
    0x1f, 0xfb, 0x0, 0x0, 0x0, 0x1, 0xff, 0xb0,
    0x0, 0x0, 0x0, 0x1f, 0xfb, 0x0, 0x0, 0x0,
    0x1, 0xff, 0xb0, 0x0, 0x0, 0x0, 0x1f, 0xfb,
    0x0, 0x0, 0x0, 0x1, 0xff, 0xb0, 0x0, 0x0,
    0x0, 0x1f, 0xfb, 0x0, 0x0,

    /* U+0055 "U" */
    0xaf, 0xf1, 0x0, 0x0, 0xef, 0xda, 0xff, 0x10,
    0x0, 0xe, 0xfd, 0xaf, 0xf1, 0x0, 0x0, 0xef,
    0xda, 0xff, 0x10, 0x0, 0xe, 0xfd, 0xaf, 0xf1,
    0x0, 0x0, 0xef, 0xda, 0xff, 0x10, 0x0, 0xe,
    0xfd, 0xaf, 0xf1, 0x0, 0x0, 0xef, 0xda, 0xff,
    0x10, 0x0, 0xe, 0xfd, 0x9f, 0xf2, 0x0, 0x0,
    0xef, 0xd8, 0xff, 0x40, 0x0, 0xf, 0xfb, 0x5f,
    0xfb, 0x0, 0x7, 0xff, 0x80, 0xef, 0xfc, 0x9b,
    0xff, 0xf2, 0x5, 0xff, 0xff, 0xff, 0xf6, 0x0,
    0x3, 0xae, 0xfe, 0xb4, 0x0,

    /* U+0056 "V" */
    0xcf, 0xf2, 0x0, 0x0, 0xe, 0xfe, 0x6, 0xff,
    0x70, 0x0, 0x3, 0xff, 0x90, 0x1f, 0xfb, 0x0,
    0x0, 0x8f, 0xf4, 0x0, 0xcf, 0xf0, 0x0, 0xc,
    0xfe, 0x0, 0x7, 0xff, 0x40, 0x1, 0xff, 0xa0,
    0x0, 0x2f, 0xf9, 0x0, 0x5f, 0xf4, 0x0, 0x0,
    0xdf, 0xd0, 0xa, 0xff, 0x0, 0x0, 0x8, 0xff,
    0x20, 0xef, 0xa0, 0x0, 0x0, 0x3f, 0xf6, 0x3f,
    0xf5, 0x0, 0x0, 0x0, 0xef, 0xb7, 0xff, 0x0,
    0x0, 0x0, 0x9, 0xfe, 0xbf, 0xb0, 0x0, 0x0,
    0x0, 0x4f, 0xff, 0xf6, 0x0, 0x0, 0x0, 0x0,
    0xff, 0xff, 0x10, 0x0, 0x0, 0x0, 0xa, 0xff,
    0xc0, 0x0, 0x0,

    /* U+0057 "W" */
    0xbf, 0xf4, 0x0, 0x2, 0xff, 0xf0, 0x0, 0xc,
    0xff, 0x7, 0xff, 0x70, 0x0, 0x6f, 0xff, 0x30,
    0x0, 0xff, 0xc0, 0x3f, 0xfa, 0x0, 0xa, 0xff,
    0xf6, 0x0, 0x2f, 0xf8, 0x0, 0xff, 0xd0, 0x0,
    0xef, 0xef, 0xa0, 0x5, 0xff, 0x40, 0xb, 0xff,
    0x10, 0x2f, 0xfa, 0xfe, 0x0, 0x8f, 0xf0, 0x0,
    0x7f, 0xf4, 0x7, 0xfd, 0x6f, 0xf1, 0xb, 0xfc,
    0x0, 0x4, 0xff, 0x70, 0xbf, 0x92, 0xff, 0x50,
    0xef, 0x80, 0x0, 0xf, 0xfa, 0xe, 0xf5, 0xe,
    0xf9, 0x2f, 0xf4, 0x0, 0x0, 0xcf, 0xe3, 0xff,
    0x10, 0xaf, 0xc5, 0xff, 0x0, 0x0, 0x8, 0xff,
    0x8f, 0xd0, 0x6, 0xff, 0x8f, 0xc0, 0x0, 0x0,
    0x4f, 0xfd, 0xf9, 0x0, 0x2f, 0xfd, 0xf8, 0x0,
    0x0, 0x0, 0xff, 0xff, 0x50, 0x0, 0xef, 0xff,
    0x50, 0x0, 0x0, 0xc, 0xff, 0xf1, 0x0, 0xb,
    0xff, 0xf1, 0x0, 0x0, 0x0, 0x8f, 0xfd, 0x0,
    0x0, 0x7f, 0xfd, 0x0, 0x0,

    /* U+0058 "X" */
    0x5f, 0xfe, 0x0, 0x0, 0x9f, 0xf6, 0xc, 0xff,
    0x60, 0x1, 0xff, 0xd0, 0x3, 0xff, 0xd0, 0x9,
    0xff, 0x50, 0x0, 0xbf, 0xf5, 0x1f, 0xfc, 0x0,
    0x0, 0x2f, 0xfb, 0x8f, 0xf3, 0x0, 0x0, 0x9,
    0xff, 0xef, 0xa0, 0x0, 0x0, 0x1, 0xff, 0xff,
    0x10, 0x0, 0x0, 0x2, 0xff, 0xff, 0x20, 0x0,
    0x0, 0xb, 0xfe, 0xff, 0xb0, 0x0, 0x0, 0x4f,
    0xf9, 0xaf, 0xf4, 0x0, 0x0, 0xdf, 0xf1, 0x2f,
    0xfd, 0x0, 0x7, 0xff, 0x90, 0xa, 0xff, 0x60,
    0x1f, 0xff, 0x10, 0x3, 0xff, 0xe0, 0xaf, 0xf9,
    0x0, 0x0, 0xbf, 0xf8,

    /* U+0059 "Y" */
    0xcf, 0xf5, 0x0, 0x1, 0xff, 0xc0, 0x4f, 0xfb,
    0x0, 0x7, 0xff, 0x50, 0xd, 0xff, 0x20, 0xe,
    0xfd, 0x0, 0x6, 0xff, 0x80, 0x4f, 0xf6, 0x0,
    0x0, 0xef, 0xe0, 0xbf, 0xe0, 0x0, 0x0, 0x8f,
    0xf7, 0xff, 0x70, 0x0, 0x0, 0x1f, 0xfe, 0xff,
    0x10, 0x0, 0x0, 0x9, 0xff, 0xf8, 0x0, 0x0,
    0x0, 0x2, 0xff, 0xf1, 0x0, 0x0, 0x0, 0x0,
    0xef, 0xd0, 0x0, 0x0, 0x0, 0x0, 0xef, 0xd0,
    0x0, 0x0, 0x0, 0x0, 0xef, 0xd0, 0x0, 0x0,
    0x0, 0x0, 0xef, 0xd0, 0x0, 0x0, 0x0, 0x0,
    0xef, 0xd0, 0x0, 0x0,

    /* U+005A "Z" */
    0x2f, 0xff, 0xff, 0xff, 0xff, 0xa2, 0xff, 0xff,
    0xff, 0xff, 0xf9, 0x6, 0x66, 0x66, 0x7f, 0xfe,
    0x10, 0x0, 0x0, 0xb, 0xff, 0x60, 0x0, 0x0,
    0x5, 0xff, 0xb0, 0x0, 0x0, 0x1, 0xef, 0xf1,
    0x0, 0x0, 0x0, 0xbf, 0xf6, 0x0, 0x0, 0x0,
    0x6f, 0xfc, 0x0, 0x0, 0x0, 0x1f, 0xff, 0x20,
    0x0, 0x0, 0xb, 0xff, 0x70, 0x0, 0x0, 0x6,
    0xff, 0xc0, 0x0, 0x0, 0x1, 0xff, 0xf8, 0x66,
    0x66, 0x63, 0x9f, 0xff, 0xff, 0xff, 0xff, 0xaa,
    0xff, 0xff, 0xff, 0xff, 0xfa,

    /* U+005B "[" */
    0x1f, 0xff, 0xf0, 0x1f, 0xfd, 0xd0, 0x1f, 0xf2,
    0x0, 0x1f, 0xf2, 0x0, 0x1f, 0xf2, 0x0, 0x1f,
    0xf2, 0x0, 0x1f, 0xf2, 0x0, 0x1f, 0xf2, 0x0,
    0x1f, 0xf2, 0x0, 0x1f, 0xf2, 0x0, 0x1f, 0xf2,
    0x0, 0x1f, 0xf2, 0x0, 0x1f, 0xf2, 0x0, 0x1f,
    0xf2, 0x0, 0x1f, 0xf2, 0x0, 0x1f, 0xff, 0xf0,
    0x1d, 0xdd, 0xd0,

    /* U+005C "\\" */
    0xd, 0xf8, 0x0, 0x0, 0x0, 0x7, 0xfe, 0x0,
    0x0, 0x0, 0x1, 0xff, 0x40, 0x0, 0x0, 0x0,
    0xbf, 0xb0, 0x0, 0x0, 0x0, 0x5f, 0xf1, 0x0,
    0x0, 0x0, 0xe, 0xf7, 0x0, 0x0, 0x0, 0x8,
    0xfd, 0x0, 0x0, 0x0, 0x2, 0xff, 0x30, 0x0,
    0x0, 0x0, 0xcf, 0x90, 0x0, 0x0, 0x0, 0x6f,
    0xf0, 0x0, 0x0, 0x0, 0xf, 0xf5, 0x0, 0x0,
    0x0, 0xa, 0xfb, 0x0, 0x0, 0x0, 0x4, 0xff,
    0x20, 0x0, 0x0, 0x0, 0xdf, 0x70, 0x0, 0x0,
    0x0, 0x7f, 0xd0, 0x0, 0x0, 0x0, 0x1f, 0xf4,

    /* U+005D "]" */
    0x6f, 0xff, 0xb5, 0xde, 0xfb, 0x0, 0x8f, 0xb0,
    0x8, 0xfb, 0x0, 0x8f, 0xb0, 0x8, 0xfb, 0x0,
    0x8f, 0xb0, 0x8, 0xfb, 0x0, 0x8f, 0xb0, 0x8,
    0xfb, 0x0, 0x8f, 0xb0, 0x8, 0xfb, 0x0, 0x8f,
    0xb0, 0x8, 0xfb, 0x0, 0x8f, 0xb6, 0xff, 0xfb,
    0x5d, 0xdd, 0x90,

    /* U+005E "^" */
    0x0, 0x0, 0x8f, 0x40, 0x0, 0x0, 0x0, 0x1f,
    0xfc, 0x0, 0x0, 0x0, 0x8, 0xfd, 0xf5, 0x0,
    0x0, 0x0, 0xfe, 0x1f, 0xd0, 0x0, 0x0, 0x7f,
    0x70, 0x9f, 0x50, 0x0, 0xe, 0xf1, 0x2, 0xfd,
    0x0, 0x7, 0xf9, 0x0, 0xa, 0xf5, 0x0, 0xef,
    0x20, 0x0, 0x3f, 0xd0,

    /* U+005F "_" */
    0xff, 0xff, 0xff, 0xf9, 0x22, 0x22, 0x22, 0x21,

    /* U+0060 "`" */
    0x2e, 0xf4, 0x0, 0x2, 0xee, 0x20, 0x0, 0x3f,
    0xc0,

    /* U+0061 "a" */
    0x2, 0x9d, 0xff, 0xb3, 0x0, 0x9f, 0xff, 0xff,
    0xf2, 0x7, 0x61, 0x4, 0xff, 0x80, 0x0, 0x1,
    0x3e, 0xfb, 0x2, 0xae, 0xff, 0xff, 0xb1, 0xef,
    0xe9, 0x7d, 0xfb, 0x5f, 0xf2, 0x0, 0xdf, 0xb6,
    0xff, 0x30, 0x5f, 0xfb, 0x2f, 0xff, 0xdf, 0xef,
    0xb0, 0x5d, 0xfd, 0x4d, 0xfb,

    /* U+0062 "b" */
    0xcf, 0xe0, 0x0, 0x0, 0x0, 0xcf, 0xe0, 0x0,
    0x0, 0x0, 0xcf, 0xe0, 0x0, 0x0, 0x0, 0xcf,
    0xe0, 0x0, 0x0, 0x0, 0xcf, 0xe1, 0xaf, 0xea,
    0x10, 0xcf, 0xed, 0xff, 0xff, 0xc0, 0xcf, 0xfd,
    0x45, 0xef, 0xf4, 0xcf, 0xf2, 0x0, 0x5f, 0xf7,
    0xcf, 0xe0, 0x0, 0x2f, 0xf9, 0xcf, 0xd0, 0x0,
    0x2f, 0xf9, 0xcf, 0xf0, 0x0, 0x6f, 0xf6, 0xcf,
    0xf8, 0x2, 0xdf, 0xf1, 0xcf, 0xff, 0xff, 0xff,
    0x80, 0xcf, 0xe5, 0xdf, 0xd7, 0x0,

    /* U+0063 "c" */
    0x0, 0x18, 0xdf, 0xfc, 0x0, 0x1d, 0xff, 0xff,
    0xf1, 0xb, 0xff, 0xb4, 0x48, 0x11, 0xff, 0xc0,
    0x0, 0x0, 0x4f, 0xf7, 0x0, 0x0, 0x4, 0xff,
    0x70, 0x0, 0x0, 0x2f, 0xfc, 0x0, 0x0, 0x0,
    0xdf, 0xfa, 0x44, 0x91, 0x3, 0xff, 0xff, 0xff,
    0x10, 0x2, 0xae, 0xfe, 0xa0,

    /* U+0064 "d" */
    0x0, 0x0, 0x0, 0x9, 0xff, 0x10, 0x0, 0x0,
    0x0, 0x9f, 0xf1, 0x0, 0x0, 0x0, 0x9, 0xff,
    0x10, 0x0, 0x0, 0x0, 0x9f, 0xf1, 0x0, 0x3b,
    0xfe, 0x89, 0xff, 0x10, 0x3f, 0xff, 0xff, 0xef,
    0xf1, 0xc, 0xff, 0x83, 0x9f, 0xff, 0x12, 0xff,
    0xb0, 0x0, 0xcf, 0xf1, 0x4f, 0xf7, 0x0, 0x9,
    0xff, 0x14, 0xff, 0x60, 0x0, 0x9f, 0xf1, 0x3f,
    0xf9, 0x0, 0xc, 0xff, 0x10, 0xef, 0xf3, 0x6,
    0xff, 0xf1, 0x6, 0xff, 0xff, 0xfe, 0xff, 0x10,
    0x6, 0xdf, 0xd6, 0x9f, 0xf1,

    /* U+0065 "e" */
    0x0, 0x1a, 0xef, 0xd5, 0x0, 0x2, 0xef, 0xff,
    0xff, 0x70, 0xb, 0xfe, 0x20, 0x9f, 0xf0, 0x1f,
    0xf7, 0x0, 0x2f, 0xf4, 0x4f, 0xff, 0xff, 0xff,
    0xf5, 0x4f, 0xfd, 0xcc, 0xcc, 0xc4, 0x2f, 0xf8,
    0x0, 0x0, 0x0, 0xd, 0xff, 0x51, 0x25, 0x60,
    0x4, 0xff, 0xff, 0xff, 0x90, 0x0, 0x3b, 0xef,
    0xea, 0x30,

    /* U+0066 "f" */
    0x0, 0x7, 0xdf, 0xe0, 0x0, 0x9f, 0xff, 0xf0,
    0x0, 0xff, 0xe4, 0x40, 0x0, 0xff, 0xa0, 0x0,
    0x9f, 0xff, 0xff, 0xb0, 0x9f, 0xff, 0xff, 0xb0,
    0x12, 0xff, 0xa2, 0x10, 0x0, 0xff, 0xa0, 0x0,
    0x0, 0xff, 0xa0, 0x0, 0x0, 0xff, 0xa0, 0x0,
    0x0, 0xff, 0xa0, 0x0, 0x0, 0xff, 0xa0, 0x0,
    0x0, 0xff, 0xa0, 0x0, 0x0, 0xff, 0xa0, 0x0,

    /* U+0067 "g" */
    0x0, 0x3c, 0xfe, 0x79, 0xff, 0x10, 0x3f, 0xff,
    0xff, 0xef, 0xf1, 0xc, 0xff, 0x83, 0x8f, 0xff,
    0x11, 0xff, 0xb0, 0x0, 0xcf, 0xf1, 0x4f, 0xf7,
    0x0, 0x8, 0xff, 0x14, 0xff, 0x60, 0x0, 0x9f,
    0xf1, 0x3f, 0xfa, 0x0, 0xd, 0xff, 0x10, 0xef,
    0xf7, 0x39, 0xff, 0xf1, 0x6, 0xff, 0xff, 0xfc,
    0xff, 0x10, 0x6, 0xdf, 0xd5, 0xaf, 0xf0, 0x0,
    0x0, 0x0, 0x1e, 0xfc, 0x0, 0x67, 0x32, 0x4c,
    0xff, 0x60, 0x8, 0xff, 0xff, 0xff, 0xa0, 0x0,
    0x4c, 0xef, 0xeb, 0x50, 0x0,

    /* U+0068 "h" */
    0xcf, 0xe0, 0x0, 0x0, 0xc, 0xfe, 0x0, 0x0,
    0x0, 0xcf, 0xe0, 0x0, 0x0, 0xc, 0xfe, 0x0,
    0x0, 0x0, 0xcf, 0xe1, 0xbf, 0xd7, 0xc, 0xfe,
    0xdf, 0xff, 0xf5, 0xcf, 0xfb, 0x48, 0xff, 0xbc,
    0xff, 0x10, 0xe, 0xfd, 0xcf, 0xe0, 0x0, 0xcf,
    0xec, 0xfe, 0x0, 0xc, 0xfe, 0xcf, 0xe0, 0x0,
    0xcf, 0xec, 0xfe, 0x0, 0xc, 0xfe, 0xcf, 0xe0,
    0x0, 0xcf, 0xec, 0xfe, 0x0, 0xc, 0xfe,

    /* U+0069 "i" */
    0x9, 0xf9, 0x0, 0xff, 0xf0, 0x8, 0xf9, 0x0,
    0x0, 0x0, 0xd, 0xfd, 0x0, 0xdf, 0xd0, 0xd,
    0xfd, 0x0, 0xdf, 0xd0, 0xd, 0xfd, 0x0, 0xdf,
    0xd0, 0xd, 0xfd, 0x0, 0xdf, 0xd0, 0xd, 0xfd,
    0x0, 0xdf, 0xd0,

    /* U+006A "j" */
    0x0, 0x8, 0xfa, 0x0, 0x0, 0xef, 0xf1, 0x0,
    0x7, 0xfa, 0x0, 0x0, 0x0, 0x0, 0x0, 0xc,
    0xfe, 0x0, 0x0, 0xcf, 0xe0, 0x0, 0xc, 0xfe,
    0x0, 0x0, 0xcf, 0xe0, 0x0, 0xc, 0xfe, 0x0,
    0x0, 0xcf, 0xe0, 0x0, 0xc, 0xfe, 0x0, 0x0,
    0xcf, 0xe0, 0x0, 0xc, 0xfe, 0x0, 0x0, 0xcf,
    0xe0, 0x0, 0xe, 0xfd, 0x1, 0x47, 0xff, 0x90,
    0x4f, 0xff, 0xf2, 0x3, 0xef, 0xc3, 0x0,

    /* U+006B "k" */
    0xcf, 0xe0, 0x0, 0x0, 0x0, 0xcf, 0xe0, 0x0,
    0x0, 0x0, 0xcf, 0xe0, 0x0, 0x0, 0x0, 0xcf,
    0xe0, 0x0, 0x0, 0x0, 0xcf, 0xe0, 0x8, 0xff,
    0xa0, 0xcf, 0xe0, 0x2f, 0xfd, 0x0, 0xcf, 0xe0,
    0xbf, 0xf3, 0x0, 0xcf, 0xe5, 0xff, 0x70, 0x0,
    0xcf, 0xfe, 0xfc, 0x0, 0x0, 0xcf, 0xec, 0xff,
    0x20, 0x0, 0xcf, 0xe2, 0xff, 0xc0, 0x0, 0xcf,
    0xe0, 0x8f, 0xf8, 0x0, 0xcf, 0xe0, 0xe, 0xff,
    0x30, 0xcf, 0xe0, 0x5, 0xff, 0xd0,

    /* U+006C "l" */
    0xdf, 0xdd, 0xfd, 0xdf, 0xdd, 0xfd, 0xdf, 0xdd,
    0xfd, 0xdf, 0xdd, 0xfd, 0xdf, 0xdd, 0xfd, 0xdf,
    0xdd, 0xfd, 0xdf, 0xdd, 0xfd,

    /* U+006D "m" */
    0xcf, 0xe2, 0xbf, 0xe8, 0x5, 0xdf, 0xd5, 0xc,
    0xff, 0xef, 0xff, 0xfb, 0xff, 0xff, 0xf1, 0xcf,
    0xf8, 0x6, 0xff, 0xf6, 0x8, 0xff, 0x7c, 0xff,
    0x0, 0xf, 0xfe, 0x0, 0x2f, 0xf9, 0xcf, 0xe0,
    0x0, 0xef, 0xc0, 0x0, 0xff, 0xac, 0xfe, 0x0,
    0xe, 0xfc, 0x0, 0xf, 0xfa, 0xcf, 0xe0, 0x0,
    0xef, 0xc0, 0x0, 0xff, 0xac, 0xfe, 0x0, 0xe,
    0xfc, 0x0, 0xf, 0xfa, 0xcf, 0xe0, 0x0, 0xef,
    0xc0, 0x0, 0xff, 0xac, 0xfe, 0x0, 0xe, 0xfc,
    0x0, 0xf, 0xfa,

    /* U+006E "n" */
    0xcf, 0xe2, 0xbf, 0xe8, 0xc, 0xff, 0xef, 0xff,
    0xf6, 0xcf, 0xf9, 0x4, 0xff, 0xcc, 0xff, 0x0,
    0xd, 0xfe, 0xcf, 0xe0, 0x0, 0xbf, 0xec, 0xfe,
    0x0, 0xb, 0xff, 0xcf, 0xe0, 0x0, 0xbf, 0xfc,
    0xfe, 0x0, 0xb, 0xff, 0xcf, 0xe0, 0x0, 0xbf,
    0xfc, 0xfe, 0x0, 0xb, 0xff,

    /* U+006F "o" */
    0x0, 0x19, 0xef, 0xeb, 0x30, 0x0, 0x2e, 0xff,
    0xff, 0xff, 0x50, 0xc, 0xff, 0x83, 0x6f, 0xfe,
    0x2, 0xff, 0xb0, 0x0, 0x7f, 0xf5, 0x4f, 0xf7,
    0x0, 0x4, 0xff, 0x74, 0xff, 0x70, 0x0, 0x4f,
    0xf7, 0x2f, 0xfa, 0x0, 0x7, 0xff, 0x40, 0xcf,
    0xf8, 0x36, 0xff, 0xe0, 0x3, 0xff, 0xff, 0xff,
    0xf3, 0x0, 0x2, 0xae, 0xfe, 0xa2, 0x0,

    /* U+0070 "p" */
    0xcf, 0xe2, 0xbf, 0xea, 0x10, 0xcf, 0xfe, 0xff,
    0xff, 0xb0, 0xcf, 0xfa, 0x1, 0xcf, 0xf3, 0xcf,
    0xf1, 0x0, 0x4f, 0xf7, 0xcf, 0xe0, 0x0, 0x2f,
    0xf9, 0xcf, 0xe0, 0x0, 0x3f, 0xf9, 0xcf, 0xf1,
    0x0, 0x7f, 0xf6, 0xcf, 0xfb, 0x46, 0xff, 0xf1,
    0xcf, 0xff, 0xff, 0xff, 0x70, 0xcf, 0xe4, 0xdf,
    0xd6, 0x0, 0xcf, 0xe0, 0x0, 0x0, 0x0, 0xcf,
    0xe0, 0x0, 0x0, 0x0, 0xcf, 0xe0, 0x0, 0x0,
    0x0, 0xcf, 0xe0, 0x0, 0x0, 0x0,

    /* U+0071 "q" */
    0x0, 0x3c, 0xfe, 0x79, 0xff, 0x10, 0x3f, 0xff,
    0xff, 0xef, 0xf1, 0xc, 0xff, 0x83, 0x8f, 0xff,
    0x12, 0xff, 0xb0, 0x0, 0xcf, 0xf1, 0x4f, 0xf7,
    0x0, 0x8, 0xff, 0x14, 0xff, 0x60, 0x0, 0x9f,
    0xf1, 0x3f, 0xfa, 0x0, 0xd, 0xff, 0x10, 0xef,
    0xf7, 0x39, 0xff, 0xf1, 0x6, 0xff, 0xff, 0xfd,
    0xff, 0x10, 0x6, 0xdf, 0xd5, 0x9f, 0xf1, 0x0,
    0x0, 0x0, 0x9, 0xff, 0x10, 0x0, 0x0, 0x0,
    0x9f, 0xf1, 0x0, 0x0, 0x0, 0x9, 0xff, 0x10,
    0x0, 0x0, 0x0, 0x9f, 0xf1,

    /* U+0072 "r" */
    0x0, 0x0, 0x0, 0xc, 0xfe, 0x3d, 0xf1, 0xcf,
    0xed, 0xff, 0x1c, 0xff, 0xe6, 0x60, 0xcf, 0xf3,
    0x0, 0xc, 0xff, 0x0, 0x0, 0xcf, 0xe0, 0x0,
    0xc, 0xfe, 0x0, 0x0, 0xcf, 0xe0, 0x0, 0xc,
    0xfe, 0x0, 0x0, 0xcf, 0xe0, 0x0, 0x0,

    /* U+0073 "s" */
    0x0, 0x6c, 0xff, 0xd3, 0x8, 0xff, 0xff, 0xf6,
    0xf, 0xfc, 0x10, 0x33, 0xe, 0xfe, 0x30, 0x0,
    0x8, 0xff, 0xfd, 0x60, 0x0, 0x6d, 0xff, 0xf7,
    0x0, 0x0, 0x4e, 0xfd, 0x9, 0x20, 0x1d, 0xfd,
    0xf, 0xff, 0xff, 0xf6, 0xa, 0xef, 0xeb, 0x50,

    /* U+0074 "t" */
    0x0, 0x5a, 0x70, 0x0, 0x2f, 0xf8, 0x0, 0x2,
    0xff, 0x80, 0xa, 0xff, 0xff, 0xfa, 0xaf, 0xff,
    0xff, 0xa1, 0x3f, 0xf9, 0x21, 0x2, 0xff, 0x80,
    0x0, 0x2f, 0xf8, 0x0, 0x2, 0xff, 0x80, 0x0,
    0x1f, 0xf8, 0x0, 0x0, 0xff, 0xd4, 0x30, 0xc,
    0xff, 0xfa, 0x0, 0x2b, 0xff, 0x70,

    /* U+0075 "u" */
    0xef, 0xc0, 0x0, 0xdf, 0xce, 0xfc, 0x0, 0xd,
    0xfc, 0xef, 0xc0, 0x0, 0xdf, 0xce, 0xfc, 0x0,
    0xd, 0xfc, 0xef, 0xc0, 0x0, 0xdf, 0xce, 0xfc,
    0x0, 0xd, 0xfc, 0xef, 0xd0, 0x0, 0xff, 0xcc,
    0xff, 0x40, 0x7f, 0xfc, 0x6f, 0xff, 0xfe, 0xef,
    0xc0, 0x8e, 0xfc, 0x3d, 0xfc,

    /* U+0076 "v" */
    0xcf, 0xf0, 0x0, 0x2f, 0xf9, 0x7f, 0xf4, 0x0,
    0x6f, 0xf4, 0x2f, 0xf9, 0x0, 0xbf, 0xe0, 0xc,
    0xfd, 0x0, 0xff, 0x90, 0x7, 0xff, 0x13, 0xff,
    0x30, 0x2, 0xff, 0x68, 0xfe, 0x0, 0x0, 0xdf,
    0xac, 0xf8, 0x0, 0x0, 0x7f, 0xdf, 0xf3, 0x0,
    0x0, 0x2f, 0xff, 0xd0, 0x0, 0x0, 0xd, 0xff,
    0x80, 0x0,

    /* U+0077 "w" */
    0xbf, 0xf0, 0x0, 0xef, 0xd0, 0x4, 0xff, 0x27,
    0xff, 0x20, 0x2f, 0xff, 0x10, 0x7f, 0xe0, 0x3f,
    0xf6, 0x6, 0xff, 0xf4, 0xa, 0xfa, 0x0, 0xef,
    0x90, 0xaf, 0xbf, 0x80, 0xdf, 0x60, 0xb, 0xfc,
    0xe, 0xe7, 0xfb, 0xf, 0xf1, 0x0, 0x6f, 0xf2,
    0xfa, 0x3f, 0xf3, 0xfd, 0x0, 0x2, 0xff, 0x9f,
    0x60, 0xff, 0x9f, 0x90, 0x0, 0xe, 0xfe, 0xf2,
    0xb, 0xfe, 0xf5, 0x0, 0x0, 0xaf, 0xfe, 0x0,
    0x8f, 0xff, 0x10, 0x0, 0x6, 0xff, 0xa0, 0x4,
    0xff, 0xc0, 0x0,

    /* U+0078 "x" */
    0x7f, 0xf9, 0x0, 0x5f, 0xf8, 0xd, 0xff, 0x10,
    0xcf, 0xd0, 0x4, 0xff, 0x84, 0xff, 0x40, 0x0,
    0xbf, 0xfc, 0xfa, 0x0, 0x0, 0x2f, 0xff, 0xf1,
    0x0, 0x0, 0x2f, 0xff, 0xf3, 0x0, 0x0, 0xbf,
    0xde, 0xfc, 0x0, 0x5, 0xff, 0x68, 0xff, 0x50,
    0x1e, 0xfe, 0x1, 0xff, 0xe0, 0x9f, 0xf6, 0x0,
    0x8f, 0xf8,

    /* U+0079 "y" */
    0xd, 0xff, 0x10, 0x0, 0xff, 0x90, 0x6f, 0xf6,
    0x0, 0x5f, 0xf3, 0x1, 0xff, 0xb0, 0xa, 0xfe,
    0x0, 0xa, 0xff, 0x0, 0xef, 0x80, 0x0, 0x4f,
    0xf4, 0x3f, 0xf2, 0x0, 0x0, 0xdf, 0x98, 0xfc,
    0x0, 0x0, 0x7, 0xfd, 0xdf, 0x60, 0x0, 0x0,
    0x1f, 0xff, 0xf1, 0x0, 0x0, 0x0, 0xbf, 0xfb,
    0x0, 0x0, 0x0, 0x6, 0xff, 0x50, 0x0, 0x0,
    0x0, 0xbf, 0xe0, 0x0, 0x0, 0x33, 0x7f, 0xf7,
    0x0, 0x0, 0x8, 0xff, 0xfc, 0x0, 0x0, 0x0,
    0x7f, 0xea, 0x10, 0x0, 0x0,

    /* U+007A "z" */
    0x4f, 0xff, 0xff, 0xff, 0x64, 0xff, 0xff, 0xff,
    0xf3, 0x2, 0x22, 0x7f, 0xf9, 0x0, 0x0, 0x1e,
    0xfd, 0x0, 0x0, 0xb, 0xff, 0x30, 0x0, 0x6,
    0xff, 0x80, 0x0, 0x2, 0xff, 0xc0, 0x0, 0x0,
    0xcf, 0xf4, 0x22, 0x20, 0x8f, 0xff, 0xff, 0xff,
    0x6c, 0xff, 0xff, 0xff, 0xf6,

    /* U+007B "{" */
    0x0, 0x6, 0xde, 0x0, 0x5f, 0xfc, 0x0, 0x9f,
    0xb0, 0x0, 0xaf, 0x80, 0x0, 0xbf, 0x80, 0x0,
    0xbf, 0x70, 0x0, 0xdf, 0x50, 0xd, 0xfd, 0x0,
    0x1f, 0xf9, 0x0, 0x2, 0xff, 0x30, 0x0, 0xbf,
    0x70, 0x0, 0xbf, 0x70, 0x0, 0xbf, 0x80, 0x0,
    0xaf, 0x80, 0x0, 0x8f, 0xc1, 0x0, 0x2f, 0xfe,
    0x0, 0x3, 0x9a,

    /* U+007C "|" */
    0x18, 0x82, 0xff, 0x2f, 0xf2, 0xff, 0x2f, 0xf2,
    0xff, 0x2f, 0xf2, 0xff, 0x2f, 0xf2, 0xff, 0x2f,
    0xf2, 0xff, 0x2f, 0xf2, 0xff, 0x2f, 0xf2, 0xff,
    0x2f, 0xf2, 0xff, 0x2f, 0xf2, 0xff,

    /* U+007D "}" */
    0x4f, 0xb3, 0x0, 0x3e, 0xfe, 0x0, 0x1, 0xff,
    0x30, 0x0, 0xdf, 0x50, 0x0, 0xdf, 0x50, 0x0,
    0xcf, 0x50, 0x0, 0xaf, 0x80, 0x0, 0x4f, 0xf8,
    0x0, 0x1d, 0xfb, 0x0, 0x9f, 0xb0, 0x0, 0xcf,
    0x50, 0x0, 0xdf, 0x50, 0x0, 0xdf, 0x50, 0x0,
    0xdf, 0x40, 0x3, 0xff, 0x20, 0x4f, 0xfc, 0x0,
    0x3a, 0x70, 0x0,

    /* U+007E "~" */
    0x2, 0xcf, 0xd8, 0x10, 0xbf, 0x10, 0xdf, 0xef,
    0xff, 0xef, 0xc0, 0x2f, 0xa0, 0x18, 0xdf, 0xb2,
    0x0,

    /* U+4E0D "不" */
    0x1, 0x11, 0x11, 0x11, 0x11, 0x11, 0x11, 0x11,
    0x1, 0xff, 0xff, 0xff, 0xff, 0xff, 0xff, 0xff,
    0xf2, 0x1f, 0xff, 0xff, 0xff, 0xff, 0xff, 0xff,
    0xff, 0x20, 0x22, 0x22, 0x22, 0xcf, 0xf3, 0x22,
    0x22, 0x20, 0x0, 0x0, 0x0, 0x4f, 0xf8, 0x0,
    0x0, 0x0, 0x0, 0x0, 0x0, 0x1d, 0xff, 0x60,
    0x0, 0x0, 0x0, 0x0, 0x0, 0xb, 0xff, 0xfc,
    0x3c, 0x20, 0x0, 0x0, 0x0, 0xa, 0xff, 0xff,
    0xde, 0xfe, 0x30, 0x0, 0x0, 0xb, 0xff, 0xdc,
    0xfc, 0x5f, 0xff, 0x40, 0x0, 0x2d, 0xff, 0xd1,
    0xbf, 0xc0, 0x4f, 0xff, 0x50, 0x6f, 0xff, 0xd1,
    0xb, 0xfc, 0x0, 0x4f, 0xff, 0x63, 0xff, 0xc1,
    0x0, 0xbf, 0xc0, 0x0, 0x4f, 0xf3, 0x6, 0x80,
    0x0, 0xb, 0xfc, 0x0, 0x0, 0x53, 0x0, 0x0,
    0x0, 0x0, 0xbf, 0xc0, 0x0, 0x0, 0x0, 0x0,
    0x0, 0x0, 0xb, 0xfc, 0x0, 0x0, 0x0, 0x0,
    0x0, 0x0, 0x0, 0xbf, 0xc0, 0x0, 0x0, 0x0,

    /* U+4E2D "中" */
    0x0, 0x0, 0x0, 0xef, 0x90, 0x0, 0x0, 0x0,
    0x0, 0x0, 0xe, 0xf9, 0x0, 0x0, 0x0, 0x34,
    0x44, 0x44, 0xff, 0xb4, 0x44, 0x44, 0x2f, 0xff,
    0xff, 0xff, 0xff, 0xff, 0xff, 0xf9, 0xff, 0xff,
    0xff, 0xff, 0xff, 0xff, 0xff, 0x9f, 0xf8, 0x0,
    0xe, 0xfa, 0x0, 0xe, 0xf9, 0xff, 0x70, 0x0,
    0xef, 0x90, 0x0, 0xef, 0x9f, 0xf7, 0x0, 0xe,
    0xf9, 0x0, 0xe, 0xf9, 0xff, 0xa5, 0x55, 0xff,
    0xb5, 0x55, 0xef, 0x9f, 0xff, 0xff, 0xff, 0xff,
    0xff, 0xff, 0xf9, 0xff, 0xff, 0xff, 0xff, 0xff,
    0xff, 0xff, 0x9f, 0xf7, 0x0, 0xe, 0xf9, 0x0,
    0xe, 0xf9, 0x11, 0x0, 0x0, 0xef, 0x90, 0x0,
    0x1, 0x0, 0x0, 0x0, 0xe, 0xf9, 0x0, 0x0,
    0x0, 0x0, 0x0, 0x0, 0xef, 0x90, 0x0, 0x0,
    0x0, 0x0, 0x0, 0xe, 0xf9, 0x0, 0x0, 0x0,

    /* U+4E3B "主" */
    0x0, 0x0, 0x0, 0x0, 0x10, 0x0, 0x0, 0x0,
    0x0, 0x0, 0x0, 0x4, 0xcf, 0x10, 0x0, 0x0,
    0x0, 0x0, 0x0, 0x0, 0x4f, 0xfa, 0x0, 0x0,
    0x0, 0x0, 0x11, 0x11, 0x11, 0xbe, 0x81, 0x11,
    0x11, 0x0, 0xe, 0xff, 0xff, 0xff, 0xff, 0xff,
    0xff, 0xf8, 0x0, 0xef, 0xff, 0xff, 0xff, 0xff,
    0xff, 0xff, 0x80, 0x1, 0x11, 0x11, 0x1f, 0xf9,
    0x11, 0x11, 0x10, 0x0, 0x0, 0x0, 0x0, 0xff,
    0x80, 0x0, 0x0, 0x0, 0x0, 0x0, 0x0, 0xf,
    0xf8, 0x0, 0x0, 0x0, 0x0, 0x1f, 0xff, 0xff,
    0xff, 0xff, 0xff, 0xfb, 0x0, 0x1, 0xff, 0xff,
    0xff, 0xff, 0xff, 0xff, 0xc0, 0x0, 0x3, 0x33,
    0x33, 0xff, 0xa3, 0x33, 0x32, 0x0, 0x0, 0x0,
    0x0, 0xf, 0xf8, 0x0, 0x0, 0x0, 0x0, 0x0,
    0x0, 0x0, 0xff, 0x80, 0x0, 0x0, 0x0, 0xbd,
    0xdd, 0xdd, 0xdf, 0xfe, 0xdd, 0xdd, 0xdd, 0x5d,
    0xff, 0xff, 0xff, 0xff, 0xff, 0xff, 0xff, 0xf6,
    0x45, 0x55, 0x55, 0x55, 0x55, 0x55, 0x55, 0x55,
    0x20,

    /* U+4EAE "亮" */
    0x0, 0x0, 0x0, 0x0, 0x32, 0x0, 0x0, 0x0,
    0x0, 0x0, 0x0, 0x0, 0xef, 0xd0, 0x0, 0x0,
    0x0, 0x2f, 0xff, 0xff, 0xff, 0xff, 0xff, 0xff,
    0xff, 0xa2, 0xcc, 0xcc, 0xcc, 0xcc, 0xcc, 0xcc,
    0xcc, 0xc8, 0x0, 0x8, 0x88, 0x88, 0x88, 0x88,
    0x88, 0x30, 0x0, 0x0, 0xff, 0xff, 0xff, 0xff,
    0xff, 0xf7, 0x0, 0x0, 0xf, 0xf5, 0x33, 0x33,
    0x33, 0xdf, 0x70, 0x0, 0x0, 0xff, 0xff, 0xff,
    0xff, 0xff, 0xf7, 0x0, 0x0, 0x4, 0x44, 0x44,
    0x44, 0x44, 0x44, 0x20, 0x0, 0xef, 0xff, 0xff,
    0xff, 0xff, 0xff, 0xff, 0xf6, 0xe, 0xfb, 0x99,
    0x99, 0x99, 0x99, 0x99, 0xef, 0x60, 0xef, 0x43,
    0xaa, 0xaa, 0xaa, 0xa3, 0xc, 0xf6, 0x3, 0x41,
    0x6f, 0xff, 0xff, 0xff, 0x60, 0x34, 0x10, 0x0,
    0x9, 0xfc, 0x0, 0xe, 0xf6, 0x2, 0xfa, 0x0,
    0x18, 0xff, 0x70, 0x0, 0xef, 0x70, 0x5f, 0xd3,
    0xef, 0xff, 0xc0, 0x0, 0xc, 0xff, 0xef, 0xf9,
    0xc, 0xfd, 0x70, 0x0, 0x0, 0x4e, 0xff, 0xfb,
    0x10, 0x12, 0x0, 0x0, 0x0, 0x0, 0x0, 0x0,
    0x0,

    /* U+4F4E "低" */
    0x0, 0x0, 0x0, 0x0, 0x0, 0x0, 0x0, 0x0,
    0x0, 0x0, 0xbd, 0x40, 0x0, 0x1, 0x34, 0x68,
    0x60, 0x0, 0x1f, 0xf6, 0xcd, 0xef, 0xff, 0xff,
    0xfd, 0x0, 0x6, 0xfd, 0x3f, 0xff, 0xff, 0xff,
    0xb9, 0x70, 0x0, 0xdf, 0x73, 0xff, 0x21, 0x4f,
    0xd0, 0x0, 0x0, 0x5f, 0xf3, 0x3f, 0xf0, 0x3,
    0xfe, 0x0, 0x0, 0xd, 0xff, 0x33, 0xff, 0x0,
    0x3f, 0xe0, 0x0, 0x7, 0xff, 0xf3, 0x3f, 0xff,
    0xff, 0xff, 0xff, 0xf8, 0xbf, 0xff, 0x33, 0xff,
    0xff, 0xff, 0xff, 0xff, 0x88, 0xdf, 0xf3, 0x3f,
    0xf0, 0x0, 0xff, 0x10, 0x0, 0x52, 0xef, 0x33,
    0xff, 0x0, 0xf, 0xf3, 0x0, 0x0, 0xe, 0xf3,
    0x3f, 0xf0, 0x3, 0xdf, 0x40, 0x60, 0x0, 0xef,
    0x33, 0xff, 0x4c, 0xda, 0xf7, 0xf, 0xa0, 0xe,
    0xf3, 0x5f, 0xff, 0xfe, 0x7f, 0xc2, 0xf9, 0x0,
    0xef, 0x3c, 0xff, 0xff, 0x61, 0xff, 0xdf, 0x60,
    0xe, 0xf3, 0x5f, 0x99, 0xff, 0x29, 0xff, 0xf3,
    0x0, 0xef, 0x30, 0x30, 0xd, 0xb2, 0x9, 0xd8,
    0x0, 0x0, 0x0, 0x0, 0x0, 0x0, 0x0, 0x0,
    0x0,

    /* U+529B "力" */
    0x0, 0x0, 0x0, 0x7f, 0xf1, 0x0, 0x0, 0x0,
    0x0, 0x0, 0x0, 0x7, 0xff, 0x10, 0x0, 0x0,
    0x0, 0x0, 0x0, 0x0, 0x7f, 0xf0, 0x0, 0x0,
    0x0, 0x0, 0x1f, 0xff, 0xff, 0xff, 0xff, 0xff,
    0xff, 0xfb, 0x2, 0xff, 0xff, 0xff, 0xff, 0xff,
    0xff, 0xff, 0xb0, 0x3, 0x33, 0x3b, 0xfe, 0x33,
    0x33, 0x3d, 0xfb, 0x0, 0x0, 0x0, 0xbf, 0xc0,
    0x0, 0x0, 0xdf, 0xa0, 0x0, 0x0, 0xe, 0xfa,
    0x0, 0x0, 0xd, 0xfa, 0x0, 0x0, 0x2, 0xff,
    0x70, 0x0, 0x0, 0xef, 0x90, 0x0, 0x0, 0x8f,
    0xf3, 0x0, 0x0, 0xe, 0xf8, 0x0, 0x0, 0x1f,
    0xfd, 0x0, 0x0, 0x0, 0xff, 0x80, 0x0, 0xc,
    0xff, 0x50, 0x0, 0x0, 0x1f, 0xf7, 0x0, 0xa,
    0xff, 0xc0, 0x0, 0x0, 0x4, 0xff, 0x60, 0x1c,
    0xff, 0xe2, 0x0, 0x77, 0x78, 0xef, 0xf3, 0xc,
    0xff, 0xf3, 0x0, 0xb, 0xff, 0xff, 0xfc, 0x0,
    0x1d, 0xe3, 0x0, 0x0, 0x8f, 0xff, 0xea, 0x10,
    0x0, 0x11, 0x0, 0x0, 0x0, 0x0, 0x0, 0x0,
    0x0,

    /* U+52A8 "动" */
    0x0, 0x0, 0x0, 0x0, 0x6, 0xfc, 0x0, 0x0,
    0x0, 0xef, 0xff, 0xff, 0x60, 0x7f, 0xc0, 0x0,
    0x0, 0xf, 0xff, 0xff, 0xf8, 0x5a, 0xfd, 0x55,
    0x55, 0x0, 0x22, 0x22, 0x22, 0x4f, 0xff, 0xff,
    0xff, 0xf0, 0x0, 0x0, 0x0, 0x2, 0xbd, 0xfe,
    0xbb, 0xff, 0xa, 0xff, 0xff, 0xff, 0xf0, 0x8f,
    0xa0, 0x3f, 0xf0, 0xbf, 0xff, 0xff, 0xff, 0x8,
    0xfa, 0x3, 0xff, 0x1, 0x2c, 0xfb, 0x22, 0x20,
    0x9f, 0x90, 0x3f, 0xf0, 0x0, 0xff, 0x79, 0xa0,
    0xa, 0xf8, 0x3, 0xfe, 0x0, 0x4f, 0xf1, 0xef,
    0x20, 0xcf, 0x70, 0x4f, 0xe0, 0xa, 0xfa, 0x9,
    0xf9, 0xf, 0xf5, 0x4, 0xfe, 0x1, 0xff, 0x50,
    0x5f, 0xf5, 0xff, 0x10, 0x5f, 0xd0, 0x9f, 0xff,
    0xff, 0xff, 0xff, 0xc0, 0x6, 0xfd, 0x4, 0xff,
    0xff, 0xff, 0xff, 0xf7, 0x66, 0xdf, 0xc0, 0x7,
    0x53, 0x21, 0x1e, 0xfe, 0xf, 0xff, 0xfa, 0x0,
    0x0, 0x0, 0x0, 0x8f, 0x40, 0xbf, 0xeb, 0x10,
    0x0, 0x0, 0x0, 0x0, 0x10, 0x0, 0x0, 0x0,
    0x0,

    /* U+534F "协" */
    0x2, 0xed, 0x0, 0x0, 0x6f, 0xe0, 0x0, 0x0,
    0x0, 0x2f, 0xe0, 0x0, 0x6, 0xfe, 0x0, 0x0,
    0x0, 0x2, 0xfe, 0x1, 0x66, 0x9f, 0xe6, 0x66,
    0x60, 0x0, 0x2f, 0xe0, 0x2f, 0xff, 0xff, 0xff,
    0xff, 0x0, 0x9e, 0xff, 0xe6, 0xaa, 0xcf, 0xfa,
    0xcf, 0xf0, 0xa, 0xff, 0xff, 0x52, 0x7, 0xfc,
    0x4, 0xff, 0x0, 0x3, 0xfe, 0x14, 0xfa, 0x9f,
    0xb0, 0x4f, 0xf3, 0x0, 0x2f, 0xe0, 0x9f, 0x5a,
    0xf9, 0x4, 0xff, 0xf4, 0x2, 0xfe, 0xe, 0xf1,
    0xef, 0x70, 0x4f, 0xff, 0xb0, 0x2f, 0xe5, 0xfb,
    0x3f, 0xf3, 0x4, 0xfe, 0xc9, 0x2, 0xfe, 0x17,
    0x58, 0xfe, 0x0, 0x5f, 0xe1, 0x40, 0x2f, 0xe0,
    0x1, 0xff, 0x90, 0x5, 0xfd, 0x0, 0x2, 0xfe,
    0x0, 0x9f, 0xf2, 0x0, 0x7f, 0xd0, 0x0, 0x2f,
    0xe0, 0x7f, 0xf9, 0x23, 0x4c, 0xfc, 0x0, 0x2,
    0xfe, 0x2f, 0xfd, 0x6, 0xff, 0xff, 0x80, 0x0,
    0x2f, 0xe0, 0x5d, 0x20, 0x2f, 0xfe, 0x90, 0x0,
    0x0, 0x0, 0x0, 0x0, 0x0, 0x0, 0x0, 0x0,
    0x0,

    /* U+5360 "占" */
    0x0, 0x0, 0x1, 0xff, 0x60, 0x0, 0x0, 0x0,
    0x0, 0x0, 0x1, 0xff, 0x60, 0x0, 0x0, 0x0,
    0x0, 0x0, 0x1, 0xff, 0xfe, 0xee, 0xee, 0xeb,
    0x0, 0x0, 0x1, 0xff, 0xff, 0xff, 0xff, 0xfc,
    0x0, 0x0, 0x1, 0xff, 0x94, 0x44, 0x44, 0x43,
    0x0, 0x0, 0x1, 0xff, 0x60, 0x0, 0x0, 0x0,
    0x0, 0x0, 0x1, 0xff, 0x60, 0x0, 0x0, 0x0,
    0x2f, 0xff, 0xff, 0xff, 0xff, 0xff, 0xff, 0x20,
    0x2f, 0xff, 0xff, 0xff, 0xff, 0xff, 0xff, 0x20,
    0x2f, 0xf6, 0x33, 0x33, 0x33, 0x36, 0xff, 0x20,
    0x2f, 0xf3, 0x0, 0x0, 0x0, 0x4, 0xff, 0x20,
    0x2f, 0xf3, 0x0, 0x0, 0x0, 0x4, 0xff, 0x20,
    0x2f, 0xf3, 0x0, 0x0, 0x0, 0x4, 0xff, 0x20,
    0x2f, 0xff, 0xff, 0xff, 0xff, 0xff, 0xff, 0x20,
    0x2f, 0xff, 0xff, 0xff, 0xff, 0xff, 0xff, 0x20,
    0x2f, 0xf6, 0x33, 0x33, 0x33, 0x36, 0xff, 0x20,

    /* U+538B "压" */
    0x0, 0x11, 0x11, 0x11, 0x11, 0x11, 0x11, 0x11,
    0x0, 0x2f, 0xff, 0xff, 0xff, 0xff, 0xff, 0xff,
    0xf8, 0x2, 0xff, 0xff, 0xff, 0xff, 0xff, 0xff,
    0xff, 0x80, 0x2f, 0xf3, 0x11, 0x14, 0xcc, 0x21,
    0x11, 0x10, 0x2, 0xff, 0x20, 0x0, 0x4f, 0xf2,
    0x0, 0x0, 0x0, 0x2f, 0xf2, 0x0, 0x4, 0xff,
    0x20, 0x0, 0x0, 0x2, 0xff, 0x21, 0x11, 0x5f,
    0xf3, 0x11, 0x11, 0x0, 0x2f, 0xf4, 0xff, 0xff,
    0xff, 0xff, 0xff, 0xe0, 0x3, 0xff, 0x3f, 0xff,
    0xff, 0xff, 0xff, 0xfe, 0x0, 0x5f, 0xf0, 0x0,
    0x4, 0xff, 0x23, 0xa0, 0x0, 0x8, 0xfe, 0x0,
    0x0, 0x4f, 0xf2, 0xdf, 0xc0, 0x0, 0xcf, 0xb0,
    0x0, 0x4, 0xff, 0x21, 0xef, 0xa0, 0x3f, 0xf7,
    0x0, 0x0, 0x4f, 0xf2, 0x2, 0x90, 0xa, 0xff,
    0x7e, 0xee, 0xee, 0xff, 0xee, 0xee, 0xe8, 0x2f,
    0xb6, 0xff, 0xff, 0xff, 0xff, 0xff, 0xff, 0x90,
    0x61, 0x13, 0x33, 0x33, 0x33, 0x33, 0x33, 0x32,

    /* U+53D6 "取" */
    0xbf, 0xff, 0xff, 0xff, 0x32, 0x22, 0x22, 0x22,
    0xb, 0xff, 0xff, 0xff, 0xfa, 0xff, 0xff, 0xff,
    0xf2, 0x4f, 0xf2, 0x2b, 0xf9, 0x8f, 0xff, 0xff,
    0xff, 0x24, 0xff, 0x0, 0xaf, 0x90, 0xff, 0x20,
    0x3f, 0xf0, 0x4f, 0xfe, 0xef, 0xf9, 0xf, 0xf4,
    0x6, 0xfe, 0x4, 0xff, 0xff, 0xff, 0x90, 0xdf,
    0x70, 0x9f, 0xb0, 0x4f, 0xf2, 0x2b, 0xf9, 0xa,
    0xfa, 0xd, 0xf7, 0x4, 0xff, 0x0, 0xaf, 0x90,
    0x6f, 0xf4, 0xff, 0x20, 0x4f, 0xff, 0xff, 0xf9,
    0x2, 0xff, 0xdf, 0xd0, 0x4, 0xff, 0xff, 0xff,
    0x90, 0xd, 0xff, 0xf7, 0x0, 0x4f, 0xf0, 0xa,
    0xf9, 0x0, 0x6f, 0xff, 0x0, 0x4, 0xff, 0x46,
    0xdf, 0xfb, 0x7, 0xff, 0xe1, 0x0, 0xdf, 0xff,
    0xff, 0xff, 0xb6, 0xff, 0xff, 0xc1, 0xc, 0xff,
    0xeb, 0xef, 0xaa, 0xff, 0xe9, 0xff, 0xe4, 0x33,
    0x0, 0xa, 0xf9, 0x9f, 0xf3, 0x8, 0xff, 0x40,
    0x0, 0x0, 0xaf, 0x90, 0xb3, 0x0, 0x6, 0xa0,
    0x0, 0x0, 0x0, 0x0, 0x0, 0x0, 0x0, 0x0,
    0x0,

    /* U+5546 "商" */
    0x0, 0x0, 0x0, 0x0, 0x0, 0x0, 0x0, 0x0,
    0x0, 0x0, 0x0, 0x0, 0xdf, 0xe0, 0x0, 0x0,
    0x0, 0x1c, 0xcc, 0xcc, 0xce, 0xff, 0xcc, 0xcc,
    0xcc, 0x72, 0xff, 0xff, 0xff, 0xff, 0xff, 0xff,
    0xff, 0xfa, 0x0, 0x1, 0x55, 0x30, 0x0, 0x15,
    0x53, 0x0, 0x0, 0x12, 0x2a, 0xff, 0x32, 0x2a,
    0xfe, 0x32, 0x20, 0x8, 0xff, 0xff, 0xff, 0xff,
    0xff, 0xff, 0xff, 0x0, 0x8f, 0xea, 0xac, 0xaa,
    0xab, 0xaa, 0xbf, 0xf0, 0x8, 0xfa, 0x5, 0xf9,
    0x2, 0xea, 0x22, 0xff, 0x0, 0x8f, 0xba, 0xff,
    0x60, 0x2b, 0xff, 0xaf, 0xf0, 0x8, 0xff, 0xff,
    0xff, 0xff, 0xff, 0xef, 0xff, 0x0, 0x8f, 0xb7,
    0xaf, 0xdb, 0xbf, 0xf2, 0x6f, 0xf0, 0x8, 0xfa,
    0x9, 0xf7, 0x0, 0xff, 0x12, 0xff, 0x0, 0x8f,
    0xa0, 0x9f, 0xff, 0xff, 0xf1, 0x2f, 0xf0, 0x8,
    0xfa, 0x9, 0xfd, 0xcc, 0xcc, 0x17, 0xff, 0x0,
    0x8f, 0xa0, 0x59, 0x40, 0x6, 0xff, 0xff, 0xc0,
    0x8, 0xfa, 0x0, 0x0, 0x0, 0x3f, 0xfe, 0xb2,
    0x0, 0x0, 0x0, 0x0, 0x0, 0x0, 0x0, 0x0,
    0x0,

    /* U+56DE "回" */
    0xff, 0xff, 0xff, 0xff, 0xff, 0xff, 0xff, 0xff,
    0xff, 0xff, 0xff, 0xff, 0xff, 0xff, 0xff, 0xff,
    0x60, 0x0, 0x0, 0x0, 0x0, 0x6f, 0xff, 0xf6,
    0x0, 0x0, 0x0, 0x0, 0x6, 0xff, 0xff, 0x62,
    0xcc, 0xcc, 0xcc, 0xc2, 0x6f, 0xff, 0xf6, 0x3f,
    0xff, 0xff, 0xff, 0x36, 0xff, 0xff, 0x63, 0xff,
    0x43, 0x4f, 0xf3, 0x6f, 0xff, 0xf6, 0x3f, 0xf1,
    0x1, 0xff, 0x36, 0xff, 0xff, 0x63, 0xff, 0x10,
    0x1f, 0xf3, 0x6f, 0xff, 0xf6, 0x3f, 0xf4, 0x34,
    0xff, 0x36, 0xff, 0xff, 0x63, 0xff, 0xff, 0xff,
    0xf3, 0x6f, 0xff, 0xf6, 0x2c, 0xcc, 0xcc, 0xcc,
    0x26, 0xff, 0xff, 0x60, 0x0, 0x0, 0x0, 0x0,
    0x6f, 0xff, 0xfe, 0xee, 0xee, 0xee, 0xee, 0xee,
    0xff, 0xff, 0xff, 0xff, 0xff, 0xff, 0xff, 0xff,
    0xff, 0xf8, 0x22, 0x22, 0x22, 0x22, 0x27, 0xff,
    0x0, 0x0, 0x0, 0x0, 0x0, 0x0, 0x0, 0x0,

    /* U+56FA "固" */
    0xf, 0xff, 0xff, 0xff, 0xff, 0xff, 0xff, 0xff,
    0x40, 0xff, 0xfe, 0xee, 0xee, 0xee, 0xee, 0xef,
    0xf4, 0xf, 0xf4, 0x0, 0x1, 0x10, 0x0, 0x0,
    0xff, 0x40, 0xff, 0x40, 0x0, 0xef, 0x70, 0x0,
    0x1f, 0xf4, 0xf, 0xfa, 0xff, 0xff, 0xff, 0xff,
    0xf8, 0xff, 0x40, 0xff, 0x9d, 0xdd, 0xff, 0xed,
    0xdd, 0x7f, 0xf4, 0xf, 0xf4, 0x0, 0xe, 0xf7,
    0x0, 0x0, 0xff, 0x40, 0xff, 0x4b, 0xee, 0xff,
    0xfe, 0xeb, 0xf, 0xf4, 0xf, 0xf4, 0xcf, 0xff,
    0xff, 0xff, 0xc0, 0xff, 0x40, 0xff, 0x4c, 0xf5,
    0x0, 0x5, 0xfc, 0xf, 0xf4, 0xf, 0xf4, 0xcf,
    0x61, 0x11, 0x6f, 0xc0, 0xff, 0x40, 0xff, 0x4c,
    0xff, 0xff, 0xff, 0xfc, 0xf, 0xf4, 0xf, 0xf4,
    0x9c, 0xcc, 0xcc, 0xcc, 0x90, 0xff, 0x40, 0xff,
    0x63, 0x33, 0x33, 0x33, 0x33, 0x3f, 0xf4, 0xf,
    0xff, 0xff, 0xff, 0xff, 0xff, 0xff, 0xff, 0x40,
    0xff, 0xcb, 0xbb, 0xbb, 0xbb, 0xbb, 0xbf, 0xf4,
    0x0, 0x0, 0x0, 0x0, 0x0, 0x0, 0x0, 0x0,
    0x0,

    /* U+5728 "在" */
    0x0, 0x0, 0x0, 0x10, 0x0, 0x0, 0x0, 0x0,
    0x0, 0x0, 0x0, 0x1f, 0xf8, 0x0, 0x0, 0x0,
    0x0, 0x4, 0x44, 0x47, 0xff, 0x74, 0x44, 0x44,
    0x44, 0x31, 0xff, 0xff, 0xff, 0xff, 0xff, 0xff,
    0xff, 0xfc, 0x1f, 0xff, 0xff, 0xff, 0xff, 0xff,
    0xff, 0xff, 0xb0, 0x0, 0xd, 0xfe, 0x0, 0xd,
    0xd5, 0x0, 0x0, 0x0, 0x9, 0xff, 0x50, 0x0,
    0xff, 0x60, 0x0, 0x0, 0x5, 0xff, 0xa0, 0x0,
    0xf, 0xf6, 0x0, 0x0, 0x6, 0xff, 0xf0, 0x8e,
    0xee, 0xff, 0xee, 0xee, 0x4, 0xff, 0xfe, 0xa,
    0xff, 0xff, 0xff, 0xff, 0xf0, 0x3f, 0xff, 0xe0,
    0x35, 0x55, 0xff, 0x95, 0x55, 0x0, 0xc9, 0xfe,
    0x0, 0x0, 0xf, 0xf6, 0x0, 0x0, 0x0, 0x5f,
    0xe0, 0x0, 0x0, 0xff, 0x60, 0x0, 0x0, 0x5,
    0xfe, 0x0, 0x0, 0xf, 0xf6, 0x0, 0x0, 0x0,
    0x5f, 0xe7, 0xff, 0xff, 0xff, 0xff, 0xff, 0xb0,
    0x5, 0xfe, 0x8f, 0xff, 0xff, 0xff, 0xff, 0xfc,
    0x0, 0x5f, 0xe1, 0x33, 0x33, 0x33, 0x33, 0x33,
    0x20,

    /* U+58F0 "声" */
    0x0, 0x0, 0x0, 0x0, 0xef, 0x80, 0x0, 0x0,
    0x0, 0x9, 0xdd, 0xdd, 0xdd, 0xff, 0xed, 0xdd,
    0xdd, 0xd2, 0xb, 0xff, 0xff, 0xff, 0xff, 0xff,
    0xff, 0xff, 0xf2, 0x0, 0x1, 0x11, 0x11, 0xef,
    0x81, 0x11, 0x11, 0x0, 0x0, 0x9f, 0xff, 0xff,
    0xff, 0xff, 0xff, 0xff, 0x10, 0x0, 0x7c, 0xcc,
    0xcc, 0xcc, 0xcc, 0xcc, 0xcc, 0x0, 0x0, 0x2,
    0x22, 0x22, 0x22, 0x22, 0x22, 0x22, 0x0, 0x0,
    0x5f, 0xff, 0xff, 0xff, 0xff, 0xff, 0xff, 0x0,
    0x0, 0x5f, 0xfb, 0xbb, 0xef, 0xdb, 0xbc, 0xff,
    0x0, 0x0, 0x5f, 0xe0, 0x0, 0xcf, 0x70, 0x3,
    0xff, 0x0, 0x0, 0x5f, 0xff, 0xff, 0xff, 0xff,
    0xff, 0xff, 0x0, 0x0, 0x7f, 0xff, 0xff, 0xff,
    0xff, 0xff, 0xff, 0x0, 0x0, 0xbf, 0x90, 0x0,
    0x0, 0x0, 0x2, 0xee, 0x0, 0x2, 0xff, 0x50,
    0x0, 0x0, 0x0, 0x0, 0x0, 0x0, 0xc, 0xfe,
    0x0, 0x0, 0x0, 0x0, 0x0, 0x0, 0x0, 0x6,
    0xf5, 0x0, 0x0, 0x0, 0x0, 0x0, 0x0, 0x0,
    0x0, 0x30, 0x0, 0x0, 0x0, 0x0, 0x0, 0x0,
    0x0,

    /* U+590D "复" */
    0x0, 0x5f, 0xff, 0xff, 0xff, 0xff, 0xff, 0xff,
    0x40, 0xe, 0xfa, 0xaa, 0xaa, 0xaa, 0xaa, 0xaa,
    0xa2, 0xc, 0xfa, 0x44, 0x44, 0x44, 0x44, 0x44,
    0x40, 0xb, 0xff, 0xff, 0xff, 0xff, 0xff, 0xff,
    0xff, 0x10, 0xbf, 0xff, 0xb9, 0x99, 0x99, 0x99,
    0xaf, 0xf1, 0x7, 0x8e, 0xf7, 0x44, 0x44, 0x44,
    0x45, 0xff, 0x10, 0x10, 0xef, 0xff, 0xff, 0xff,
    0xff, 0xff, 0xf1, 0x0, 0xe, 0xf6, 0x33, 0x33,
    0x33, 0x34, 0xff, 0x10, 0x0, 0xef, 0xff, 0xff,
    0xff, 0xff, 0xff, 0xf1, 0x0, 0x3, 0xcf, 0xe4,
    0x44, 0x44, 0x44, 0x44, 0x0, 0x0, 0x9f, 0xff,
    0xff, 0xff, 0xff, 0xff, 0xf1, 0x2, 0xcf, 0xff,
    0xf9, 0x55, 0x58, 0xef, 0xfa, 0x0, 0xaf, 0xd2,
    0x5e, 0xfd, 0x8d, 0xff, 0xb3, 0x0, 0x0, 0x70,
    0x15, 0x9f, 0xff, 0xff, 0xd7, 0x52, 0x10, 0x2b,
    0xef, 0xff, 0xfb, 0x7b, 0xff, 0xff, 0xff, 0x40,
    0xbf, 0xd9, 0x51, 0x0, 0x0, 0x58, 0xbe, 0xa0,
    0x1, 0x10, 0x0, 0x0, 0x0, 0x0, 0x0, 0x0,
    0x0,

    /* U+5931 "失" */
    0x0, 0x5, 0x52, 0x3, 0xff, 0x20, 0x0, 0x0,
    0x0, 0x0, 0xdf, 0x70, 0x4f, 0xf1, 0x0, 0x0,
    0x0, 0x0, 0x2f, 0xf3, 0x15, 0xff, 0x21, 0x11,
    0x10, 0x0, 0x8, 0xff, 0xff, 0xff, 0xff, 0xff,
    0xff, 0xd0, 0x0, 0xef, 0xff, 0xff, 0xff, 0xff,
    0xff, 0xfd, 0x0, 0x7f, 0xf1, 0x0, 0x6f, 0xf0,
    0x0, 0x0, 0x0, 0x4, 0xd9, 0x0, 0x7, 0xff,
    0x0, 0x0, 0x0, 0x0, 0x33, 0x43, 0x33, 0x9f,
    0xe3, 0x33, 0x33, 0x32, 0x5f, 0xff, 0xff, 0xff,
    0xff, 0xff, 0xff, 0xff, 0xc4, 0xee, 0xee, 0xee,
    0xff, 0xff, 0xee, 0xee, 0xeb, 0x0, 0x0, 0x0,
    0x8f, 0xff, 0xe2, 0x0, 0x0, 0x0, 0x0, 0x0,
    0x5f, 0xf8, 0xcf, 0xd2, 0x0, 0x0, 0x0, 0x0,
    0x9f, 0xfd, 0x2, 0xff, 0xe5, 0x0, 0x0, 0x6,
    0xef, 0xfd, 0x10, 0x4, 0xff, 0xfc, 0x50, 0x1e,
    0xff, 0xfa, 0x10, 0x0, 0x3, 0xef, 0xff, 0x70,
    0x6f, 0xe6, 0x0, 0x0, 0x0, 0x1, 0x9f, 0xb0,
    0x0, 0x40, 0x0, 0x0, 0x0, 0x0, 0x0, 0x20,
    0x0,

    /* U+5B9A "定" */
    0x0, 0x0, 0x0, 0x8, 0xca, 0x0, 0x0, 0x0,
    0x0, 0x11, 0x11, 0x11, 0xbf, 0xf2, 0x11, 0x11,
    0x10, 0xd, 0xff, 0xff, 0xff, 0xff, 0xff, 0xff,
    0xff, 0x40, 0xdf, 0xff, 0xff, 0xff, 0xff, 0xff,
    0xff, 0xf4, 0xd, 0xf7, 0x0, 0x0, 0x0, 0x0,
    0x2, 0xff, 0x40, 0x56, 0x43, 0x33, 0x33, 0x33,
    0x33, 0x46, 0x62, 0x1f, 0xff, 0xff, 0xff, 0xff,
    0xff, 0xff, 0xff, 0x90, 0xcc, 0xcc, 0xcc, 0xdf,
    0xfc, 0xcc, 0xcc, 0xc7, 0x0, 0x8, 0x71, 0x5,
    0xff, 0x0, 0x0, 0x0, 0x0, 0x2, 0xff, 0x10,
    0x5f, 0xfd, 0xdd, 0xdd, 0x60, 0x0, 0x5f, 0xd0,
    0x5, 0xff, 0xff, 0xff, 0xf7, 0x0, 0xb, 0xff,
    0x10, 0x5f, 0xf3, 0x33, 0x33, 0x10, 0x2, 0xff,
    0xfa, 0x5, 0xff, 0x0, 0x0, 0x0, 0x0, 0xbf,
    0xef, 0xfc, 0x9f, 0xf2, 0x11, 0x11, 0x22, 0x5f,
    0xf5, 0x7f, 0xff, 0xff, 0xff, 0xff, 0xff, 0xb0,
    0xda, 0x0, 0x4a, 0xde, 0xff, 0xff, 0xff, 0xf6,
    0x2, 0x0, 0x0, 0x0, 0x0, 0x0, 0x0, 0x1,
    0x0,

    /* U+5B9E "实" */
    0x0, 0x0, 0x0, 0x8, 0xce, 0x20, 0x0, 0x0,
    0x0, 0x44, 0x44, 0x44, 0x9f, 0xf9, 0x44, 0x44,
    0x41, 0xf, 0xff, 0xff, 0xff, 0xff, 0xff, 0xff,
    0xff, 0x60, 0xff, 0xcb, 0xbb, 0xbb, 0xbb, 0xbb,
    0xbf, 0xf6, 0xf, 0xf5, 0x29, 0x10, 0x9, 0xa4,
    0x0, 0xef, 0x60, 0xff, 0x5b, 0xff, 0xa2, 0xef,
    0x60, 0xe, 0xf6, 0x0, 0x4, 0x37, 0xef, 0x4f,
    0xf5, 0x0, 0x0, 0x0, 0x0, 0xef, 0xa3, 0x50,
    0xff, 0x40, 0x0, 0x0, 0x0, 0x7, 0xef, 0xe0,
    0x2f, 0xf2, 0x0, 0x0, 0x0, 0x22, 0x23, 0xc8,
    0x26, 0xff, 0x32, 0x22, 0x22, 0x5f, 0xff, 0xff,
    0xff, 0xff, 0xff, 0xff, 0xff, 0xc4, 0xee, 0xee,
    0xee, 0xef, 0xff, 0xee, 0xee, 0xeb, 0x0, 0x0,
    0x0, 0x1b, 0xff, 0xc6, 0x10, 0x0, 0x0, 0x0,
    0x4, 0xaf, 0xff, 0xef, 0xff, 0xb5, 0x0, 0x7,
    0xdf, 0xff, 0xfe, 0x50, 0x5b, 0xff, 0xff, 0x60,
    0x3f, 0xff, 0xd7, 0x0, 0x0, 0x2, 0x8e, 0xf3,
    0x0, 0x66, 0x30, 0x0, 0x0, 0x0, 0x0, 0x4,
    0x0,

    /* U+5C4F "屏" */
    0x6, 0xff, 0xff, 0xff, 0xff, 0xff, 0xff, 0xff,
    0x0, 0x6f, 0xff, 0xff, 0xff, 0xff, 0xff, 0xff,
    0xf0, 0x6, 0xfe, 0x0, 0x0, 0x0, 0x0, 0x2,
    0xff, 0x0, 0x6f, 0xe0, 0x0, 0x0, 0x0, 0x0,
    0x3f, 0xf0, 0x6, 0xff, 0xff, 0xff, 0xff, 0xff,
    0xff, 0xff, 0x0, 0x6f, 0xfa, 0xac, 0xfd, 0xaa,
    0xbf, 0xfb, 0xa0, 0x6, 0xfe, 0x0, 0x5f, 0xf3,
    0x9, 0xfd, 0x10, 0x0, 0x6f, 0xe9, 0xff, 0xff,
    0xff, 0xff, 0xff, 0xf1, 0x7, 0xfd, 0x8f, 0xff,
    0xff, 0xff, 0xff, 0xff, 0x0, 0x8f, 0xd0, 0x4,
    0xfe, 0x0, 0x5f, 0xe0, 0x0, 0xa, 0xff, 0xee,
    0xef, 0xfe, 0xee, 0xff, 0xee, 0xb0, 0xcf, 0xff,
    0xff, 0xff, 0xff, 0xff, 0xff, 0xfc, 0xf, 0xf7,
    0x11, 0xbf, 0xb1, 0x15, 0xfe, 0x11, 0x4, 0xff,
    0x30, 0x3f, 0xf7, 0x0, 0x5f, 0xe0, 0x0, 0x3f,
    0xe0, 0x2d, 0xfe, 0x10, 0x5, 0xfe, 0x0, 0x0,
    0x77, 0x1, 0xaf, 0x50, 0x0, 0x5f, 0xe0, 0x0,
    0x0, 0x0, 0x0, 0x10, 0x0, 0x0, 0x0, 0x0,
    0x0,

    /* U+5DF2 "已" */
    0x8f, 0xff, 0xff, 0xff, 0xff, 0xff, 0xfe, 0x0,
    0x8f, 0xff, 0xff, 0xff, 0xff, 0xff, 0xfe, 0x0,
    0x24, 0x44, 0x44, 0x44, 0x44, 0x4a, 0xfe, 0x0,
    0x0, 0x0, 0x0, 0x0, 0x0, 0x9, 0xfe, 0x0,
    0x16, 0x61, 0x0, 0x0, 0x0, 0x9, 0xfe, 0x0,
    0x3f, 0xf4, 0x0, 0x0, 0x0, 0x9, 0xfe, 0x0,
    0x3f, 0xf8, 0x66, 0x66, 0x66, 0x6b, 0xfe, 0x0,
    0x3f, 0xff, 0xff, 0xff, 0xff, 0xff, 0xfe, 0x0,
    0x3f, 0xfe, 0xee, 0xee, 0xee, 0xee, 0xed, 0x0,
    0x3f, 0xf4, 0x0, 0x0, 0x0, 0x0, 0x3, 0x0,
    0x3f, 0xf4, 0x0, 0x0, 0x0, 0x0, 0xc, 0xe8,
    0x2f, 0xf4, 0x0, 0x0, 0x0, 0x0, 0xe, 0xfb,
    0x1f, 0xf8, 0x0, 0x0, 0x0, 0x0, 0x4f, 0xf7,
    0xd, 0xff, 0xee, 0xee, 0xee, 0xee, 0xff, 0xf3,
    0x3, 0xef, 0xff, 0xff, 0xff, 0xff, 0xff, 0x90,
    0x0, 0x4, 0x66, 0x66, 0x66, 0x66, 0x52, 0x0,

    /* U+5E55 "幕" */
    0x1f, 0xff, 0xff, 0xff, 0xff, 0xff, 0xff, 0xff,
    0x91, 0xff, 0xff, 0xff, 0xff, 0xff, 0xff, 0xff,
    0xf9, 0x3, 0x33, 0x3e, 0xf6, 0x33, 0xef, 0x73,
    0x33, 0x10, 0x7, 0xbb, 0xbb, 0xbb, 0xbb, 0xbb,
    0xbb, 0x0, 0x0, 0xaf, 0xc7, 0x77, 0x77, 0x77,
    0x9f, 0xf0, 0x0, 0xa, 0xff, 0xff, 0xff, 0xff,
    0xff, 0xff, 0x0, 0x0, 0xaf, 0xb4, 0x44, 0x44,
    0x44, 0x6f, 0xf0, 0x0, 0xa, 0xff, 0xff, 0xff,
    0xff, 0xff, 0xff, 0x0, 0x0, 0x24, 0x47, 0xff,
    0x44, 0x44, 0x44, 0x40, 0x1, 0xff, 0xff, 0xff,
    0xff, 0xff, 0xff, 0xff, 0xf7, 0x8, 0x8d, 0xff,
    0x9b, 0xfe, 0x8d, 0xfd, 0x88, 0x30, 0x2a, 0xff,
    0xc6, 0xaf, 0xe6, 0x8f, 0xfa, 0x30, 0x1f, 0xff,
    0xff, 0xff, 0xff, 0xff, 0xff, 0xff, 0xa0, 0x88,
    0xdf, 0x52, 0x7f, 0xd3, 0x4e, 0xf8, 0xd4, 0x0,
    0xd, 0xf3, 0x6, 0xfd, 0x5f, 0xff, 0x20, 0x0,
    0x0, 0x57, 0x10, 0x6f, 0xd1, 0x77, 0x40, 0x0,

    /* U+5E94 "应" */
    0x0, 0x0, 0x0, 0x0, 0x1, 0x0, 0x0, 0x0,
    0x0, 0x0, 0x0, 0x0, 0x5d, 0xf5, 0x0, 0x0,
    0x0, 0x0, 0x11, 0x11, 0x14, 0xff, 0xb1, 0x11,
    0x11, 0x0, 0x6f, 0xff, 0xff, 0xff, 0xff, 0xff,
    0xff, 0xf8, 0x6, 0xff, 0xff, 0xff, 0xff, 0xff,
    0xff, 0xff, 0x80, 0x6f, 0xd0, 0x0, 0x0, 0x30,
    0x0, 0x0, 0x0, 0x6, 0xfd, 0x29, 0x0, 0xdf,
    0x60, 0x5, 0xfb, 0x0, 0x6f, 0xde, 0xf6, 0x9,
    0xfb, 0x0, 0xaf, 0xc0, 0x6, 0xfc, 0x8f, 0xd0,
    0x4f, 0xf1, 0xe, 0xf8, 0x0, 0x6f, 0xc2, 0xff,
    0x40, 0xff, 0x63, 0xff, 0x30, 0x7, 0xfb, 0xb,
    0xfa, 0xb, 0xfb, 0x8f, 0xe0, 0x0, 0x9f, 0xa0,
    0x5f, 0xf1, 0x6d, 0x8c, 0xf9, 0x0, 0xb, 0xf8,
    0x0, 0xff, 0x60, 0x1, 0xff, 0x40, 0x0, 0xff,
    0x60, 0x4, 0x10, 0x0, 0x6f, 0xe0, 0x0, 0x4f,
    0xfa, 0xff, 0xff, 0xff, 0xff, 0xff, 0xff, 0x99,
    0xfe, 0x7f, 0xff, 0xff, 0xff, 0xff, 0xff, 0xf9,
    0xa, 0x72, 0x55, 0x55, 0x55, 0x55, 0x55, 0x55,
    0x30, 0x0, 0x0, 0x0, 0x0, 0x0, 0x0, 0x0,
    0x0,

    /* U+5EA6 "度" */
    0x0, 0x0, 0x0, 0x0, 0x2, 0x41, 0x0, 0x0,
    0x0, 0x0, 0x0, 0x0, 0x0, 0x4f, 0xf8, 0x0,
    0x0, 0x0, 0x0, 0xad, 0xdd, 0xdd, 0xdf, 0xff,
    0xdd, 0xdd, 0xd5, 0x0, 0xdf, 0xff, 0xff, 0xff,
    0xff, 0xff, 0xff, 0xf6, 0x0, 0xdf, 0x50, 0x38,
    0x70, 0x0, 0x28, 0x70, 0x0, 0x0, 0xdf, 0x8c,
    0xdf, 0xfc, 0xcc, 0xdf, 0xfc, 0xc1, 0x0, 0xdf,
    0x9f, 0xff, 0xff, 0xff, 0xff, 0xff, 0xf1, 0x0,
    0xdf, 0x40, 0x5f, 0xd0, 0x0, 0x3f, 0xe0, 0x0,
    0x0, 0xdf, 0x40, 0x5f, 0xff, 0xff, 0xff, 0xe0,
    0x0, 0x0, 0xdf, 0x40, 0x28, 0x88, 0x88, 0x88,
    0x80, 0x0, 0x0, 0xef, 0x4b, 0xbb, 0xbb, 0xbb,
    0xbb, 0xb9, 0x0, 0x0, 0xff, 0x3f, 0xff, 0xff,
    0xff, 0xff, 0xfd, 0x0, 0x2, 0xff, 0x1, 0x8f,
    0xe3, 0x11, 0x4e, 0xf7, 0x0, 0x6, 0xfe, 0x0,
    0x9, 0xff, 0x78, 0xff, 0x70, 0x0, 0xb, 0xfa,
    0x0, 0x3, 0xcf, 0xff, 0xfb, 0x42, 0x10, 0xf,
    0xf7, 0xce, 0xff, 0xff, 0xde, 0xff, 0xff, 0xf4,
    0x3, 0xc0, 0x9f, 0xc9, 0x51, 0x0, 0x37, 0xad,
    0xc0, 0x0, 0x0, 0x0, 0x0, 0x0, 0x0, 0x0,
    0x0, 0x0,

    /* U+5F85 "待" */
    0x0, 0x0, 0x0, 0x0, 0x0, 0x0, 0x0, 0x0,
    0x0, 0x1, 0xd4, 0x0, 0x0, 0x8f, 0xe0, 0x0,
    0x0, 0x0, 0xbf, 0xf1, 0x33, 0x39, 0xfe, 0x33,
    0x32, 0x0, 0x9f, 0xf4, 0xf, 0xff, 0xff, 0xff,
    0xff, 0xa0, 0x4f, 0xf7, 0x0, 0xee, 0xef, 0xff,
    0xee, 0xe9, 0x0, 0xf9, 0x20, 0x0, 0x0, 0x8f,
    0xe0, 0x0, 0x0, 0x4, 0xd, 0xce, 0xff, 0xff,
    0xff, 0xff, 0xff, 0x50, 0x9, 0xff, 0xef, 0xff,
    0xff, 0xff, 0xff, 0xf6, 0x5, 0xff, 0x81, 0x11,
    0x11, 0x11, 0xcd, 0x41, 0x3, 0xff, 0xf3, 0x22,
    0x22, 0x22, 0x2f, 0xf6, 0x20, 0xcf, 0xff, 0x3d,
    0xff, 0xff, 0xff, 0xff, 0xff, 0x58, 0xff, 0xf3,
    0xbe, 0xfe, 0xee, 0xef, 0xfe, 0xe4, 0x33, 0xef,
    0x30, 0x5f, 0xc1, 0x0, 0xff, 0x40, 0x0, 0xe,
    0xf3, 0x1, 0xdf, 0xa0, 0xf, 0xf4, 0x0, 0x0,
    0xef, 0x30, 0x2, 0x83, 0x23, 0xff, 0x40, 0x0,
    0xe, 0xf3, 0x0, 0x1, 0xff, 0xff, 0xf2, 0x0,
    0x0, 0xef, 0x30, 0x0, 0xc, 0xee, 0xc6, 0x0,
    0x0,

    /* U+5FD9 "忙" */
    0x0, 0x0, 0x0, 0x0, 0x0, 0x0, 0x0, 0x0,
    0x0, 0x2, 0xfe, 0x0, 0x0, 0xa, 0xfa, 0x0,
    0x0, 0x0, 0x2f, 0xe0, 0x0, 0x0, 0x9f, 0xf1,
    0x0, 0x0, 0x23, 0xff, 0x30, 0x0, 0x2, 0xc8,
    0x20, 0x0, 0xf, 0xbf, 0xff, 0xdf, 0xff, 0xff,
    0xff, 0xff, 0xe2, 0xf9, 0xff, 0xee, 0xff, 0xff,
    0xff, 0xff, 0xff, 0x4f, 0x7f, 0xe2, 0x18, 0xfe,
    0x22, 0x22, 0x22, 0x27, 0xf4, 0xfe, 0x0, 0x7f,
    0xd0, 0x0, 0x0, 0x0, 0x9e, 0x2f, 0xe0, 0x7,
    0xfd, 0x0, 0x0, 0x0, 0x0, 0x12, 0xfe, 0x0,
    0x7f, 0xd0, 0x0, 0x0, 0x0, 0x0, 0x2f, 0xe0,
    0x7, 0xfd, 0x0, 0x0, 0x0, 0x0, 0x2, 0xfe,
    0x0, 0x7f, 0xd0, 0x0, 0x0, 0x0, 0x0, 0x2f,
    0xe0, 0x7, 0xfd, 0x0, 0x0, 0x0, 0x0, 0x2,
    0xfe, 0x0, 0x7f, 0xd0, 0x0, 0x0, 0x0, 0x0,
    0x2f, 0xe0, 0x7, 0xff, 0xff, 0xff, 0xff, 0x40,
    0x2, 0xfe, 0x0, 0x7f, 0xff, 0xff, 0xff, 0xf4,
    0x0, 0x2f, 0xe0, 0x1, 0x33, 0x33, 0x33, 0x33,
    0x0,

    /* U+6062 "恢" */
    0x0, 0x0, 0x0, 0x0, 0x0, 0x0, 0x0, 0x0,
    0x0, 0x0, 0xe, 0xf3, 0x0, 0xff, 0x10, 0x0,
    0x0, 0x0, 0x0, 0xe, 0xf3, 0x0, 0xff, 0x10,
    0x0, 0x0, 0x0, 0x0, 0xe, 0xf3, 0xef, 0xff,
    0xff, 0xff, 0xff, 0xf6, 0x1, 0x1e, 0xf3, 0xef,
    0xff, 0xff, 0xff, 0xff, 0xf5, 0x9, 0xde, 0xfe,
    0x74, 0xfc, 0x3, 0x74, 0x0, 0x0, 0xb, 0xae,
    0xff, 0xd7, 0xfa, 0x8, 0xf8, 0x0, 0x0, 0xe,
    0x8e, 0xf6, 0x6b, 0xfa, 0x8, 0xf8, 0xa, 0x80,
    0xf, 0x5e, 0xf3, 0xf, 0xff, 0x2a, 0xf7, 0x6f,
    0xe1, 0x0, 0xe, 0xf3, 0x6f, 0xff, 0xac, 0xf7,
    0xff, 0x40, 0x0, 0xe, 0xf3, 0xdf, 0x7c, 0x6f,
    0xfb, 0xb8, 0x0, 0x0, 0xe, 0xfb, 0xfe, 0x0,
    0x6f, 0xff, 0x20, 0x0, 0x0, 0xe, 0xff, 0xf5,
    0x1, 0xef, 0xcf, 0xc0, 0x0, 0x0, 0xe, 0xfa,
    0xa0, 0x1c, 0xfe, 0x1e, 0xfb, 0x0, 0x0, 0xe,
    0xf4, 0x3, 0xdf, 0xf4, 0x4, 0xff, 0xd3, 0x0,
    0xe, 0xf3, 0xc, 0xff, 0x60, 0x0, 0x7f, 0xf2,
    0x0, 0xe, 0xf3, 0x1, 0xc4, 0x0, 0x0, 0x5,
    0x80,

    /* U+6216 "或" */
    0x0, 0x0, 0x0, 0x0, 0xd, 0xf7, 0x19, 0x90,
    0x0, 0x0, 0x0, 0x0, 0x0, 0xcf, 0x71, 0xdf,
    0x40, 0x7f, 0xff, 0xff, 0xff, 0xff, 0xff, 0xff,
    0xff, 0xe7, 0xff, 0xff, 0xff, 0xff, 0xff, 0xff,
    0xff, 0xfe, 0x12, 0x22, 0x22, 0x22, 0x2a, 0xfb,
    0x22, 0x22, 0x20, 0x1, 0x11, 0x11, 0x10, 0x9f,
    0xb0, 0x4d, 0x50, 0x8, 0xff, 0xff, 0xff, 0x8,
    0xfc, 0xb, 0xfe, 0x0, 0x8f, 0xec, 0xcf, 0xf0,
    0x6f, 0xd3, 0xff, 0x60, 0x8, 0xf9, 0x2, 0xff,
    0x4, 0xff, 0xcf, 0xd0, 0x0, 0x8f, 0xa1, 0x3f,
    0xf0, 0x2f, 0xff, 0xf4, 0x0, 0x8, 0xff, 0xff,
    0xff, 0x0, 0xff, 0xf9, 0x0, 0x0, 0x6c, 0xcc,
    0xcc, 0xc0, 0x2e, 0xfd, 0x4, 0xd5, 0x0, 0x12,
    0x34, 0x57, 0x3e, 0xff, 0xe0, 0x6f, 0xc7, 0xff,
    0xff, 0xff, 0xff, 0xfc, 0xdf, 0xcd, 0xf8, 0x6f,
    0xff, 0xec, 0xaa, 0xfc, 0x14, 0xff, 0xff, 0x31,
    0x42, 0x0, 0x0, 0x7, 0x0, 0x4, 0xdf, 0x80,

    /* U+62D2 "拒" */
    0x0, 0xef, 0x60, 0x2, 0x22, 0x22, 0x22, 0x22,
    0x0, 0xe, 0xf6, 0x7, 0xff, 0xff, 0xff, 0xff,
    0xf6, 0x12, 0xef, 0x72, 0x7f, 0xff, 0xff, 0xff,
    0xff, 0x5a, 0xff, 0xff, 0xf8, 0xfd, 0x0, 0x0,
    0x0, 0x0, 0xaf, 0xff, 0xff, 0x8f, 0xd1, 0x11,
    0x11, 0x11, 0x0, 0xe, 0xf6, 0x7, 0xff, 0xff,
    0xff, 0xff, 0xe0, 0x0, 0xef, 0x60, 0x7f, 0xff,
    0xff, 0xff, 0xfe, 0x0, 0xe, 0xfa, 0x9a, 0xfd,
    0x0, 0x0, 0x5f, 0xe0, 0x9e, 0xff, 0xff, 0xaf,
    0xd0, 0x0, 0x5, 0xfe, 0xa, 0xff, 0xfe, 0xb8,
    0xfe, 0x33, 0x33, 0x7f, 0xe0, 0x68, 0xef, 0x60,
    0x7f, 0xff, 0xff, 0xff, 0xfe, 0x0, 0xe, 0xf6,
    0x7, 0xff, 0xcc, 0xcc, 0xcc, 0xb0, 0x0, 0xef,
    0x60, 0x7f, 0xd0, 0x0, 0x0, 0x0, 0x2, 0x3f,
    0xf6, 0x7, 0xff, 0xcc, 0xcc, 0xcc, 0xc7, 0x8f,
    0xff, 0x40, 0x7f, 0xff, 0xff, 0xff, 0xff, 0x95,
    0xff, 0xa0, 0x2, 0x44, 0x44, 0x44, 0x44, 0x42,

    /* U+6301 "持" */
    0x0, 0xdf, 0x60, 0x0, 0x0, 0xef, 0x60, 0x0,
    0x0, 0xd, 0xf6, 0x0, 0x0, 0xe, 0xf6, 0x0,
    0x0, 0x1, 0xdf, 0x71, 0x3f, 0xff, 0xff, 0xff,
    0xfc, 0x9, 0xff, 0xff, 0xe3, 0xff, 0xff, 0xff,
    0xff, 0xb0, 0x7c, 0xff, 0xeb, 0x0, 0x0, 0xef,
    0x60, 0x0, 0x0, 0xd, 0xf6, 0x1f, 0xff, 0xff,
    0xff, 0xff, 0xfc, 0x0, 0xdf, 0x61, 0xff, 0xff,
    0xff, 0xff, 0xff, 0xd0, 0xe, 0xfd, 0x90, 0x0,
    0x0, 0x5, 0x96, 0x0, 0x9f, 0xff, 0xfb, 0x33,
    0x33, 0x33, 0xaf, 0xc3, 0x29, 0xff, 0xfe, 0x8f,
    0xff, 0xff, 0xff, 0xff, 0xfa, 0x57, 0xef, 0x60,
    0xce, 0xfc, 0xcc, 0xef, 0xfc, 0x80, 0xd, 0xf6,
    0x1, 0xef, 0x50, 0x9, 0xfb, 0x0, 0x0, 0xdf,
    0x60, 0x6, 0xff, 0x10, 0x9f, 0xb0, 0x1, 0x2e,
    0xf6, 0x0, 0x7, 0x30, 0xc, 0xfa, 0x0, 0x7f,
    0xff, 0x50, 0x0, 0xb, 0xff, 0xff, 0x70, 0x4,
    0xff, 0xb0, 0x0, 0x0, 0x8f, 0xff, 0xa0, 0x0,
    0x0, 0x0, 0x0, 0x0, 0x0, 0x11, 0x0, 0x0,
    0x0,

    /* U+6309 "按" */
    0x0, 0x0, 0x0, 0x0, 0x0, 0x0, 0x0, 0x0,
    0x0, 0x1f, 0xf1, 0x0, 0x0, 0x9e, 0xc0, 0x0,
    0x0, 0x1, 0xff, 0x10, 0x11, 0x19, 0xff, 0x21,
    0x11, 0x0, 0x1f, 0xf1, 0x2f, 0xff, 0xff, 0xff,
    0xff, 0xf1, 0x9d, 0xff, 0xd6, 0xff, 0xee, 0xee,
    0xee, 0xff, 0x1c, 0xff, 0xff, 0x7f, 0xf2, 0x63,
    0x0, 0x2f, 0xf1, 0x2, 0xff, 0x20, 0x33, 0x7f,
    0xe0, 0x0, 0x44, 0x0, 0x1f, 0xf1, 0x5d, 0xdf,
    0xff, 0xdd, 0xdd, 0xd6, 0x1, 0xff, 0xc8, 0xff,
    0xff, 0xff, 0xff, 0xff, 0x7c, 0xff, 0xff, 0x32,
    0xbf, 0xa2, 0x2a, 0xfd, 0x21, 0xdf, 0xff, 0x91,
    0x1f, 0xf2, 0x0, 0xef, 0x70, 0x6, 0x7f, 0xf1,
    0x9, 0xff, 0x60, 0x7f, 0xf2, 0x0, 0x1, 0xff,
    0x10, 0x3b, 0xff, 0xef, 0xf8, 0x0, 0x0, 0x1f,
    0xf1, 0x0, 0x5, 0xff, 0xff, 0x60, 0x0, 0x25,
    0xff, 0x10, 0x49, 0xff, 0xff, 0xff, 0xc4, 0xc,
    0xff, 0xf1, 0xef, 0xff, 0xf8, 0x18, 0xff, 0xf3,
    0x9f, 0xe6, 0x6, 0xfd, 0x71, 0x0, 0x3, 0xc9,
    0x0, 0x0, 0x0, 0x1, 0x0, 0x0, 0x0, 0x0,
    0x0,

    /* U+652F "支" */
    0x0, 0x0, 0x0, 0xf, 0xf9, 0x0, 0x0, 0x0,
    0x0, 0x11, 0x11, 0x11, 0xff, 0xa1, 0x11, 0x11,
    0x10, 0x7f, 0xff, 0xff, 0xff, 0xff, 0xff, 0xff,
    0xff, 0x17, 0xff, 0xff, 0xff, 0xff, 0xff, 0xff,
    0xff, 0xf1, 0x0, 0x0, 0x0, 0xf, 0xf9, 0x0,
    0x0, 0x0, 0x0, 0x1, 0x11, 0x11, 0xff, 0xa1,
    0x11, 0x10, 0x0, 0x3, 0xff, 0xff, 0xff, 0xff,
    0xff, 0xff, 0x30, 0x0, 0x3f, 0xff, 0xff, 0xff,
    0xff, 0xff, 0xf3, 0x0, 0x0, 0x7, 0xf7, 0x0,
    0x0, 0x2e, 0xfc, 0x0, 0x0, 0x0, 0x9f, 0xf5,
    0x0, 0xd, 0xff, 0x20, 0x0, 0x0, 0x0, 0xbf,
    0xf7, 0x1d, 0xff, 0x50, 0x0, 0x0, 0x0, 0x0,
    0xbf, 0xff, 0xff, 0x60, 0x0, 0x0, 0x0, 0x0,
    0x6, 0xff, 0xff, 0xd4, 0x0, 0x0, 0x0, 0x36,
    0xaf, 0xff, 0xff, 0xff, 0xff, 0xa8, 0x51, 0xbf,
    0xff, 0xff, 0xd5, 0x18, 0xff, 0xff, 0xff, 0x12,
    0xff, 0xd9, 0x30, 0x0, 0x0, 0x6a, 0xef, 0x80,
    0x3, 0x10, 0x0, 0x0, 0x0, 0x0, 0x0, 0x20,
    0x0,

    /* U+6587 "文" */
    0x0, 0x0, 0x0, 0x3a, 0xd2, 0x0, 0x0, 0x0,
    0x0, 0x0, 0x0, 0x3, 0xff, 0x80, 0x0, 0x0,
    0x0, 0x45, 0x55, 0x55, 0x5f, 0xfe, 0x55, 0x55,
    0x55, 0x1c, 0xff, 0xff, 0xff, 0xff, 0xff, 0xff,
    0xff, 0xf4, 0xae, 0xef, 0xff, 0xee, 0xee, 0xef,
    0xff, 0xee, 0x40, 0x0, 0xef, 0xb0, 0x0, 0x3,
    0xff, 0x90, 0x0, 0x0, 0x8, 0xff, 0x20, 0x0,
    0xaf, 0xf3, 0x0, 0x0, 0x0, 0x2f, 0xfa, 0x0,
    0x2f, 0xfb, 0x0, 0x0, 0x0, 0x0, 0x9f, 0xf5,
    0xc, 0xff, 0x30, 0x0, 0x0, 0x0, 0x1, 0xef,
    0xfb, 0xff, 0x90, 0x0, 0x0, 0x0, 0x0, 0x4,
    0xff, 0xff, 0xc0, 0x0, 0x0, 0x0, 0x0, 0x0,
    0x4e, 0xff, 0xf9, 0x0, 0x0, 0x0, 0x0, 0x3,
    0xbf, 0xff, 0xff, 0xfe, 0x70, 0x0, 0x1, 0x6c,
    0xff, 0xff, 0x94, 0xef, 0xff, 0xfa, 0x50, 0xaf,
    0xff, 0xfc, 0x30, 0x0, 0x8f, 0xff, 0xff, 0x20,
    0xef, 0xc4, 0x0, 0x0, 0x0, 0x18, 0xef, 0x50,
    0x3, 0x20, 0x0, 0x0, 0x0, 0x0, 0x0, 0x30,
    0x0,

    /* U+65CB "旋" */
    0x0, 0x8, 0xd2, 0x0, 0x6, 0xd7, 0x0, 0x0,
    0x0, 0x0, 0xb, 0xf9, 0x0, 0xd, 0xf9, 0x33,
    0x33, 0x30, 0x3, 0x48, 0xfd, 0x42, 0x5f, 0xff,
    0xff, 0xff, 0xf3, 0xd, 0xff, 0xff, 0xfa, 0xef,
    0xcc, 0xcc, 0xcc, 0xc2, 0x9, 0xef, 0xdc, 0xce,
    0xfb, 0x0, 0x0, 0x0, 0x0, 0x0, 0x9f, 0x40,
    0x1, 0xef, 0xff, 0xff, 0xff, 0xf1, 0x0, 0xaf,
    0xa7, 0x73, 0xac, 0xcd, 0xfe, 0xcf, 0xf0, 0x0,
    0xaf, 0xff, 0xf7, 0x0, 0x7, 0xfb, 0x4f, 0xd0,
    0x0, 0xbf, 0x9b, 0xf6, 0xaf, 0x47, 0xfb, 0x15,
    0x50, 0x0, 0xcf, 0x27, 0xf6, 0xbf, 0x47, 0xfe,
    0xcc, 0xc1, 0x0, 0xef, 0x7, 0xf5, 0xcf, 0x37,
    0xff, 0xff, 0xf1, 0x1, 0xfe, 0x8, 0xf5, 0xdf,
    0x27, 0xfb, 0x0, 0x0, 0x6, 0xfa, 0x9, 0xf4,
    0xff, 0xb7, 0xfb, 0x0, 0x0, 0xd, 0xf9, 0x4e,
    0xf7, 0xff, 0xff, 0xfb, 0x0, 0x0, 0xc, 0xfb,
    0xff, 0xeb, 0xf7, 0xdf, 0xff, 0xff, 0xf4, 0x5,
    0x95, 0xdc, 0x39, 0xe0, 0x8, 0xdf, 0xff, 0xf3,
    0x0, 0x10, 0x0, 0x0, 0x20, 0x0, 0x0, 0x0,
    0x0,

    /* U+663E "显" */
    0x0, 0xdf, 0xff, 0xff, 0xff, 0xff, 0xff, 0xf4,
    0x0, 0xd, 0xff, 0xee, 0xee, 0xee, 0xee, 0xff,
    0x40, 0x0, 0xdf, 0x70, 0x0, 0x0, 0x0, 0xf,
    0xf4, 0x0, 0xd, 0xfd, 0xbb, 0xbb, 0xbb, 0xbb,
    0xff, 0x40, 0x0, 0xdf, 0xff, 0xff, 0xff, 0xff,
    0xff, 0xf4, 0x0, 0xd, 0xf7, 0x0, 0x0, 0x0,
    0x0, 0xff, 0x40, 0x0, 0xdf, 0xfe, 0xee, 0xee,
    0xee, 0xef, 0xf4, 0x0, 0xc, 0xff, 0xff, 0xff,
    0xff, 0xff, 0xff, 0x40, 0x0, 0x0, 0x1, 0x55,
    0x2, 0x54, 0x0, 0x0, 0x0, 0x3d, 0x50, 0x5f,
    0xf0, 0x8f, 0xc0, 0x1e, 0x80, 0x6, 0xff, 0x35,
    0xff, 0x8, 0xfc, 0xb, 0xfd, 0x0, 0xa, 0xfd,
    0x6f, 0xf0, 0x8f, 0xc8, 0xff, 0x20, 0x0, 0x1e,
    0xb7, 0xff, 0x8, 0xfc, 0x7f, 0x50, 0x0, 0x22,
    0x42, 0x7f, 0xf2, 0x9f, 0xd2, 0x42, 0x21, 0x5f,
    0xff, 0xff, 0xff, 0xff, 0xff, 0xff, 0xff, 0xc4,
    0xee, 0xee, 0xee, 0xee, 0xee, 0xee, 0xee, 0xeb,

    /* U+6731 "朱" */
    0x0, 0x27, 0x40, 0xe, 0xf7, 0x0, 0x0, 0x0,
    0x0, 0x8, 0xfc, 0x0, 0xef, 0x70, 0x0, 0x0,
    0x0, 0x0, 0xdf, 0xfe, 0xef, 0xfe, 0xee, 0xee,
    0xe0, 0x0, 0x4f, 0xff, 0xff, 0xff, 0xff, 0xff,
    0xff, 0x0, 0xb, 0xfb, 0x44, 0x4f, 0xf9, 0x44,
    0x44, 0x40, 0x1, 0xdf, 0x40, 0x0, 0xef, 0x70,
    0x0, 0x0, 0x0, 0x12, 0x71, 0x11, 0x1e, 0xf7,
    0x11, 0x11, 0x11, 0xb, 0xff, 0xff, 0xff, 0xff,
    0xff, 0xff, 0xff, 0xf2, 0xbf, 0xff, 0xff, 0xff,
    0xff, 0xff, 0xff, 0xff, 0x20, 0x0, 0x1, 0xbf,
    0xff, 0xfe, 0x20, 0x0, 0x0, 0x0, 0x1, 0xbf,
    0xef, 0xfe, 0xfe, 0x30, 0x0, 0x0, 0x3, 0xdf,
    0xf3, 0xef, 0x7b, 0xff, 0x81, 0x0, 0x19, 0xff,
    0xf3, 0xe, 0xf7, 0xa, 0xff, 0xe8, 0x1b, 0xff,
    0xd2, 0x0, 0xef, 0x70, 0x8, 0xff, 0xe2, 0x1d,
    0x90, 0x0, 0xe, 0xf7, 0x0, 0x4, 0xd4, 0x0,
    0x0, 0x0, 0x0, 0xef, 0x70, 0x0, 0x0, 0x0,

    /* U+6863 "档" */
    0x0, 0xe, 0xf3, 0x0, 0x10, 0x2f, 0xf3, 0x1,
    0x0, 0x0, 0xe, 0xf3, 0x2c, 0xe0, 0x2f, 0xf3,
    0xc, 0xd3, 0x0, 0xe, 0xf3, 0xd, 0xf8, 0x2f,
    0xf3, 0x6f, 0xf2, 0x9, 0xaf, 0xfb, 0xa5, 0xff,
    0x3f, 0xf4, 0xff, 0x70, 0xe, 0xff, 0xff, 0xf0,
    0xdc, 0x5f, 0xf5, 0xdc, 0x0, 0x7, 0xaf, 0xf9,
    0x83, 0x53, 0x5f, 0xf5, 0x35, 0x30, 0x0, 0x9f,
    0xf4, 0xd, 0xff, 0xff, 0xff, 0xff, 0xf0, 0x1,
    0xff, 0xff, 0x6a, 0xcc, 0xcc, 0xcc, 0xdf, 0xf0,
    0x9, 0xff, 0xff, 0xf7, 0x0, 0x0, 0x0, 0x5f,
    0xf0, 0xf, 0xde, 0xf6, 0xa8, 0xcc, 0xcc, 0xcc,
    0xdf, 0xf0, 0xc, 0x5e, 0xf3, 0xa, 0xff, 0xff,
    0xff, 0xff, 0xf0, 0x7, 0xe, 0xf3, 0x2, 0x33,
    0x33, 0x33, 0x7f, 0xf0, 0x0, 0xe, 0xf3, 0x0,
    0x0, 0x0, 0x0, 0x5f, 0xf0, 0x0, 0xe, 0xf3,
    0x4d, 0xdd, 0xdd, 0xdd, 0xef, 0xf0, 0x0, 0xe,
    0xf3, 0x5f, 0xff, 0xff, 0xff, 0xff, 0xf0, 0x0,
    0xe, 0xf3, 0x2, 0x22, 0x22, 0x22, 0x6f, 0xf0,
    0x0, 0x0, 0x0, 0x0, 0x0, 0x0, 0x0, 0x0,
    0x0,

    /* U+6A59 "橙" */
    0x0, 0x0, 0x0, 0x0, 0x0, 0x0, 0x0, 0x0,
    0x0, 0xd, 0xf0, 0xef, 0xff, 0xff, 0xf7, 0xcb,
    0x0, 0x0, 0xdf, 0x9, 0xaa, 0xdf, 0x8f, 0xfe,
    0x43, 0x3, 0x6e, 0xf6, 0x4b, 0x1c, 0xf2, 0xdf,
    0x59, 0xf2, 0x8f, 0xff, 0xfe, 0xfd, 0xfc, 0x6,
    0xff, 0xfe, 0x38, 0xff, 0xff, 0x7b, 0xff, 0x60,
    0x1e, 0xfe, 0x10, 0x1, 0xff, 0x0, 0xbf, 0xff,
    0xff, 0xff, 0xf9, 0x0, 0x7f, 0xf2, 0xdf, 0xb8,
    0x99, 0x99, 0x9f, 0xf7, 0xd, 0xff, 0xda, 0xe9,
    0x88, 0x88, 0x88, 0xbb, 0x5, 0xff, 0xff, 0x7a,
    0xff, 0xff, 0xff, 0xfd, 0x0, 0xaf, 0xef, 0x70,
    0xaf, 0x60, 0x0, 0x2f, 0xd0, 0x7, 0xad, 0xf0,
    0xa, 0xfc, 0xaa, 0xaa, 0xfd, 0x0, 0x43, 0xdf,
    0x0, 0x9f, 0xff, 0xff, 0xff, 0xd0, 0x0, 0xd,
    0xf0, 0x0, 0x9f, 0x40, 0x2f, 0xb0, 0x0, 0x0,
    0xdf, 0x0, 0x7, 0xfb, 0xa, 0xfa, 0x0, 0x0,
    0xd, 0xf1, 0xff, 0xff, 0xff, 0xff, 0xff, 0xf4,
    0x0, 0xdf, 0x1c, 0xcc, 0xcc, 0xcc, 0xcc, 0xcc,
    0x30,

    /* U+6B63 "正" */
    0x1, 0x11, 0x11, 0x11, 0x11, 0x11, 0x11, 0x11,
    0x3, 0xff, 0xff, 0xff, 0xff, 0xff, 0xff, 0xff,
    0xf0, 0x3f, 0xff, 0xff, 0xff, 0xff, 0xff, 0xff,
    0xff, 0x0, 0x22, 0x22, 0x22, 0x2f, 0xf9, 0x22,
    0x22, 0x20, 0x0, 0x12, 0x20, 0x0, 0xff, 0x80,
    0x0, 0x0, 0x0, 0x6, 0xff, 0x10, 0xf, 0xf8,
    0x0, 0x0, 0x0, 0x0, 0x6f, 0xf1, 0x0, 0xff,
    0xa3, 0x33, 0x31, 0x0, 0x6, 0xff, 0x10, 0xf,
    0xff, 0xff, 0xff, 0x80, 0x0, 0x6f, 0xf1, 0x0,
    0xff, 0xff, 0xff, 0xf8, 0x0, 0x6, 0xff, 0x10,
    0xf, 0xf9, 0x11, 0x11, 0x0, 0x0, 0x6f, 0xf1,
    0x0, 0xff, 0x80, 0x0, 0x0, 0x0, 0x6, 0xff,
    0x10, 0xf, 0xf8, 0x0, 0x0, 0x0, 0x0, 0x6f,
    0xf1, 0x0, 0xff, 0x80, 0x0, 0x0, 0xd, 0xff,
    0xff, 0xff, 0xff, 0xff, 0xff, 0xff, 0xf6, 0xdf,
    0xff, 0xff, 0xff, 0xff, 0xff, 0xff, 0xff, 0x64,
    0x55, 0x55, 0x55, 0x55, 0x55, 0x55, 0x55, 0x52,

    /* U+6B64 "此" */
    0x0, 0x0, 0xe, 0xf6, 0x1, 0xff, 0x30, 0x0,
    0x0, 0x0, 0x0, 0xef, 0x60, 0x1f, 0xf3, 0x0,
    0x0, 0x1, 0x33, 0xe, 0xf6, 0x1, 0xff, 0x30,
    0x0, 0x0, 0x5f, 0xe0, 0xef, 0x60, 0x1f, 0xf3,
    0xa, 0xb0, 0x5, 0xfe, 0xe, 0xf8, 0x32, 0xff,
    0x38, 0xff, 0xa0, 0x5f, 0xe0, 0xef, 0xff, 0x5f,
    0xfa, 0xff, 0xc1, 0x5, 0xfe, 0xe, 0xff, 0xf5,
    0xff, 0xff, 0xc0, 0x0, 0x5f, 0xe0, 0xef, 0x71,
    0x1f, 0xff, 0xb0, 0x0, 0x5, 0xfe, 0xe, 0xf6,
    0x1, 0xff, 0xb0, 0x0, 0x0, 0x5f, 0xe0, 0xef,
    0x60, 0x1f, 0xf3, 0x1, 0x0, 0x5, 0xfe, 0xe,
    0xf6, 0x1, 0xff, 0x30, 0x7f, 0x80, 0x5f, 0xe0,
    0xef, 0x61, 0x2f, 0xf3, 0x9, 0xfc, 0x5, 0xff,
    0x5f, 0xff, 0xf5, 0xff, 0x30, 0xaf, 0xa5, 0xdf,
    0xff, 0xff, 0xff, 0x4f, 0xf7, 0x2e, 0xf7, 0x6f,
    0xff, 0xfe, 0xb8, 0x50, 0xef, 0xff, 0xff, 0x23,
    0xc8, 0x51, 0x0, 0x0, 0x4, 0xdf, 0xfd, 0x50,

    /* U+6C42 "求" */
    0x0, 0x0, 0x0, 0x0, 0x0, 0x0, 0x0, 0x0,
    0x0, 0x0, 0x0, 0x0, 0x8f, 0xc0, 0x1c, 0x80,
    0x0, 0x0, 0x0, 0x0, 0x8, 0xfc, 0x5, 0xff,
    0xc0, 0x0, 0x22, 0x22, 0x22, 0x9f, 0xd2, 0x26,
    0xf9, 0x21, 0x4f, 0xff, 0xff, 0xff, 0xff, 0xff,
    0xff, 0xff, 0xb3, 0xee, 0xee, 0xee, 0xff, 0xfe,
    0xee, 0xee, 0xea, 0x0, 0x33, 0x0, 0x8, 0xfd,
    0x0, 0x0, 0x62, 0x0, 0x2e, 0xf7, 0x0, 0x8f,
    0xf4, 0x0, 0x8f, 0xe2, 0x0, 0x9f, 0xfa, 0x8,
    0xff, 0xd1, 0xbf, 0xfa, 0x0, 0x0, 0x6f, 0x90,
    0xaf, 0xff, 0xff, 0xf5, 0x0, 0x0, 0x0, 0x37,
    0xef, 0xfe, 0xff, 0xe2, 0x0, 0x0, 0x1, 0x8e,
    0xff, 0xff, 0xc6, 0xff, 0xb1, 0x0, 0x2a, 0xff,
    0xfd, 0x48, 0xfc, 0x9, 0xff, 0xe8, 0x12, 0xff,
    0xd5, 0x0, 0x9f, 0xc0, 0x8, 0xff, 0xfb, 0x9,
    0x60, 0x56, 0x7f, 0xfb, 0x0, 0x4, 0xdf, 0x20,
    0x0, 0xa, 0xff, 0xff, 0x80, 0x0, 0x0, 0x30,
    0x0, 0x0, 0x6f, 0xff, 0xa0, 0x0, 0x0, 0x0,
    0x0, 0x0, 0x0, 0x0, 0x0, 0x0, 0x0, 0x0,
    0x0,

    /* U+6D3B "活" */
    0x0, 0x60, 0x0, 0x1, 0x12, 0x34, 0x56, 0x77,
    0x0, 0xbf, 0xb0, 0xcf, 0xff, 0xff, 0xff, 0xff,
    0xe0, 0x6, 0xff, 0xd8, 0xdd, 0xcd, 0xff, 0x98,
    0x76, 0x0, 0x5, 0xf5, 0x0, 0x0, 0x6f, 0xe0,
    0x0, 0x0, 0x2, 0x1, 0x2, 0x22, 0x27, 0xfe,
    0x22, 0x22, 0x12, 0xeb, 0x1, 0xff, 0xff, 0xff,
    0xff, 0xff, 0xf9, 0x5f, 0xfd, 0x3d, 0xdd, 0xde,
    0xff, 0xdd, 0xdd, 0x80, 0x4f, 0xf6, 0x0, 0x0,
    0x6f, 0xe0, 0x0, 0x0, 0x0, 0x37, 0x0, 0x11,
    0x17, 0xfe, 0x11, 0x10, 0x0, 0x6, 0x50, 0x7f,
    0xff, 0xff, 0xff, 0xff, 0xf0, 0x0, 0xef, 0x87,
    0xff, 0xee, 0xee, 0xee, 0xff, 0x0, 0x3f, 0xf4,
    0x7f, 0xd0, 0x0, 0x0, 0x5f, 0xf0, 0x7, 0xff,
    0x7, 0xfd, 0x0, 0x0, 0x5, 0xff, 0x0, 0xcf,
    0xa0, 0x7f, 0xfc, 0xcc, 0xcc, 0xdf, 0xf0, 0x2f,
    0xf5, 0x7, 0xff, 0xff, 0xff, 0xff, 0xff, 0x1,
    0x7b, 0x0, 0x7f, 0xd3, 0x33, 0x33, 0x7f, 0xf0,
    0x0, 0x0, 0x0, 0x0, 0x0, 0x0, 0x0, 0x0,
    0x0,

    /* U+6D41 "流" */
    0x5, 0x40, 0x0, 0x0, 0x5b, 0xd0, 0x0, 0x0,
    0x3, 0xff, 0x70, 0x22, 0x26, 0xff, 0x82, 0x22,
    0x20, 0x9, 0xff, 0x9f, 0xff, 0xff, 0xff, 0xff,
    0xff, 0x0, 0x8, 0x93, 0xcc, 0xef, 0xfd, 0xcc,
    0xcc, 0xc0, 0x3, 0x0, 0x0, 0x2f, 0xfb, 0x0,
    0x7e, 0x20, 0x4, 0xfd, 0x20, 0x3e, 0xfb, 0x0,
    0x1d, 0xfe, 0x20, 0x4f, 0xfe, 0x5f, 0xff, 0xff,
    0xff, 0xff, 0xfd, 0x10, 0x3e, 0xa0, 0xef, 0xfe,
    0xdd, 0xcb, 0xbf, 0xf5, 0x0, 0x20, 0x3, 0x76,
    0x16, 0x60, 0x77, 0x53, 0x0, 0xd, 0x81, 0x2f,
    0xf3, 0xff, 0x1f, 0xf0, 0x0, 0x3, 0xff, 0x23,
    0xff, 0x3f, 0xf1, 0xff, 0x1, 0x0, 0x8f, 0xd0,
    0x5f, 0xd3, 0xff, 0x1f, 0xf0, 0xe9, 0xc, 0xf9,
    0xa, 0xfb, 0x3f, 0xf1, 0xff, 0xf, 0xa1, 0xff,
    0x43, 0xff, 0x63, 0xff, 0x1f, 0xf2, 0xf8, 0x6f,
    0xf2, 0xef, 0xd0, 0x3f, 0xf0, 0xff, 0xff, 0x65,
    0xcb, 0x7, 0xe2, 0x3, 0xff, 0x8, 0xff, 0xb0,
    0x0, 0x0, 0x0, 0x0, 0x0, 0x0, 0x0, 0x0,
    0x0,

    /* U+6D4B "测" */
    0x0, 0x0, 0x0, 0x0, 0x0, 0x0, 0x0, 0x0,
    0xc, 0xb1, 0xaf, 0xff, 0xff, 0xb0, 0x0, 0xff,
    0x3e, 0xfe, 0xcf, 0xdd, 0xdf, 0xb6, 0xe2, 0xff,
    0x1, 0xc6, 0xaf, 0x10, 0xf, 0xb7, 0xf3, 0xff,
    0x1, 0x0, 0xaf, 0x4f, 0x4f, 0xb7, 0xf3, 0xff,
    0x4f, 0x60, 0xaf, 0x4f, 0x4f, 0xb7, 0xf3, 0xff,
    0xaf, 0xf9, 0xaf, 0x4f, 0x4f, 0xb7, 0xf3, 0xff,
    0x9, 0xf7, 0xaf, 0x4f, 0x4f, 0xb7, 0xf3, 0xff,
    0x0, 0x50, 0xaf, 0x5f, 0x4f, 0xb7, 0xf3, 0xff,
    0x0, 0x50, 0xaf, 0x6f, 0x4f, 0xb7, 0xf3, 0xff,
    0x4, 0xfe, 0xaf, 0x8f, 0x3f, 0xb7, 0xf3, 0xff,
    0x7, 0xfc, 0x47, 0xbf, 0x5, 0x47, 0xf3, 0xff,
    0xa, 0xf8, 0x1, 0xfd, 0xa2, 0x7, 0xf3, 0xff,
    0xe, 0xf4, 0x9, 0xfe, 0xfd, 0x1, 0x30, 0xff,
    0x2f, 0xf1, 0x7f, 0xf1, 0xcf, 0xb2, 0x46, 0xfe,
    0x6f, 0xd4, 0xff, 0x60, 0x2f, 0xe6, 0xff, 0xfd,
    0x5d, 0x90, 0xa9, 0x0, 0x4, 0x10, 0xff, 0xd4,
    0x0, 0x0, 0x0, 0x0, 0x0, 0x0, 0x0, 0x0,

    /* U+6DF1 "深" */
    0x6, 0x50, 0x0, 0x0, 0x0, 0x0, 0x0, 0x0,
    0x3, 0xff, 0xa1, 0xef, 0xff, 0xff, 0xff, 0xff,
    0xf1, 0x7, 0xff, 0xbe, 0xff, 0xff, 0xff, 0xff,
    0xff, 0x10, 0x4, 0xc1, 0xef, 0x41, 0x0, 0x1,
    0xf, 0xf1, 0x0, 0x0, 0x8, 0xa5, 0xe6, 0x3,
    0xf6, 0xaa, 0x0, 0xa4, 0x0, 0x4, 0xff, 0xd0,
    0x9f, 0xf8, 0x0, 0x8f, 0xf8, 0x7, 0xff, 0xc2,
    0x22, 0x9f, 0xfa, 0x1, 0xbf, 0xf5, 0x6f, 0xa0,
    0x8f, 0xb0, 0x7f, 0xa0, 0x0, 0xaa, 0x0, 0x40,
    0x8, 0xfb, 0x0, 0x40, 0x0, 0x0, 0x1, 0xee,
    0xee, 0xff, 0xfe, 0xee, 0xe6, 0x0, 0xba, 0x4f,
    0xff, 0xff, 0xff, 0xff, 0xff, 0x70, 0x1f, 0xf5,
    0x0, 0x2e, 0xff, 0xfe, 0x30, 0x0, 0x5, 0xff,
    0x0, 0x2e, 0xfe, 0xff, 0xfe, 0x30, 0x0, 0xaf,
    0xb0, 0x7f, 0xfa, 0x8f, 0xb8, 0xff, 0xa2, 0xf,
    0xf6, 0x8f, 0xfa, 0x8, 0xfb, 0x9, 0xff, 0x85,
    0xff, 0x11, 0xe8, 0x0, 0x8f, 0xb0, 0x5, 0xd0,
    0x39, 0xb0, 0x1, 0x0, 0x8, 0xfb, 0x0, 0x0,
    0x0,

    /* U+6E56 "湖" */
    0x2, 0x20, 0x0, 0x0, 0x0, 0x0, 0x0, 0x0,
    0x1e, 0xf5, 0x0, 0xff, 0x20, 0x9f, 0xff, 0xfe,
    0x1d, 0xff, 0x40, 0xff, 0x20, 0x9f, 0xff, 0xfe,
    0x2, 0xfd, 0x10, 0xff, 0x20, 0x9f, 0x73, 0xfe,
    0x0, 0x54, 0xef, 0xff, 0xff, 0x9f, 0x61, 0xfe,
    0x5, 0x0, 0xde, 0xff, 0xed, 0x9f, 0x61, 0xfe,
    0x6f, 0xc1, 0x0, 0xff, 0x20, 0x9f, 0xff, 0xfe,
    0x5f, 0xfd, 0x0, 0xff, 0x20, 0x9f, 0xee, 0xfe,
    0x4, 0xf5, 0x8f, 0xff, 0xfb, 0x9f, 0x61, 0xfe,
    0x0, 0x10, 0x8f, 0xfe, 0xfb, 0x9f, 0x61, 0xfe,
    0x0, 0xa4, 0x8f, 0x74, 0xfb, 0xaf, 0xee, 0xfe,
    0x3, 0xff, 0x9f, 0x74, 0xfb, 0xbf, 0xff, 0xfe,
    0x7, 0xfc, 0x8f, 0xca, 0xfb, 0xdf, 0x42, 0xfe,
    0xb, 0xf7, 0x8f, 0xff, 0xfc, 0xff, 0x11, 0xfe,
    0xf, 0xf3, 0x8f, 0x94, 0x49, 0xfe, 0x26, 0xfe,
    0x4f, 0xf0, 0x35, 0x20, 0xe, 0xfb, 0xff, 0xfd,
    0x4c, 0xb0, 0x0, 0x0, 0x6, 0xe1, 0xef, 0xe5,
    0x0, 0x0, 0x0, 0x0, 0x0, 0x0, 0x0, 0x0,

    /* U+6E90 "源" */
    0x3, 0x20, 0x0, 0x0, 0x0, 0x0, 0x0, 0x0,
    0x2, 0xef, 0x60, 0xff, 0xff, 0xff, 0xff, 0xff,
    0xf9, 0x1d, 0xff, 0x6f, 0xfd, 0xdd, 0xff, 0xed,
    0xdd, 0x80, 0x2e, 0xe1, 0xff, 0x10, 0xd, 0xf4,
    0x0, 0x0, 0x0, 0x34, 0xf, 0xf1, 0x1, 0xff,
    0x10, 0x0, 0x0, 0x50, 0x0, 0xff, 0x1f, 0xff,
    0xff, 0xff, 0xe0, 0x6f, 0xd2, 0xf, 0xf1, 0xff,
    0xaa, 0xab, 0xfe, 0x3, 0xef, 0xe1, 0xff, 0x1f,
    0xf6, 0x66, 0x7f, 0xe0, 0x2, 0xd4, 0x1f, 0xf1,
    0xff, 0xff, 0xff, 0xfe, 0x0, 0x0, 0x1, 0xff,
    0xf, 0xf1, 0x11, 0x3f, 0xe0, 0x0, 0xe7, 0x3f,
    0xf0, 0xff, 0xff, 0xff, 0xfe, 0x0, 0x4f, 0xe4,
    0xfe, 0xb, 0xcc, 0xff, 0xcc, 0xa0, 0x8, 0xfb,
    0x7f, 0xc0, 0x87, 0x1f, 0xf4, 0xc2, 0x0, 0xcf,
    0x7b, 0xf9, 0x4f, 0xe2, 0xff, 0x7f, 0xd0, 0xf,
    0xf5, 0xff, 0x7e, 0xf7, 0x4f, 0xf1, 0xbf, 0x85,
    0xff, 0x6f, 0xf4, 0xe9, 0xff, 0xff, 0x2, 0xd4,
    0x28, 0x90, 0x78, 0x1, 0xb, 0xfd, 0x60, 0x0,
    0x0, 0x0, 0x0, 0x0, 0x0, 0x0, 0x0, 0x0,
    0x0,

    /* U+7528 "用" */
    0x3, 0xff, 0xff, 0xff, 0xff, 0xff, 0xff, 0xfc,
    0x3, 0xff, 0xff, 0xff, 0xff, 0xff, 0xff, 0xfc,
    0x3, 0xff, 0x43, 0x37, 0xff, 0x33, 0x39, 0xfc,
    0x3, 0xff, 0x20, 0x5, 0xff, 0x0, 0x8, 0xfc,
    0x3, 0xff, 0x32, 0x26, 0xff, 0x22, 0x29, 0xfc,
    0x3, 0xff, 0xff, 0xff, 0xff, 0xff, 0xff, 0xfc,
    0x3, 0xff, 0xff, 0xff, 0xff, 0xff, 0xff, 0xfc,
    0x3, 0xff, 0x20, 0x5, 0xff, 0x0, 0x8, 0xfc,
    0x3, 0xff, 0x20, 0x5, 0xff, 0x0, 0x8, 0xfc,
    0x3, 0xff, 0xff, 0xff, 0xff, 0xff, 0xff, 0xfc,
    0x4, 0xff, 0xff, 0xff, 0xff, 0xff, 0xff, 0xfc,
    0x6, 0xff, 0x33, 0x37, 0xff, 0x33, 0x39, 0xfc,
    0x9, 0xfe, 0x0, 0x5, 0xff, 0x0, 0x8, 0xfc,
    0xd, 0xfb, 0x0, 0x5, 0xff, 0x25, 0x5d, 0xfc,
    0x4f, 0xf7, 0x0, 0x5, 0xff, 0x3f, 0xff, 0xf9,
    0x8, 0xf1, 0x0, 0x4, 0xcc, 0xe, 0xfe, 0xb1,
    0x0, 0x10, 0x0, 0x0, 0x0, 0x0, 0x0, 0x0,

    /* U+7535 "电" */
    0x0, 0x0, 0x5, 0xff, 0x10, 0x0, 0x0, 0x0,
    0x0, 0x0, 0x5, 0xff, 0x10, 0x0, 0x0, 0x0,
    0xff, 0xff, 0xff, 0xff, 0xff, 0xff, 0xfb, 0x0,
    0xff, 0xff, 0xff, 0xff, 0xff, 0xff, 0xfb, 0x0,
    0xff, 0x71, 0x16, 0xff, 0x21, 0x1b, 0xfb, 0x0,
    0xff, 0x72, 0x26, 0xff, 0x22, 0x2b, 0xfb, 0x0,
    0xff, 0xff, 0xff, 0xff, 0xff, 0xff, 0xfb, 0x0,
    0xff, 0xff, 0xff, 0xff, 0xff, 0xff, 0xfb, 0x0,
    0xff, 0x60, 0x5, 0xff, 0x10, 0xb, 0xfb, 0x0,
    0xff, 0x83, 0x37, 0xff, 0x43, 0x3c, 0xfb, 0x0,
    0xff, 0xff, 0xff, 0xff, 0xff, 0xff, 0xfb, 0x0,
    0xff, 0xee, 0xee, 0xff, 0xee, 0xee, 0xee, 0x72,
    0xff, 0x60, 0x5, 0xff, 0x10, 0x0, 0xe, 0xf8,
    0x0, 0x0, 0x5, 0xff, 0x61, 0x11, 0x7f, 0xf4,
    0x0, 0x0, 0x2, 0xff, 0xff, 0xff, 0xff, 0xe0,
    0x0, 0x0, 0x0, 0x6d, 0xff, 0xff, 0xec, 0x30,

    /* U+786E "确" */
    0x0, 0x0, 0x0, 0x0, 0x1, 0x0, 0x0, 0x0,
    0x0, 0x0, 0x0, 0x0, 0x1, 0xef, 0x60, 0x0,
    0x0, 0x1f, 0xff, 0xff, 0x90, 0xbf, 0xff, 0xff,
    0xf2, 0x1, 0xee, 0xff, 0xe8, 0x8f, 0xfc, 0xcc,
    0xff, 0x20, 0x0, 0xaf, 0x60, 0x9f, 0xf5, 0x0,
    0x9f, 0x80, 0x0, 0xf, 0xf2, 0x3f, 0xff, 0xdd,
    0xdf, 0xfd, 0xd2, 0x5, 0xfe, 0x66, 0xbf, 0xff,
    0xff, 0xff, 0xff, 0x20, 0xdf, 0xff, 0xf2, 0xef,
    0x1, 0xfc, 0xb, 0xf2, 0x6f, 0xfb, 0xcf, 0x2e,
    0xf7, 0x7f, 0xe7, 0xdf, 0x28, 0xff, 0x9b, 0xf2,
    0xef, 0xff, 0xff, 0xff, 0xf2, 0x2f, 0xf9, 0xbf,
    0x2e, 0xf1, 0x1f, 0xc0, 0xbf, 0x20, 0x6f, 0x9b,
    0xf2, 0xff, 0x66, 0xfd, 0x6d, 0xf2, 0x4, 0xf9,
    0xbf, 0x2f, 0xff, 0xff, 0xff, 0xff, 0x20, 0x4f,
    0xee, 0xf5, 0xfe, 0x1, 0xfc, 0xb, 0xf2, 0x4,
    0xff, 0xff, 0x9f, 0xb0, 0x1f, 0xc1, 0xdf, 0x20,
    0x4f, 0x91, 0x1d, 0xf7, 0x1, 0xfc, 0xef, 0xf1,
    0x1, 0x53, 0x0, 0x4e, 0x20, 0xc, 0x9b, 0xe8,
    0x0, 0x0, 0x0, 0x0, 0x10, 0x0, 0x0, 0x0,
    0x0,

    /* U+793A "示" */
    0x0, 0xbf, 0xff, 0xff, 0xff, 0xff, 0xff, 0xf4,
    0x0, 0xb, 0xff, 0xff, 0xff, 0xff, 0xff, 0xff,
    0x40, 0x0, 0x45, 0x55, 0x55, 0x55, 0x55, 0x55,
    0x51, 0x0, 0x0, 0x0, 0x0, 0x0, 0x0, 0x0,
    0x0, 0x0, 0x0, 0x0, 0x0, 0x0, 0x0, 0x0,
    0x0, 0x0, 0x1, 0x77, 0x77, 0x77, 0x77, 0x77,
    0x77, 0x77, 0x74, 0x3f, 0xff, 0xff, 0xff, 0xff,
    0xff, 0xff, 0xff, 0xb3, 0xee, 0xee, 0xee, 0xff,
    0xff, 0xee, 0xee, 0xea, 0x0, 0x0, 0x30, 0x3,
    0xff, 0x40, 0x1, 0x0, 0x0, 0x0, 0x9f, 0xa0,
    0x3f, 0xf4, 0x4e, 0xd0, 0x0, 0x0, 0x4f, 0xfa,
    0x3, 0xff, 0x43, 0xff, 0xa0, 0x0, 0x1e, 0xfe,
    0x10, 0x3f, 0xf4, 0x7, 0xff, 0x70, 0xc, 0xff,
    0x40, 0x3, 0xff, 0x40, 0xb, 0xff, 0x44, 0xff,
    0x82, 0x65, 0xaf, 0xf4, 0x0, 0x1f, 0xfa, 0x3,
    0x90, 0x3f, 0xff, 0xff, 0x10, 0x0, 0x56, 0x0,
    0x0, 0x0, 0xff, 0xfd, 0x50, 0x0, 0x0, 0x0,

    /* U+7A0B "程" */
    0x0, 0x0, 0x0, 0x10, 0x0, 0x0, 0x0, 0x0,
    0x0, 0x25, 0x7c, 0xf9, 0xaf, 0xff, 0xff, 0xff,
    0xf0, 0x6f, 0xff, 0xff, 0xca, 0xff, 0xee, 0xef,
    0xff, 0x4, 0xfe, 0xfe, 0x20, 0xaf, 0x90, 0x0,
    0x3f, 0xf0, 0x0, 0x3f, 0xe0, 0xa, 0xf9, 0x0,
    0x3, 0xff, 0x2, 0x57, 0xfe, 0x54, 0xaf, 0xfe,
    0xee, 0xef, 0xf0, 0x7f, 0xff, 0xff, 0xca, 0xff,
    0xff, 0xff, 0xff, 0x4, 0x9d, 0xff, 0x97, 0x0,
    0x0, 0x0, 0x0, 0x0, 0x0, 0xef, 0xe0, 0xe,
    0xee, 0xee, 0xee, 0xee, 0x70, 0x4f, 0xff, 0xc1,
    0xff, 0xff, 0xff, 0xff, 0xf9, 0xc, 0xff, 0xff,
    0xd2, 0x0, 0x7f, 0xd0, 0x0, 0x5, 0xfc, 0xfe,
    0xdf, 0x53, 0x39, 0xfd, 0x33, 0x30, 0x5f, 0x6f,
    0xe2, 0x3b, 0xff, 0xff, 0xff, 0xff, 0x11, 0xb3,
    0xfe, 0x0, 0x7a, 0xac, 0xff, 0xaa, 0xa1, 0x2,
    0x3f, 0xe0, 0x0, 0x0, 0x7f, 0xd0, 0x0, 0x0,
    0x3, 0xfe, 0xd, 0xff, 0xff, 0xff, 0xff, 0xff,
    0x0, 0x3f, 0xe0, 0xbe, 0xee, 0xee, 0xee, 0xee,
    0xd0,

    /* U+7B26 "符" */
    0x0, 0x3f, 0xf2, 0x0, 0x0, 0xdf, 0x90, 0x0,
    0x0, 0xc, 0xff, 0xff, 0xfe, 0x2f, 0xff, 0xff,
    0xfe, 0x6, 0xff, 0xff, 0xff, 0xea, 0xff, 0xff,
    0xff, 0xe3, 0xff, 0x83, 0xfc, 0x5, 0xff, 0x4d,
    0xd1, 0x0, 0x2f, 0xb0, 0xb, 0xf6, 0x9f, 0xa0,
    0x9f, 0x80, 0x0, 0x61, 0xbe, 0x76, 0x0, 0xa1,
    0x3, 0xe9, 0x0, 0x0, 0x3f, 0xf4, 0x11, 0x11,
    0x11, 0x6f, 0xe1, 0x10, 0xc, 0xfe, 0x2f, 0xff,
    0xff, 0xff, 0xff, 0xfe, 0x9, 0xff, 0xe2, 0xff,
    0xff, 0xff, 0xff, 0xff, 0xe5, 0xff, 0xfe, 0x0,
    0x83, 0x0, 0x5, 0xfe, 0x0, 0x5f, 0xef, 0xe0,
    0x6f, 0xf5, 0x0, 0x5f, 0xe0, 0x0, 0xb5, 0xfe,
    0x1, 0xbf, 0xf2, 0x5, 0xfe, 0x0, 0x0, 0x4f,
    0xe0, 0x0, 0x95, 0x0, 0x5f, 0xe0, 0x0, 0x4,
    0xfe, 0x0, 0x0, 0x44, 0x4b, 0xfe, 0x0, 0x0,
    0x4f, 0xe0, 0x0, 0xb, 0xff, 0xff, 0xb0, 0x0,
    0x4, 0xfe, 0x0, 0x0, 0x7f, 0xff, 0xc2, 0x0,
    0x0, 0x1, 0x0, 0x0, 0x0, 0x0, 0x0, 0x0,
    0x0,

    /* U+7B49 "等" */
    0x0, 0xcf, 0xa0, 0x0, 0x0, 0xef, 0x80, 0x0,
    0x0, 0x7f, 0xff, 0xff, 0xfa, 0x9f, 0xff, 0xff,
    0xf4, 0x6f, 0xfa, 0xed, 0xaa, 0xcf, 0xfa, 0xfe,
    0xaa, 0x39, 0xf7, 0x2f, 0xf3, 0x28, 0xf9, 0x1e,
    0xf6, 0x0, 0x6, 0x0, 0x6a, 0xe, 0xf8, 0x0,
    0x3b, 0x10, 0x0, 0xbf, 0xff, 0xff, 0xff, 0xff,
    0xff, 0xff, 0x40, 0x9, 0xcc, 0xcc, 0xcf, 0xfd,
    0xcc, 0xcc, 0xc3, 0x3, 0x44, 0x44, 0x44, 0xff,
    0x84, 0x44, 0x44, 0x42, 0xef, 0xff, 0xff, 0xff,
    0xff, 0xff, 0xff, 0xff, 0x75, 0x66, 0x66, 0x66,
    0x66, 0x6a, 0xfe, 0x66, 0x63, 0x3c, 0xcc, 0xcc,
    0xcc, 0xcc, 0xdf, 0xfc, 0xcb, 0x5, 0xff, 0xff,
    0xff, 0xff, 0xff, 0xff, 0xff, 0xe0, 0x0, 0xa,
    0xfe, 0x20, 0x0, 0x7f, 0xe0, 0x0, 0x0, 0x0,
    0x1f, 0xfa, 0x23, 0x3b, 0xfe, 0x0, 0x0, 0x0,
    0x0, 0x7a, 0x17, 0xff, 0xff, 0xc0, 0x0, 0x0,
    0x0, 0x0, 0x0, 0x4f, 0xff, 0xe4, 0x0, 0x0,
    0x0, 0x0, 0x0, 0x0, 0x0, 0x0, 0x0, 0x0,
    0x0,

    /* U+7EA2 "红" */
    0x0, 0x2, 0x0, 0x0, 0x0, 0x0, 0x0, 0x0,
    0x0, 0x4, 0xfb, 0x20, 0x0, 0x0, 0x0, 0x0,
    0x0, 0x0, 0xcf, 0xd0, 0x2f, 0xff, 0xff, 0xff,
    0xff, 0x20, 0x4f, 0xf3, 0x13, 0xff, 0xff, 0xff,
    0xff, 0xf2, 0xd, 0xf9, 0x3f, 0xa5, 0x44, 0xcf,
    0xc4, 0x44, 0x8, 0xff, 0x4c, 0xfe, 0x10, 0xb,
    0xfb, 0x0, 0x0, 0xbf, 0xff, 0xff, 0x40, 0x0,
    0xbf, 0xb0, 0x0, 0x6, 0xdd, 0xff, 0xa0, 0x0,
    0xb, 0xfb, 0x0, 0x0, 0x0, 0xcf, 0xd0, 0x0,
    0x0, 0xbf, 0xb0, 0x0, 0x0, 0x8f, 0xf2, 0x0,
    0x0, 0xb, 0xfb, 0x0, 0x0, 0x7f, 0xfe, 0xef,
    0x60, 0x0, 0xbf, 0xb0, 0x0, 0x4, 0xff, 0xff,
    0xf4, 0x0, 0xb, 0xfb, 0x0, 0x0, 0x9, 0x64,
    0x21, 0x0, 0x0, 0xbf, 0xb0, 0x0, 0x4, 0x79,
    0xbd, 0xf4, 0x0, 0xb, 0xfb, 0x0, 0x0, 0xbf,
    0xff, 0xff, 0xff, 0xff, 0xff, 0xff, 0xff, 0x68,
    0xec, 0x97, 0x5f, 0xff, 0xff, 0xff, 0xff, 0xf7,
    0x0, 0x0, 0x0, 0x34, 0x44, 0x44, 0x44, 0x44,
    0x10,

    /* U+7EDD "绝" */
    0x0, 0x0, 0x0, 0x0, 0x0, 0x0, 0x0, 0x0,
    0x0, 0x0, 0xeb, 0x20, 0x8, 0xf8, 0x0, 0x0,
    0x0, 0x0, 0x6f, 0xe1, 0x2, 0xff, 0xdc, 0xcc,
    0xc2, 0x0, 0xe, 0xf7, 0x10, 0xaf, 0xff, 0xff,
    0xff, 0x30, 0x7, 0xfd, 0xb, 0xef, 0xf2, 0x0,
    0xbf, 0xd0, 0x1, 0xff, 0x44, 0xff, 0xfc, 0x33,
    0x6f, 0xf7, 0x30, 0x8f, 0xfc, 0xef, 0xff, 0xff,
    0xff, 0xff, 0xff, 0x14, 0xff, 0xff, 0xb5, 0xff,
    0xef, 0xfe, 0xef, 0xf1, 0x3, 0x6f, 0xe1, 0x4f,
    0xe0, 0xdf, 0x22, 0xff, 0x10, 0x2e, 0xf4, 0x35,
    0xfe, 0xd, 0xf2, 0x2f, 0xf1, 0x1e, 0xff, 0xff,
    0x7f, 0xfd, 0xff, 0xee, 0xff, 0x10, 0xef, 0xfe,
    0xc5, 0xff, 0xff, 0xff, 0xff, 0xf1, 0x4, 0x41,
    0x0, 0x4f, 0xf3, 0x33, 0x33, 0x54, 0x0, 0x24,
    0x69, 0xc8, 0xfe, 0x0, 0x0, 0x9, 0xf8, 0x8f,
    0xff, 0xff, 0x8f, 0xf2, 0x0, 0x2, 0xef, 0xa6,
    0xff, 0xfd, 0xb3, 0xff, 0xff, 0xff, 0xff, 0xf4,
    0x15, 0x30, 0x0, 0x6, 0xef, 0xff, 0xff, 0xe8,
    0x0,

    /* U+7EFF "绿" */
    0x0, 0x27, 0x20, 0x0, 0x0, 0x0, 0x0, 0x0,
    0x0, 0x8, 0xfa, 0x9, 0xff, 0xff, 0xff, 0xff,
    0x50, 0x0, 0xef, 0x30, 0x8e, 0xee, 0xee, 0xef,
    0xf4, 0x0, 0x4f, 0xc2, 0x10, 0x0, 0x0, 0x0,
    0xff, 0x30, 0xc, 0xf4, 0x9f, 0x6c, 0xcc, 0xcc,
    0xcf, 0xf2, 0x4, 0xfc, 0x2f, 0xf5, 0xff, 0xff,
    0xff, 0xff, 0x10, 0x8f, 0xff, 0xfb, 0x0, 0x0,
    0x0, 0x3f, 0xf1, 0x3, 0xff, 0xff, 0x7f, 0xff,
    0xff, 0xff, 0xff, 0xfe, 0x0, 0x7f, 0xb3, 0xdd,
    0xcc, 0xff, 0xdc, 0xcd, 0xb0, 0x1f, 0xf2, 0x9,
    0xe3, 0xf, 0xf5, 0x8, 0xd1, 0xc, 0xfc, 0x77,
    0x7f, 0xf2, 0xff, 0xdb, 0xff, 0x60, 0xff, 0xff,
    0xb0, 0x59, 0xdf, 0xff, 0xfb, 0x20, 0x8, 0xa8,
    0x63, 0x2a, 0xff, 0xff, 0xff, 0x80, 0x0, 0x2,
    0x47, 0xaf, 0xfd, 0x3f, 0xf7, 0xff, 0xb2, 0x7f,
    0xff, 0xfa, 0xca, 0x12, 0xff, 0x45, 0xff, 0x94,
    0xff, 0xc9, 0x40, 0x7f, 0xff, 0xf2, 0x4, 0xc0,
    0x1, 0x0, 0x0, 0x3, 0xff, 0xf8, 0x0, 0x0,
    0x0, 0x0, 0x0, 0x0, 0x0, 0x0, 0x0, 0x0,
    0x0,

    /* U+7F6E "置" */
    0xe, 0xff, 0xff, 0xff, 0xff, 0xff, 0xff, 0xf9,
    0x0, 0xef, 0x86, 0xcf, 0x96, 0xbf, 0x96, 0xbf,
    0x90, 0xe, 0xf6, 0x3b, 0xf7, 0x3a, 0xf7, 0x3a,
    0xf9, 0x0, 0xef, 0xff, 0xff, 0xff, 0xff, 0xff,
    0xff, 0x90, 0x4, 0x44, 0x44, 0x5f, 0xf9, 0x44,
    0x44, 0x43, 0x9, 0xff, 0xff, 0xff, 0xff, 0xff,
    0xff, 0xff, 0xf4, 0x36, 0x66, 0x66, 0x7f, 0xfa,
    0x66, 0x66, 0x66, 0x10, 0x1f, 0xff, 0xff, 0xff,
    0xff, 0xff, 0xfb, 0x0, 0x1, 0xff, 0xa8, 0x88,
    0x88, 0x88, 0xcf, 0xc0, 0x0, 0x1f, 0xfe, 0xdd,
    0xdd, 0xdd, 0xde, 0xfc, 0x0, 0x1, 0xff, 0x85,
    0x55, 0x55, 0x55, 0xbf, 0xc0, 0x0, 0x1f, 0xff,
    0xff, 0xff, 0xff, 0xff, 0xfc, 0x0, 0x1, 0xff,
    0x86, 0x66, 0x66, 0x66, 0xbf, 0xc0, 0x0, 0x1f,
    0xfc, 0xbb, 0xbb, 0xbb, 0xbe, 0xfc, 0x0, 0x89,
    0xff, 0xa9, 0x99, 0x99, 0x99, 0xcf, 0xe9, 0x5e,
    0xff, 0xff, 0xff, 0xff, 0xff, 0xff, 0xff, 0xf9,

    /* U+7FE0 "翠" */
    0xe, 0xff, 0xff, 0xff, 0x8f, 0xff, 0xff, 0xff,
    0x10, 0x7e, 0xd8, 0x8e, 0xf6, 0xbf, 0xa8, 0x9f,
    0xf1, 0x0, 0xdf, 0xd0, 0xcf, 0x49, 0xff, 0x52,
    0xff, 0x10, 0x0, 0x9d, 0x9c, 0xf4, 0x38, 0xfb,
    0xaf, 0xf1, 0xa, 0xff, 0xfc, 0xcf, 0x4f, 0xff,
    0xe9, 0xff, 0x10, 0x8c, 0x72, 0x2, 0xde, 0xb3,
    0x0, 0x1a, 0xa0, 0x6, 0x99, 0x99, 0x9e, 0xfd,
    0x99, 0x99, 0x99, 0x0, 0xaf, 0xff, 0xff, 0xff,
    0xff, 0xff, 0xff, 0xf0, 0x0, 0x1, 0x89, 0x20,
    0x0, 0x19, 0x93, 0x0, 0x0, 0x1, 0xcf, 0xf9,
    0x20, 0xb, 0xff, 0xa3, 0x0, 0x8, 0xff, 0xdc,
    0xff, 0x5d, 0xff, 0xcf, 0xfd, 0x20, 0x4f, 0xa1,
    0x7, 0xb7, 0xbd, 0x30, 0x5e, 0x80, 0x49, 0xa9,
    0x99, 0x9d, 0xfd, 0x99, 0x99, 0xa9, 0x87, 0xff,
    0xff, 0xff, 0xff, 0xff, 0xff, 0xff, 0xfe, 0x0,
    0x0, 0x0, 0xa, 0xfa, 0x0, 0x0, 0x0, 0x0,
    0x0, 0x0, 0x0, 0xaf, 0xa0, 0x0, 0x0, 0x0,

    /* U+7FE1 "翡" */
    0xf, 0xff, 0xff, 0xfd, 0x2, 0xff, 0xff, 0xff,
    0x90, 0x89, 0x99, 0xaf, 0xd0, 0x2f, 0xf9, 0x99,
    0x95, 0x4, 0x77, 0x79, 0xfd, 0x2, 0xff, 0x77,
    0x77, 0x20, 0xbf, 0xff, 0xff, 0xd0, 0x2f, 0xff,
    0xff, 0xf6, 0x4, 0x66, 0x69, 0xfd, 0x2, 0xff,
    0x66, 0x66, 0x21, 0x99, 0x99, 0xbf, 0xd0, 0x2f,
    0xf9, 0x99, 0x98, 0x3f, 0xff, 0xff, 0xfd, 0x2,
    0xff, 0xff, 0xff, 0xc0, 0x0, 0x0, 0x3d, 0xb0,
    0x2d, 0xc0, 0x0, 0x0, 0xf, 0xff, 0xff, 0xff,
    0xaf, 0xff, 0xff, 0xfe, 0x0, 0xbe, 0xdb, 0xbe,
    0xf9, 0xcf, 0xcb, 0xcf, 0xe0, 0x2, 0xfe, 0x40,
    0xbf, 0x78, 0xfb, 0x2, 0xfe, 0x0, 0x5, 0xf8,
    0x5b, 0xf7, 0xa, 0xe7, 0x5f, 0xe0, 0x28, 0xbf,
    0xff, 0xbf, 0xdc, 0xff, 0xf7, 0xfe, 0x2, 0xff,
    0xfc, 0x8b, 0xfb, 0xfe, 0xa6, 0x4f, 0xe0, 0x7,
    0x45, 0xaa, 0xff, 0x62, 0x9, 0x9c, 0xfd, 0x0,
    0x0, 0x4f, 0xff, 0xc0, 0x0, 0xdf, 0xfe, 0x50,
    0x0, 0x0, 0x22, 0x10, 0x0, 0x1, 0x10, 0x0,
    0x0,

    /* U+80FD "能" */
    0x0, 0x0, 0x0, 0x0, 0x0, 0x0, 0x0, 0x0,
    0x0, 0x1, 0xec, 0x30, 0x0, 0x5f, 0xc0, 0x0,
    0x10, 0x0, 0xbf, 0xc1, 0x73, 0x5, 0xfc, 0x5,
    0xdd, 0x10, 0x8f, 0xe1, 0x6f, 0xd0, 0x5f, 0xed,
    0xff, 0xe5, 0x8f, 0xfb, 0x89, 0xff, 0xa5, 0xff,
    0xfb, 0x62, 0x8, 0xff, 0xff, 0xff, 0xff, 0xaf,
    0xd1, 0x5, 0xf9, 0x26, 0x54, 0x32, 0x17, 0x64,
    0xff, 0x43, 0xbf, 0x80, 0xef, 0xff, 0xff, 0xf2,
    0xe, 0xff, 0xff, 0xf3, 0xe, 0xfd, 0xdd, 0xff,
    0x20, 0x18, 0x99, 0x83, 0x0, 0xef, 0x64, 0x4f,
    0xf2, 0x5f, 0xc0, 0x6, 0x70, 0xe, 0xff, 0xff,
    0xff, 0x25, 0xfc, 0x4d, 0xff, 0x40, 0xef, 0x76,
    0x6f, 0xf2, 0x5f, 0xff, 0xff, 0x81, 0xe, 0xfa,
    0x99, 0xff, 0x25, 0xff, 0xe7, 0x24, 0x0, 0xef,
    0xff, 0xff, 0xf2, 0x5f, 0xd0, 0x4, 0xfc, 0xe,
    0xf2, 0x0, 0xff, 0x24, 0xfe, 0x10, 0x9f, 0xa0,
    0xef, 0x3f, 0xff, 0xf1, 0x1f, 0xff, 0xff, 0xf5,
    0xe, 0xf2, 0xbf, 0xe8, 0x0, 0x4b, 0xcc, 0xb6,
    0x0,

    /* U+81EA "自" */
    0x0, 0x0, 0x0, 0x10, 0x0, 0x0, 0x0, 0x0,
    0x0, 0x0, 0x4f, 0xf6, 0x0, 0x0, 0x0, 0x2,
    0x22, 0x29, 0xff, 0x42, 0x22, 0x22, 0x3, 0xff,
    0xff, 0xff, 0xff, 0xff, 0xff, 0xf4, 0x3f, 0xff,
    0xff, 0xff, 0xff, 0xff, 0xff, 0x43, 0xff, 0x30,
    0x0, 0x0, 0x0, 0x2f, 0xf4, 0x3f, 0xf4, 0x22,
    0x22, 0x22, 0x23, 0xff, 0x43, 0xff, 0xff, 0xff,
    0xff, 0xff, 0xff, 0xf4, 0x3f, 0xff, 0xff, 0xff,
    0xff, 0xff, 0xff, 0x43, 0xff, 0x20, 0x0, 0x0,
    0x0, 0x1f, 0xf4, 0x3f, 0xfe, 0xee, 0xee, 0xee,
    0xee, 0xff, 0x43, 0xff, 0xff, 0xff, 0xff, 0xff,
    0xff, 0xf4, 0x3f, 0xf5, 0x33, 0x33, 0x33, 0x34,
    0xff, 0x43, 0xff, 0x20, 0x0, 0x0, 0x0, 0x1f,
    0xf4, 0x3f, 0xff, 0xff, 0xff, 0xff, 0xff, 0xff,
    0x43, 0xff, 0xff, 0xff, 0xff, 0xff, 0xff, 0xf4,
    0x3f, 0xf5, 0x33, 0x33, 0x33, 0x34, 0xff, 0x40,
    0x0, 0x0, 0x0, 0x0, 0x0, 0x0, 0x0,

    /* U+8282 "节" */
    0x0, 0x0, 0xbf, 0xb0, 0x0, 0xef, 0x80, 0x0,
    0x4, 0x44, 0x4c, 0xfd, 0x44, 0x4e, 0xfa, 0x44,
    0x42, 0xef, 0xff, 0xff, 0xff, 0xff, 0xff, 0xff,
    0xff, 0x6c, 0xee, 0xef, 0xff, 0xee, 0xef, 0xff,
    0xee, 0xe5, 0x0, 0x0, 0xbf, 0xb0, 0x0, 0xef,
    0x80, 0x0, 0x0, 0x0, 0x2, 0x43, 0x0, 0x3,
    0x42, 0x0, 0x0, 0xd, 0xff, 0xff, 0xff, 0xff,
    0xff, 0xff, 0xf2, 0x0, 0xef, 0xff, 0xff, 0xff,
    0xff, 0xff, 0xff, 0x10, 0x2, 0x33, 0x6f, 0xf6,
    0x33, 0x33, 0x8f, 0xf1, 0x0, 0x0, 0x4, 0xff,
    0x40, 0x0, 0x7, 0xff, 0x0, 0x0, 0x0, 0x4f,
    0xf4, 0x0, 0x0, 0x8f, 0xf0, 0x0, 0x0, 0x4,
    0xff, 0x41, 0x0, 0x1c, 0xfe, 0x0, 0x0, 0x0,
    0x4f, 0xf4, 0x9f, 0xff, 0xff, 0xb0, 0x0, 0x0,
    0x4, 0xff, 0x45, 0xff, 0xff, 0xe2, 0x0, 0x0,
    0x0, 0x4f, 0xf4, 0x15, 0x54, 0x30, 0x0, 0x0,
    0x0, 0x4, 0xff, 0x40, 0x0, 0x0, 0x0, 0x0,

    /* U+84DD "蓝" */
    0x0, 0x0, 0xf, 0xf2, 0x0, 0xdf, 0x50, 0x0,
    0x7, 0xee, 0xee, 0xff, 0xee, 0xef, 0xfe, 0xee,
    0xed, 0x8f, 0xff, 0xff, 0xff, 0xff, 0xff, 0xff,
    0xff, 0xe0, 0x0, 0x0, 0xaa, 0x10, 0x3b, 0xa3,
    0x0, 0x0, 0x6, 0xc7, 0xe, 0xf2, 0xe, 0xf9,
    0x66, 0x66, 0x20, 0x8f, 0x90, 0xef, 0x24, 0xff,
    0xff, 0xff, 0xf6, 0x8, 0xf9, 0xe, 0xf2, 0xbf,
    0xa7, 0xf9, 0x44, 0x10, 0x8f, 0x90, 0xef, 0x7f,
    0xf1, 0x7f, 0xf8, 0x0, 0x6, 0xc7, 0xb, 0xc4,
    0xa8, 0x0, 0x4f, 0x80, 0x0, 0xa, 0xaa, 0xaa,
    0xaa, 0xaa, 0xaa, 0xca, 0x10, 0x0, 0xff, 0xff,
    0xff, 0xff, 0xff, 0xff, 0xf3, 0x0, 0xf, 0xf4,
    0x6f, 0xd2, 0xbf, 0x82, 0xff, 0x30, 0x0, 0xff,
    0x24, 0xfd, 0xa, 0xf7, 0xf, 0xf3, 0x0, 0xf,
    0xf3, 0x5f, 0xd0, 0xaf, 0x70, 0xff, 0x30, 0x8f,
    0xff, 0xff, 0xff, 0xff, 0xff, 0xff, 0xff, 0xe6,
    0xdd, 0xdd, 0xdd, 0xdd, 0xdd, 0xdd, 0xdd, 0xdb,

    /* U+88AB "被" */
    0x0, 0x0, 0x0, 0x0, 0x0, 0x0, 0x0, 0x0,
    0x0, 0x7, 0xd2, 0x0, 0x0, 0x3, 0xfe, 0x0,
    0x0, 0x0, 0xdf, 0xd0, 0x1, 0x11, 0x4f, 0xe1,
    0x11, 0x0, 0x3, 0xfc, 0x24, 0xff, 0xff, 0xff,
    0xff, 0xf9, 0x5c, 0xce, 0xc7, 0x4f, 0xff, 0xff,
    0xff, 0xff, 0x86, 0xff, 0xff, 0x94, 0xfc, 0x3,
    0xfe, 0x9, 0xf7, 0x26, 0x8f, 0xf4, 0x4f, 0xc0,
    0x3f, 0xe0, 0x9d, 0x30, 0xa, 0xfa, 0x24, 0xff,
    0xee, 0xff, 0xee, 0xe2, 0x5, 0xff, 0x3f, 0xef,
    0xff, 0xff, 0xff, 0xff, 0x24, 0xff, 0xfb, 0xf8,
    0xfc, 0x4c, 0x0, 0x4f, 0xf0, 0xaf, 0xff, 0xf9,
    0x6f, 0xbe, 0xf5, 0xb, 0xf9, 0x7, 0xdf, 0xfb,
    0xfd, 0xfa, 0x7f, 0xe7, 0xff, 0x20, 0x21, 0xef,
    0x1a, 0xdf, 0x90, 0xcf, 0xff, 0x80, 0x0, 0xe,
    0xf0, 0xe, 0xf7, 0x8, 0xff, 0xf4, 0x0, 0x0,
    0xef, 0x3, 0xff, 0x9d, 0xff, 0xff, 0xfc, 0x50,
    0xe, 0xf0, 0xaf, 0xec, 0xff, 0x93, 0xcf, 0xf5,
    0x0, 0xef, 0x0, 0x97, 0x3c, 0x40, 0x0, 0x6a,
    0x0, 0x0, 0x0, 0x0, 0x0, 0x0, 0x0, 0x0,
    0x0,

    /* U+8BA4 "认" */
    0x0, 0x0, 0x0, 0x0, 0x0, 0x0, 0x0, 0x0,
    0x0, 0x1c, 0x70, 0x0, 0x0, 0x7f, 0xf0, 0x0,
    0x0, 0x9, 0xff, 0x70, 0x0, 0x7, 0xff, 0x0,
    0x0, 0x0, 0xc, 0xff, 0x50, 0x0, 0x7f, 0xf0,
    0x0, 0x0, 0x0, 0x1d, 0xa0, 0x0, 0x8, 0xfe,
    0x0, 0x0, 0x0, 0x0, 0x10, 0x0, 0x0, 0x9f,
    0xf0, 0x0, 0x0, 0xaf, 0xff, 0x30, 0x0, 0xa,
    0xff, 0x10, 0x0, 0xb, 0xff, 0xf3, 0x0, 0x0,
    0xcf, 0xf4, 0x0, 0x0, 0x23, 0xff, 0x30, 0x0,
    0xe, 0xff, 0x80, 0x0, 0x0, 0xf, 0xf3, 0x0,
    0x1, 0xff, 0xfd, 0x0, 0x0, 0x0, 0xff, 0x33,
    0x30, 0x7f, 0xfe, 0xf4, 0x0, 0x0, 0xf, 0xf8,
    0xf9, 0x1e, 0xf9, 0xaf, 0xc0, 0x0, 0x0, 0xff,
    0xff, 0x8a, 0xff, 0x34, 0xff, 0x60, 0x0, 0xf,
    0xff, 0x98, 0xff, 0xa0, 0xc, 0xff, 0x50, 0x2,
    0xff, 0xa9, 0xff, 0xe1, 0x0, 0x3f, 0xff, 0x70,
    0x5f, 0xc0, 0x6f, 0xf4, 0x0, 0x0, 0x7f, 0xf3,
    0x0, 0x71, 0x0, 0xb5, 0x0, 0x0, 0x0, 0x88,
    0x0, 0x0, 0x0, 0x0, 0x0, 0x0, 0x0, 0x0,
    0x0,

    /* U+8BBE "设" */
    0x0, 0x52, 0x0, 0x0, 0x0, 0x0, 0x0, 0x0,
    0x0, 0x9f, 0xd0, 0x0, 0xdf, 0xff, 0xff, 0xf8,
    0x0, 0x5, 0xff, 0xa0, 0xe, 0xff, 0xff, 0xff,
    0x80, 0x0, 0xb, 0xff, 0x20, 0xff, 0x60, 0xb,
    0xf8, 0x0, 0x0, 0x3e, 0x30, 0x6f, 0xf3, 0x0,
    0xbf, 0xa1, 0x10, 0x0, 0x0, 0x3f, 0xfd, 0x0,
    0xa, 0xff, 0xfa, 0x68, 0x88, 0x3, 0xff, 0x50,
    0x0, 0x3d, 0xff, 0x7c, 0xff, 0xf1, 0x6, 0xa1,
    0x11, 0x11, 0x11, 0x10, 0xae, 0xff, 0x11, 0xff,
    0xff, 0xff, 0xff, 0xf9, 0x0, 0x2f, 0xf1, 0x1f,
    0xff, 0xff, 0xff, 0xff, 0x90, 0x2, 0xff, 0x10,
    0x4d, 0xa0, 0x0, 0x6f, 0xf3, 0x0, 0x2f, 0xf1,
    0x84, 0xff, 0x80, 0x2f, 0xf9, 0x0, 0x2, 0xff,
    0xcf, 0x8, 0xff, 0xae, 0xfc, 0x0, 0x0, 0x2f,
    0xff, 0xf2, 0xa, 0xff, 0xff, 0x10, 0x0, 0x4,
    0xff, 0xf4, 0x39, 0xff, 0xff, 0xfe, 0x84, 0x0,
    0x4f, 0xe7, 0xff, 0xff, 0xf9, 0xcf, 0xff, 0xf9,
    0x0, 0x82, 0xb, 0xfe, 0x91, 0x0, 0x4b, 0xff,
    0x10, 0x0, 0x0, 0x24, 0x0, 0x0, 0x0, 0x0,
    0x30,

    /* U+8BF7 "请" */
    0x2, 0x90, 0x0, 0x0, 0x8, 0xfd, 0x0, 0x0,
    0x0, 0xdf, 0x90, 0x9a, 0xaa, 0xdf, 0xfa, 0xaa,
    0xa5, 0x4, 0xff, 0x4b, 0xcc, 0xce, 0xff, 0xcc,
    0xcc, 0x60, 0xa, 0xf5, 0x37, 0x77, 0xbf, 0xe7,
    0x77, 0x70, 0x0, 0x11, 0x7, 0xff, 0xff, 0xff,
    0xff, 0xff, 0x3, 0x55, 0x52, 0x66, 0x66, 0xbf,
    0xe6, 0x66, 0x65, 0x8f, 0xfe, 0x6e, 0xee, 0xee,
    0xee, 0xee, 0xee, 0xc5, 0xbf, 0xe0, 0x18, 0x88,
    0x88, 0x88, 0x88, 0x50, 0x2, 0xfe, 0x3, 0xff,
    0xff, 0xff, 0xff, 0xfa, 0x0, 0x2f, 0xe0, 0x3f,
    0xf3, 0x33, 0x33, 0xaf, 0xa0, 0x2, 0xfe, 0x3,
    0xff, 0xff, 0xff, 0xff, 0xfa, 0x0, 0x2f, 0xe6,
    0x5f, 0xf4, 0x44, 0x44, 0xaf, 0xa0, 0x2, 0xff,
    0xf6, 0xff, 0xff, 0xff, 0xff, 0xfa, 0x0, 0x4f,
    0xff, 0x6f, 0xf7, 0x66, 0x66, 0xcf, 0xa0, 0x6,
    0xfe, 0x43, 0xff, 0x0, 0xab, 0xbf, 0xf8, 0x0,
    0xa, 0x20, 0x3f, 0xf0, 0x9, 0xff, 0xeb, 0x10,

    /* U+8BFB "读" */
    0x5, 0xb0, 0x0, 0x0, 0x5, 0xff, 0x0, 0x0,
    0x1, 0xef, 0x80, 0x5c, 0xcc, 0xdf, 0xfc, 0xcc,
    0xc1, 0x5, 0xff, 0x47, 0xff, 0xff, 0xff, 0xff,
    0xff, 0x20, 0xb, 0xc3, 0x0, 0x0, 0x5f, 0xf0,
    0x0, 0x0, 0x0, 0x0, 0x3f, 0xff, 0xff, 0xff,
    0xff, 0xff, 0xca, 0xff, 0xe3, 0xde, 0xed, 0xdd,
    0xdd, 0xde, 0xfc, 0xbf, 0xfe, 0x0, 0xbf, 0xa5,
    0x3d, 0xc0, 0x7f, 0x92, 0x7f, 0xe0, 0x4, 0xaf,
    0xc5, 0xfe, 0xa, 0xf5, 0x5, 0xfe, 0xb, 0xe9,
    0x52, 0x6f, 0xd0, 0x0, 0x0, 0x5f, 0xe0, 0x6c,
    0xff, 0x18, 0xfa, 0x0, 0x0, 0x5, 0xfe, 0xc,
    0xce, 0xec, 0xef, 0xec, 0xcc, 0x80, 0x5f, 0xe9,
    0xff, 0xff, 0xff, 0xff, 0xff, 0xfa, 0x5, 0xff,
    0xf6, 0x0, 0x3d, 0xff, 0xa3, 0x0, 0x0, 0x6f,
    0xfe, 0x45, 0xaf, 0xff, 0xff, 0xfb, 0x30, 0x8,
    0xfd, 0x5f, 0xff, 0xfd, 0x21, 0x9f, 0xff, 0x90,
    0x9, 0x10, 0x9f, 0xc5, 0x0, 0x0, 0x19, 0xf3,
    0x0, 0x0, 0x0, 0x10, 0x0, 0x0, 0x0, 0x1,
    0x0,

    /* U+8C03 "调" */
    0x1, 0x20, 0x0, 0x0, 0x0, 0x0, 0x0, 0x0,
    0x3e, 0xd0, 0x2f, 0xff, 0xff, 0xff, 0xff, 0xfe,
    0x1e, 0xf8, 0x2f, 0xff, 0xff, 0xff, 0xff, 0xfe,
    0x7, 0xff, 0x3f, 0xe0, 0x1, 0x20, 0x2, 0xfe,
    0x0, 0xe8, 0x3f, 0xe0, 0xa, 0xf6, 0x2, 0xfe,
    0x0, 0x10, 0x2f, 0xe7, 0xff, 0xff, 0xf6, 0xfe,
    0xff, 0xf3, 0x2f, 0xe3, 0x8d, 0xfb, 0x84, 0xfe,
    0xff, 0xf3, 0x2f, 0xe6, 0x9d, 0xfc, 0x97, 0xfe,
    0xe, 0xf3, 0x2f, 0xeb, 0xff, 0xff, 0xfa, 0xfe,
    0xe, 0xf3, 0x2f, 0xe0, 0x0, 0x0, 0x2, 0xfe,
    0xe, 0xf4, 0x5f, 0xd6, 0xff, 0xff, 0xf3, 0xfe,
    0xe, 0xfe, 0x9f, 0xd6, 0xfb, 0x8e, 0xf3, 0xfe,
    0xe, 0xff, 0xdf, 0xb6, 0xf7, 0xc, 0xf3, 0xfe,
    0x1f, 0xfb, 0xbf, 0x96, 0xff, 0xff, 0xf3, 0xfe,
    0x1e, 0xc1, 0xff, 0x66, 0xfb, 0x88, 0x86, 0xfe,
    0x3, 0x19, 0xff, 0x22, 0x52, 0xb, 0xff, 0xfc,
    0x0, 0x4, 0xcc, 0x0, 0x0, 0x8, 0xff, 0xe4,
    0x0, 0x0, 0x1, 0x0, 0x0, 0x0, 0x11, 0x0,

    /* U+8D25 "败" */
    0x0, 0x0, 0x0, 0x0, 0x0, 0xa8, 0x10, 0x0,
    0x1, 0xff, 0xff, 0xff, 0xe0, 0x3f, 0xf2, 0x0,
    0x0, 0x1f, 0xfd, 0xdd, 0xfe, 0x9, 0xfe, 0x0,
    0x0, 0x1, 0xfc, 0x0, 0xf, 0xe0, 0xef, 0xff,
    0xff, 0xfa, 0x1f, 0xc6, 0xf4, 0xfe, 0x5f, 0xff,
    0xff, 0xff, 0xb1, 0xfc, 0x7f, 0x4f, 0xec, 0xfe,
    0x44, 0x8f, 0xc2, 0x1f, 0xc7, 0xf4, 0xff, 0xff,
    0xf0, 0x8, 0xf9, 0x1, 0xfc, 0x7f, 0x4f, 0xff,
    0xff, 0x20, 0xbf, 0x60, 0x1f, 0xc7, 0xf4, 0xfe,
    0x8a, 0xf5, 0xe, 0xf2, 0x1, 0xfc, 0x7f, 0x4f,
    0xe0, 0x4f, 0xa4, 0xfd, 0x0, 0x1f, 0xc9, 0xf3,
    0xfe, 0x0, 0xef, 0xbf, 0x70, 0x0, 0x54, 0xdf,
    0xa4, 0x30, 0x7, 0xff, 0xe0, 0x0, 0x0, 0x6f,
    0xff, 0xb0, 0x0, 0xaf, 0xfd, 0x20, 0x0, 0x3f,
    0xf6, 0xdf, 0xc4, 0xcf, 0xff, 0xff, 0x60, 0x5f,
    0xf9, 0x2, 0xef, 0xff, 0xf9, 0x5f, 0xff, 0x84,
    0xfb, 0x0, 0x2, 0x3f, 0xf7, 0x0, 0x3e, 0xe1,
    0x4, 0x0, 0x0, 0x0, 0x52, 0x0, 0x0, 0x13,
    0x0,

    /* U+8F6C "转" */
    0x0, 0x0, 0x0, 0x0, 0x0, 0x0, 0x0, 0x0,
    0x0, 0xf, 0xf2, 0x0, 0x0, 0xf, 0xf6, 0x0,
    0x0, 0x3, 0xff, 0x0, 0x0, 0x3, 0xff, 0x30,
    0x0, 0xd, 0xff, 0xff, 0xff, 0x5f, 0xff, 0xff,
    0xff, 0xf0, 0xcf, 0xff, 0xff, 0xf4, 0xdf, 0xff,
    0xdd, 0xdc, 0x0, 0xdf, 0x77, 0x20, 0x0, 0xdf,
    0x80, 0x0, 0x0, 0x2f, 0xd9, 0xf6, 0xb, 0xdf,
    0xfe, 0xdd, 0xdd, 0x77, 0xf9, 0x9f, 0x60, 0xef,
    0xff, 0xff, 0xff, 0xf8, 0xbf, 0x9c, 0xfa, 0x61,
    0x9f, 0xc0, 0x0, 0x0, 0xc, 0xff, 0xff, 0xff,
    0x3c, 0xfa, 0x22, 0x22, 0x20, 0xad, 0xde, 0xfe,
    0xd2, 0xef, 0xff, 0xff, 0xff, 0x40, 0x0, 0x9f,
    0x60, 0xa, 0xbb, 0xbb, 0xdf, 0xf3, 0x68, 0xae,
    0xff, 0xf6, 0x34, 0x0, 0x2e, 0xf7, 0xc, 0xff,
    0xff, 0xfe, 0x5d, 0xfd, 0x6d, 0xfa, 0x0, 0x66,
    0x5b, 0xf6, 0x0, 0x7e, 0xff, 0xfe, 0x10, 0x0,
    0x0, 0x9f, 0x60, 0x0, 0x6, 0xef, 0xfd, 0x0,
    0x0, 0x9, 0xf6, 0x0, 0x0, 0x0, 0x6d, 0x40,
    0x0, 0x0, 0x0, 0x0, 0x0, 0x0, 0x0, 0x0,
    0x0,

    /* U+8FD4 "返" */
    0x0, 0x0, 0x0, 0x0, 0x0, 0x0, 0x0, 0x0,
    0x0, 0x4c, 0x10, 0x0, 0x0, 0x12, 0x35, 0x7a,
    0x70, 0x1f, 0xfb, 0x1, 0xee, 0xff, 0xff, 0xff,
    0xff, 0x10, 0x7f, 0xf7, 0x1f, 0xff, 0xff, 0xdc,
    0xa9, 0x61, 0x0, 0xdf, 0xb1, 0xff, 0x30, 0x0,
    0x0, 0x0, 0x0, 0x4, 0xa0, 0x1f, 0xf6, 0x33,
    0x33, 0x33, 0x30, 0x0, 0x0, 0x1, 0xff, 0xff,
    0xff, 0xff, 0xff, 0x3, 0x44, 0x40, 0x2f, 0xff,
    0xff, 0xff, 0xff, 0xf0, 0xaf, 0xff, 0x22, 0xff,
    0x54, 0x44, 0x4b, 0xfd, 0x9, 0xef, 0xf2, 0x5f,
    0xf2, 0xe8, 0x2, 0xff, 0x60, 0x2, 0xff, 0x28,
    0xfd, 0x7f, 0xfb, 0xdf, 0xc0, 0x0, 0x2f, 0xf2,
    0xef, 0x90, 0x5f, 0xff, 0xf2, 0x0, 0x2, 0xff,
    0x9f, 0xf3, 0x7, 0xff, 0xff, 0x50, 0x0, 0x2f,
    0xf6, 0xfc, 0x8e, 0xff, 0xed, 0xff, 0x80, 0x5,
    0xff, 0x57, 0x2a, 0xff, 0xa1, 0xb, 0xff, 0x25,
    0xff, 0xff, 0x83, 0x2b, 0x30, 0x1, 0x1a, 0x51,
    0x8f, 0xec, 0xff, 0xff, 0xff, 0xff, 0xff, 0xff,
    0x83, 0xe2, 0x7, 0xce, 0xff, 0xff, 0xff, 0xff,
    0xf3, 0x2, 0x0, 0x0, 0x0, 0x0, 0x0, 0x0,
    0x0, 0x0,

    /* U+9152 "酒" */
    0x0, 0x30, 0x0, 0x0, 0x0, 0x0, 0x0, 0x0,
    0x0, 0x9f, 0x91, 0xff, 0xff, 0xff, 0xff, 0xff,
    0xfc, 0x9, 0xff, 0xcd, 0xdd, 0xff, 0xef, 0xfe,
    0xdd, 0xa0, 0xa, 0xf4, 0x0, 0x9, 0xf4, 0xbf,
    0x20, 0x0, 0x0, 0x5, 0x0, 0x0, 0x9f, 0x4b,
    0xf2, 0x0, 0x0, 0x52, 0x0, 0xcf, 0xff, 0xff,
    0xff, 0xff, 0xf4, 0x4f, 0xf5, 0xc, 0xfd, 0xef,
    0xce, 0xfc, 0xff, 0x41, 0xdf, 0xf5, 0xcf, 0x5c,
    0xf2, 0xbf, 0x2d, 0xf4, 0x0, 0xbc, 0xc, 0xf6,
    0xff, 0xb, 0xf3, 0xdf, 0x40, 0x0, 0x10, 0xcf,
    0xdf, 0xb0, 0x9f, 0xff, 0xf4, 0x0, 0xaa, 0x3c,
    0xf9, 0xf4, 0x1, 0xac, 0xff, 0x40, 0xe, 0xf7,
    0xcf, 0x53, 0x0, 0x0, 0xd, 0xf4, 0x3, 0xff,
    0x3c, 0xff, 0xff, 0xff, 0xff, 0xff, 0x40, 0x7f,
    0xe0, 0xcf, 0xcb, 0xbb, 0xbb, 0xbf, 0xf4, 0xb,
    0xfa, 0xc, 0xf7, 0x22, 0x22, 0x22, 0xdf, 0x41,
    0xff, 0x50, 0xcf, 0xff, 0xff, 0xff, 0xff, 0xf4,
    0x2a, 0xc0, 0xc, 0xfc, 0xaa, 0xaa, 0xaa, 0xef,
    0x40,

    /* U+91CF "量" */
    0x0, 0xdf, 0xff, 0xff, 0xff, 0xff, 0xff, 0xf4,
    0x0, 0xd, 0xf9, 0x44, 0x44, 0x44, 0x44, 0xff,
    0x40, 0x0, 0xdf, 0xff, 0xff, 0xff, 0xff, 0xff,
    0xf4, 0x0, 0xd, 0xf9, 0x44, 0x44, 0x44, 0x44,
    0xff, 0x40, 0x0, 0xdf, 0xff, 0xff, 0xff, 0xff,
    0xff, 0xf4, 0x3, 0x99, 0x99, 0x99, 0x99, 0x99,
    0x99, 0x99, 0x98, 0x38, 0x88, 0x88, 0x88, 0x88,
    0x88, 0x88, 0x88, 0x80, 0xd, 0xff, 0xff, 0xff,
    0xff, 0xff, 0xff, 0x40, 0x0, 0xef, 0x63, 0x38,
    0xfd, 0x33, 0x3d, 0xf5, 0x0, 0xe, 0xff, 0xff,
    0xff, 0xff, 0xff, 0xff, 0x50, 0x0, 0xef, 0x53,
    0x38, 0xfd, 0x33, 0x3d, 0xf5, 0x0, 0xe, 0xff,
    0xff, 0xff, 0xff, 0xff, 0xff, 0x50, 0x1, 0x55,
    0x55, 0x59, 0xfd, 0x55, 0x55, 0x54, 0x0, 0x7f,
    0xff, 0xff, 0xff, 0xff, 0xff, 0xff, 0xf0, 0x25,
    0x55, 0x55, 0x59, 0xfd, 0x55, 0x55, 0x55, 0x47,
    0xee, 0xee, 0xee, 0xee, 0xee, 0xee, 0xee, 0xee,

    /* U+952E "键" */
    0x0, 0x0, 0x0, 0x0, 0x0, 0x0, 0x0, 0x0,
    0x0, 0x7e, 0x60, 0x0, 0x0, 0x1, 0xfb, 0x0,
    0x0, 0xc, 0xf5, 0xf, 0xff, 0x8d, 0xef, 0xfe,
    0xe8, 0x1, 0xff, 0xfd, 0x9c, 0xf8, 0x89, 0xfe,
    0x8f, 0x90, 0x7f, 0xc9, 0x80, 0xcf, 0x78, 0x9f,
    0xe8, 0xfd, 0x2e, 0xf4, 0x21, 0x4f, 0xa9, 0xff,
    0xff, 0xff, 0xf3, 0xdf, 0xff, 0xac, 0xf3, 0x1,
    0x2f, 0xc1, 0xe9, 0x8, 0xdf, 0xa5, 0xff, 0xf9,
    0xff, 0xff, 0xff, 0x90, 0x9, 0xf4, 0xc, 0xcf,
    0x96, 0x7f, 0xd6, 0x63, 0xe, 0xff, 0xff, 0x12,
    0xf8, 0xcc, 0xff, 0xcc, 0x80, 0x8d, 0xfb, 0xcd,
    0x4f, 0x7b, 0xbf, 0xeb, 0xb7, 0x0, 0x9f, 0x43,
    0xfd, 0xf7, 0x88, 0xfd, 0x88, 0x70, 0x9, 0xf4,
    0x5c, 0xff, 0x6f, 0xff, 0xff, 0xff, 0x0, 0x9f,
    0xfa, 0x6f, 0xe1, 0x12, 0xfc, 0x11, 0x0, 0xa,
    0xff, 0x9d, 0xff, 0xe6, 0x2c, 0x80, 0x0, 0x0,
    0xef, 0x7b, 0xfd, 0xbf, 0xff, 0xfe, 0xee, 0xf4,
    0x4, 0x61, 0xdf, 0x30, 0x4a, 0xdf, 0xff, 0xff,
    0x0, 0x0, 0x0, 0x30, 0x0, 0x0, 0x0, 0x0,
    0x0,

    /* U+97F3 "音" */
    0x0, 0x0, 0x0, 0x0, 0x33, 0x0, 0x0, 0x0,
    0x0, 0x0, 0x0, 0x0, 0xaf, 0xd0, 0x0, 0x0,
    0x0, 0x8, 0xaa, 0xaa, 0xac, 0xff, 0xba, 0xaa,
    0xaa, 0x30, 0xcf, 0xff, 0xff, 0xff, 0xff, 0xff,
    0xff, 0xf4, 0x2, 0x22, 0x9f, 0x82, 0x22, 0x3f,
    0xd5, 0x22, 0x0, 0x0, 0xa, 0xff, 0x20, 0x9,
    0xff, 0x30, 0x0, 0x7f, 0xff, 0xff, 0xff, 0xff,
    0xff, 0xff, 0xff, 0xe5, 0xcc, 0xcc, 0xcc, 0xcc,
    0xcc, 0xcc, 0xcc, 0xcb, 0x0, 0x0, 0x0, 0x0,
    0x0, 0x0, 0x0, 0x0, 0x0, 0x8, 0xff, 0xff,
    0xff, 0xff, 0xff, 0xff, 0x0, 0x0, 0x8f, 0xec,
    0xcc, 0xcc, 0xcc, 0xdf, 0xf0, 0x0, 0x8, 0xfb,
    0x0, 0x0, 0x0, 0x5, 0xff, 0x0, 0x0, 0x8f,
    0xff, 0xff, 0xff, 0xff, 0xff, 0xf0, 0x0, 0x8,
    0xfe, 0xaa, 0xaa, 0xaa, 0xac, 0xff, 0x0, 0x0,
    0x8f, 0xc2, 0x22, 0x22, 0x22, 0x6f, 0xf0, 0x0,
    0x8, 0xff, 0xff, 0xff, 0xff, 0xff, 0xff, 0x0,
    0x0, 0x8f, 0xe9, 0x99, 0x99, 0x99, 0xbf, 0xf0,
    0x0,

    /* U+9898 "题" */
    0xe, 0xff, 0xff, 0xf9, 0xbf, 0xff, 0xff, 0xff,
    0x50, 0xef, 0x88, 0xbf, 0x98, 0xbb, 0xff, 0xbb,
    0xb3, 0xe, 0xf3, 0x37, 0xf9, 0x0, 0x2f, 0xe0,
    0x0, 0x0, 0xef, 0xff, 0xff, 0x94, 0x9b, 0xfe,
    0x99, 0x80, 0xe, 0xf5, 0x58, 0xf9, 0x7f, 0xff,
    0xff, 0xfd, 0x0, 0xef, 0xaa, 0xcf, 0x97, 0xf6,
    0x0, 0x1f, 0xd0, 0xe, 0xff, 0xff, 0xf9, 0x7f,
    0x6a, 0xf1, 0xfd, 0x0, 0x33, 0x33, 0x33, 0x27,
    0xf6, 0xbf, 0x1f, 0xd0, 0xaf, 0xff, 0xff, 0xff,
    0x7f, 0x6c, 0xf0, 0xfd, 0x5, 0x99, 0xbf, 0xe9,
    0x87, 0xf7, 0xfe, 0xf, 0xd0, 0xc, 0xd4, 0xfe,
    0x96, 0x25, 0xbf, 0xf9, 0x64, 0x0, 0xee, 0x4f,
    0xff, 0xb1, 0xaf, 0xed, 0xfe, 0x50, 0xf, 0xfd,
    0xfc, 0x7, 0xff, 0xf3, 0x1b, 0xff, 0x73, 0xff,
    0xff, 0xd1, 0x1e, 0xd3, 0x0, 0x8, 0xd1, 0x9f,
    0x98, 0xff, 0xff, 0xfe, 0xdd, 0xdd, 0xde, 0x83,
    0xf4, 0x2, 0x8d, 0xef, 0xff, 0xff, 0xff, 0xf5,
    0x3, 0x0, 0x0, 0x0, 0x0, 0x0, 0x0, 0x0,
    0x0,

    /* U+9AD8 "高" */
    0x0, 0x0, 0x0, 0x0, 0x12, 0x0, 0x0, 0x0,
    0x0, 0x0, 0x0, 0x0, 0xcf, 0xf0, 0x0, 0x0,
    0x0, 0x5d, 0xdd, 0xdd, 0xdf, 0xff, 0xed, 0xdd,
    0xdd, 0xc5, 0xdd, 0xdd, 0xdd, 0xdd, 0xdd, 0xdd,
    0xdd, 0xdb, 0x0, 0x7, 0x77, 0x77, 0x77, 0x77,
    0x77, 0x40, 0x0, 0x0, 0xff, 0xff, 0xff, 0xff,
    0xff, 0xf8, 0x0, 0x0, 0xf, 0xf5, 0x33, 0x33,
    0x33, 0xbf, 0x80, 0x0, 0x0, 0xff, 0xff, 0xff,
    0xff, 0xff, 0xf8, 0x0, 0x0, 0x4, 0x44, 0x44,
    0x44, 0x44, 0x44, 0x20, 0x0, 0xaf, 0xff, 0xff,
    0xff, 0xff, 0xff, 0xff, 0xf2, 0xa, 0xfd, 0x99,
    0x99, 0x99, 0x99, 0x99, 0xff, 0x20, 0xaf, 0x90,
    0xaa, 0xaa, 0xaa, 0xa5, 0xf, 0xf2, 0xa, 0xf9,
    0xf, 0xfb, 0xbb, 0xdf, 0x70, 0xff, 0x20, 0xaf,
    0x90, 0xff, 0x44, 0x4a, 0xf7, 0xf, 0xf2, 0xa,
    0xf9, 0xf, 0xff, 0xff, 0xff, 0x72, 0xff, 0x20,
    0xaf, 0x90, 0x99, 0x11, 0x12, 0xfe, 0xff, 0xe0,
    0x9, 0xf8, 0x0, 0x0, 0x0, 0xd, 0xff, 0xd4,
    0x0
};


/*---------------------
 *  GLYPH DESCRIPTION
 *--------------------*/

static const lv_font_fmt_txt_glyph_dsc_t glyph_dsc[] = {
    {.bitmap_index = 0, .adv_w = 0, .box_w = 0, .box_h = 0, .ofs_x = 0, .ofs_y = 0} /* id = 0 reserved */,
    {.bitmap_index = 0, .adv_w = 81, .box_w = 0, .box_h = 0, .ofs_x = 0, .ofs_y = 0},
    {.bitmap_index = 0, .adv_w = 95, .box_w = 4, .box_h = 14, .ofs_x = 1, .ofs_y = 0},
    {.bitmap_index = 28, .adv_w = 142, .box_w = 7, .box_h = 5, .ofs_x = 1, .ofs_y = 9},
    {.bitmap_index = 46, .adv_w = 174, .box_w = 11, .box_h = 14, .ofs_x = 0, .ofs_y = 0},
    {.bitmap_index = 123, .adv_w = 168, .box_w = 9, .box_h = 18, .ofs_x = 1, .ofs_y = -2},
    {.bitmap_index = 204, .adv_w = 253, .box_w = 16, .box_h = 14, .ofs_x = 0, .ofs_y = 0},
    {.bitmap_index = 316, .adv_w = 248, .box_w = 16, .box_h = 14, .ofs_x = 0, .ofs_y = 0},
    {.bitmap_index = 428, .adv_w = 84, .box_w = 3, .box_h = 5, .ofs_x = 1, .ofs_y = 9},
    {.bitmap_index = 436, .adv_w = 106, .box_w = 6, .box_h = 17, .ofs_x = 1, .ofs_y = -3},
    {.bitmap_index = 487, .adv_w = 106, .box_w = 6, .box_h = 17, .ofs_x = 0, .ofs_y = -3},
    {.bitmap_index = 538, .adv_w = 133, .box_w = 8, .box_h = 8, .ofs_x = 0, .ofs_y = 6},
    {.bitmap_index = 570, .adv_w = 207, .box_w = 9, .box_h = 10, .ofs_x = 2, .ofs_y = 1},
    {.bitmap_index = 615, .adv_w = 78, .box_w = 4, .box_h = 5, .ofs_x = 0, .ofs_y = -2},
    {.bitmap_index = 625, .adv_w = 119, .box_w = 6, .box_h = 2, .ofs_x = 1, .ofs_y = 4},
    {.bitmap_index = 631, .adv_w = 78, .box_w = 5, .box_h = 4, .ofs_x = 0, .ofs_y = 0},
    {.bitmap_index = 641, .adv_w = 129, .box_w = 10, .box_h = 16, .ofs_x = -1, .ofs_y = -2},
    {.bitmap_index = 721, .adv_w = 168, .box_w = 10, .box_h = 14, .ofs_x = 0, .ofs_y = 0},
    {.bitmap_index = 791, .adv_w = 168, .box_w = 7, .box_h = 14, .ofs_x = 1, .ofs_y = 0},
    {.bitmap_index = 840, .adv_w = 168, .box_w = 10, .box_h = 14, .ofs_x = 0, .ofs_y = 0},
    {.bitmap_index = 910, .adv_w = 168, .box_w = 9, .box_h = 14, .ofs_x = 1, .ofs_y = 0},
    {.bitmap_index = 973, .adv_w = 168, .box_w = 11, .box_h = 14, .ofs_x = 0, .ofs_y = 0},
    {.bitmap_index = 1050, .adv_w = 168, .box_w = 9, .box_h = 14, .ofs_x = 1, .ofs_y = 0},
    {.bitmap_index = 1113, .adv_w = 168, .box_w = 10, .box_h = 14, .ofs_x = 0, .ofs_y = 0},
    {.bitmap_index = 1183, .adv_w = 168, .box_w = 10, .box_h = 14, .ofs_x = 0, .ofs_y = 0},
    {.bitmap_index = 1253, .adv_w = 168, .box_w = 10, .box_h = 14, .ofs_x = 0, .ofs_y = 0},
    {.bitmap_index = 1323, .adv_w = 168, .box_w = 10, .box_h = 14, .ofs_x = 0, .ofs_y = 0},
    {.bitmap_index = 1393, .adv_w = 78, .box_w = 5, .box_h = 10, .ofs_x = 0, .ofs_y = 0},
    {.bitmap_index = 1418, .adv_w = 78, .box_w = 5, .box_h = 12, .ofs_x = 0, .ofs_y = -2},
    {.bitmap_index = 1448, .adv_w = 207, .box_w = 9, .box_h = 11, .ofs_x = 2, .ofs_y = 0},
    {.bitmap_index = 1498, .adv_w = 207, .box_w = 9, .box_h = 6, .ofs_x = 2, .ofs_y = 3},
    {.bitmap_index = 1525, .adv_w = 207, .box_w = 9, .box_h = 11, .ofs_x = 2, .ofs_y = 0},
    {.bitmap_index = 1575, .adv_w = 129, .box_w = 8, .box_h = 14, .ofs_x = 0, .ofs_y = 0},
    {.bitmap_index = 1631, .adv_w = 280, .box_w = 16, .box_h = 16, .ofs_x = 1, .ofs_y = -2},
    {.bitmap_index = 1759, .adv_w = 205, .box_w = 13, .box_h = 14, .ofs_x = 0, .ofs_y = 0},
    {.bitmap_index = 1850, .adv_w = 186, .box_w = 10, .box_h = 14, .ofs_x = 1, .ofs_y = 0},
    {.bitmap_index = 1920, .adv_w = 183, .box_w = 11, .box_h = 14, .ofs_x = 0, .ofs_y = 0},
    {.bitmap_index = 1997, .adv_w = 215, .box_w = 12, .box_h = 14, .ofs_x = 1, .ofs_y = 0},
    {.bitmap_index = 2081, .adv_w = 156, .box_w = 9, .box_h = 14, .ofs_x = 1, .ofs_y = 0},
    {.bitmap_index = 2144, .adv_w = 152, .box_w = 8, .box_h = 14, .ofs_x = 1, .ofs_y = 0},
    {.bitmap_index = 2200, .adv_w = 208, .box_w = 12, .box_h = 14, .ofs_x = 0, .ofs_y = 0},
    {.bitmap_index = 2284, .adv_w = 223, .box_w = 12, .box_h = 14, .ofs_x = 1, .ofs_y = 0},
    {.bitmap_index = 2368, .adv_w = 91, .box_w = 4, .box_h = 14, .ofs_x = 1, .ofs_y = 0},
    {.bitmap_index = 2396, .adv_w = 128, .box_w = 7, .box_h = 14, .ofs_x = 0, .ofs_y = 0},
    {.bitmap_index = 2445, .adv_w = 188, .box_w = 11, .box_h = 14, .ofs_x = 1, .ofs_y = 0},
    {.bitmap_index = 2522, .adv_w = 149, .box_w = 9, .box_h = 14, .ofs_x = 1, .ofs_y = 0},
    {.bitmap_index = 2585, .adv_w = 280, .box_w = 15, .box_h = 14, .ofs_x = 1, .ofs_y = 0},
    {.bitmap_index = 2690, .adv_w = 231, .box_w = 12, .box_h = 14, .ofs_x = 1, .ofs_y = 0},
    {.bitmap_index = 2774, .adv_w = 223, .box_w = 14, .box_h = 14, .ofs_x = 0, .ofs_y = 0},
    {.bitmap_index = 2872, .adv_w = 179, .box_w = 10, .box_h = 14, .ofs_x = 1, .ofs_y = 0},
    {.bitmap_index = 2942, .adv_w = 223, .box_w = 15, .box_h = 16, .ofs_x = 0, .ofs_y = -2},
    {.bitmap_index = 3062, .adv_w = 190, .box_w = 12, .box_h = 14, .ofs_x = 1, .ofs_y = 0},
    {.bitmap_index = 3146, .adv_w = 164, .box_w = 10, .box_h = 14, .ofs_x = 0, .ofs_y = 0},
    {.bitmap_index = 3216, .adv_w = 170, .box_w = 11, .box_h = 14, .ofs_x = 0, .ofs_y = 0},
    {.bitmap_index = 3293, .adv_w = 211, .box_w = 11, .box_h = 14, .ofs_x = 1, .ofs_y = 0},
    {.bitmap_index = 3370, .adv_w = 194, .box_w = 13, .box_h = 14, .ofs_x = 0, .ofs_y = 0},
    {.bitmap_index = 3461, .adv_w = 293, .box_w = 19, .box_h = 14, .ofs_x = 0, .ofs_y = 0},
    {.bitmap_index = 3594, .adv_w = 190, .box_w = 12, .box_h = 14, .ofs_x = 0, .ofs_y = 0},
    {.bitmap_index = 3678, .adv_w = 176, .box_w = 12, .box_h = 14, .ofs_x = 0, .ofs_y = 0},
    {.bitmap_index = 3762, .adv_w = 177, .box_w = 11, .box_h = 14, .ofs_x = 0, .ofs_y = 0},
    {.bitmap_index = 3839, .adv_w = 106, .box_w = 6, .box_h = 17, .ofs_x = 1, .ofs_y = -3},
    {.bitmap_index = 3890, .adv_w = 126, .box_w = 10, .box_h = 16, .ofs_x = -1, .ofs_y = -2},
    {.bitmap_index = 3970, .adv_w = 106, .box_w = 5, .box_h = 17, .ofs_x = 0, .ofs_y = -3},
    {.bitmap_index = 4013, .adv_w = 207, .box_w = 11, .box_h = 8, .ofs_x = 1, .ofs_y = 6},
    {.bitmap_index = 4057, .adv_w = 122, .box_w = 8, .box_h = 2, .ofs_x = 0, .ofs_y = -6},
    {.bitmap_index = 4065, .adv_w = 91, .box_w = 6, .box_h = 3, .ofs_x = 0, .ofs_y = 11},
    {.bitmap_index = 4074, .adv_w = 157, .box_w = 9, .box_h = 10, .ofs_x = 0, .ofs_y = 0},
    {.bitmap_index = 4119, .adv_w = 181, .box_w = 10, .box_h = 14, .ofs_x = 1, .ofs_y = 0},
    {.bitmap_index = 4189, .adv_w = 141, .box_w = 9, .box_h = 10, .ofs_x = 0, .ofs_y = 0},
    {.bitmap_index = 4234, .adv_w = 181, .box_w = 11, .box_h = 14, .ofs_x = 0, .ofs_y = 0},
    {.bitmap_index = 4311, .adv_w = 158, .box_w = 10, .box_h = 10, .ofs_x = 0, .ofs_y = 0},
    {.bitmap_index = 4361, .adv_w = 110, .box_w = 8, .box_h = 14, .ofs_x = 0, .ofs_y = 0},
    {.bitmap_index = 4417, .adv_w = 181, .box_w = 11, .box_h = 14, .ofs_x = 0, .ofs_y = -4},
    {.bitmap_index = 4494, .adv_w = 176, .box_w = 9, .box_h = 14, .ofs_x = 1, .ofs_y = 0},
    {.bitmap_index = 4557, .adv_w = 80, .box_w = 5, .box_h = 14, .ofs_x = 0, .ofs_y = 0},
    {.bitmap_index = 4592, .adv_w = 82, .box_w = 7, .box_h = 18, .ofs_x = -2, .ofs_y = -4},
    {.bitmap_index = 4655, .adv_w = 162, .box_w = 10, .box_h = 14, .ofs_x = 1, .ofs_y = 0},
    {.bitmap_index = 4725, .adv_w = 80, .box_w = 3, .box_h = 14, .ofs_x = 1, .ofs_y = 0},
    {.bitmap_index = 4746, .adv_w = 267, .box_w = 15, .box_h = 10, .ofs_x = 1, .ofs_y = 0},
    {.bitmap_index = 4821, .adv_w = 176, .box_w = 9, .box_h = 10, .ofs_x = 1, .ofs_y = 0},
    {.bitmap_index = 4866, .adv_w = 179, .box_w = 11, .box_h = 10, .ofs_x = 0, .ofs_y = 0},
    {.bitmap_index = 4921, .adv_w = 181, .box_w = 10, .box_h = 14, .ofs_x = 1, .ofs_y = -4},
    {.bitmap_index = 4991, .adv_w = 181, .box_w = 11, .box_h = 14, .ofs_x = 0, .ofs_y = -4},
    {.bitmap_index = 5068, .adv_w = 115, .box_w = 7, .box_h = 11, .ofs_x = 1, .ofs_y = 0},
    {.bitmap_index = 5107, .adv_w = 134, .box_w = 8, .box_h = 10, .ofs_x = 0, .ofs_y = 0},
    {.bitmap_index = 5147, .adv_w = 113, .box_w = 7, .box_h = 13, .ofs_x = 0, .ofs_y = 0},
    {.bitmap_index = 5193, .adv_w = 176, .box_w = 9, .box_h = 10, .ofs_x = 1, .ofs_y = 0},
    {.bitmap_index = 5238, .adv_w = 157, .box_w = 10, .box_h = 10, .ofs_x = 0, .ofs_y = 0},
    {.bitmap_index = 5288, .adv_w = 232, .box_w = 15, .box_h = 10, .ofs_x = 0, .ofs_y = 0},
    {.bitmap_index = 5363, .adv_w = 159, .box_w = 10, .box_h = 10, .ofs_x = 0, .ofs_y = 0},
    {.bitmap_index = 5413, .adv_w = 156, .box_w = 11, .box_h = 14, .ofs_x = -1, .ofs_y = -4},
    {.bitmap_index = 5490, .adv_w = 140, .box_w = 9, .box_h = 10, .ofs_x = 0, .ofs_y = 0},
    {.bitmap_index = 5535, .adv_w = 106, .box_w = 6, .box_h = 17, .ofs_x = 0, .ofs_y = -3},
    {.bitmap_index = 5586, .adv_w = 93, .box_w = 3, .box_h = 20, .ofs_x = 1, .ofs_y = -4},
    {.bitmap_index = 5616, .adv_w = 106, .box_w = 6, .box_h = 17, .ofs_x = 0, .ofs_y = -3},
    {.bitmap_index = 5667, .adv_w = 207, .box_w = 11, .box_h = 3, .ofs_x = 1, .ofs_y = 4},
    {.bitmap_index = 5684, .adv_w = 272, .box_w = 17, .box_h = 16, .ofs_x = 0, .ofs_y = -2},
    {.bitmap_index = 5820, .adv_w = 272, .box_w = 15, .box_h = 16, .ofs_x = 1, .ofs_y = -2},
    {.bitmap_index = 5940, .adv_w = 272, .box_w = 17, .box_h = 17, .ofs_x = 0, .ofs_y = -2},
    {.bitmap_index = 6085, .adv_w = 272, .box_w = 17, .box_h = 18, .ofs_x = 0, .ofs_y = -3},
    {.bitmap_index = 6238, .adv_w = 272, .box_w = 17, .box_h = 18, .ofs_x = 0, .ofs_y = -3},
    {.bitmap_index = 6391, .adv_w = 272, .box_w = 17, .box_h = 17, .ofs_x = -1, .ofs_y = -3},
    {.bitmap_index = 6536, .adv_w = 272, .box_w = 17, .box_h = 17, .ofs_x = 0, .ofs_y = -3},
    {.bitmap_index = 6681, .adv_w = 272, .box_w = 17, .box_h = 17, .ofs_x = 0, .ofs_y = -3},
    {.bitmap_index = 6826, .adv_w = 272, .box_w = 16, .box_h = 16, .ofs_x = 1, .ofs_y = -2},
    {.bitmap_index = 6954, .adv_w = 272, .box_w = 17, .box_h = 16, .ofs_x = 0, .ofs_y = -2},
    {.bitmap_index = 7090, .adv_w = 272, .box_w = 17, .box_h = 17, .ofs_x = 0, .ofs_y = -3},
    {.bitmap_index = 7235, .adv_w = 272, .box_w = 17, .box_h = 18, .ofs_x = 0, .ofs_y = -3},
    {.bitmap_index = 7388, .adv_w = 272, .box_w = 15, .box_h = 17, .ofs_x = 1, .ofs_y = -3},
    {.bitmap_index = 7516, .adv_w = 272, .box_w = 17, .box_h = 17, .ofs_x = 0, .ofs_y = -3},
    {.bitmap_index = 7661, .adv_w = 272, .box_w = 17, .box_h = 17, .ofs_x = 0, .ofs_y = -2},
    {.bitmap_index = 7806, .adv_w = 272, .box_w = 18, .box_h = 17, .ofs_x = -1, .ofs_y = -3},
    {.bitmap_index = 7959, .adv_w = 272, .box_w = 17, .box_h = 17, .ofs_x = 0, .ofs_y = -3},
    {.bitmap_index = 8104, .adv_w = 272, .box_w = 17, .box_h = 17, .ofs_x = 0, .ofs_y = -3},
    {.bitmap_index = 8249, .adv_w = 272, .box_w = 17, .box_h = 17, .ofs_x = 0, .ofs_y = -3},
    {.bitmap_index = 8394, .adv_w = 272, .box_w = 17, .box_h = 17, .ofs_x = 0, .ofs_y = -3},
    {.bitmap_index = 8539, .adv_w = 272, .box_w = 17, .box_h = 17, .ofs_x = 0, .ofs_y = -3},
    {.bitmap_index = 8684, .adv_w = 272, .box_w = 16, .box_h = 16, .ofs_x = 1, .ofs_y = -2},
    {.bitmap_index = 8812, .adv_w = 272, .box_w = 17, .box_h = 16, .ofs_x = 0, .ofs_y = -2},
    {.bitmap_index = 8948, .adv_w = 272, .box_w = 17, .box_h = 18, .ofs_x = 0, .ofs_y = -3},
    {.bitmap_index = 9101, .adv_w = 272, .box_w = 18, .box_h = 18, .ofs_x = -1, .ofs_y = -3},
    {.bitmap_index = 9263, .adv_w = 272, .box_w = 17, .box_h = 17, .ofs_x = 0, .ofs_y = -2},
    {.bitmap_index = 9408, .adv_w = 272, .box_w = 17, .box_h = 17, .ofs_x = 0, .ofs_y = -2},
    {.bitmap_index = 9553, .adv_w = 272, .box_w = 18, .box_h = 17, .ofs_x = -1, .ofs_y = -2},
    {.bitmap_index = 9706, .adv_w = 272, .box_w = 17, .box_h = 16, .ofs_x = 0, .ofs_y = -2},
    {.bitmap_index = 9842, .adv_w = 272, .box_w = 17, .box_h = 16, .ofs_x = 0, .ofs_y = -2},
    {.bitmap_index = 9978, .adv_w = 272, .box_w = 17, .box_h = 17, .ofs_x = 0, .ofs_y = -3},
    {.bitmap_index = 10123, .adv_w = 272, .box_w = 17, .box_h = 18, .ofs_x = 0, .ofs_y = -3},
    {.bitmap_index = 10276, .adv_w = 272, .box_w = 17, .box_h = 17, .ofs_x = 0, .ofs_y = -3},
    {.bitmap_index = 10421, .adv_w = 272, .box_w = 17, .box_h = 17, .ofs_x = 0, .ofs_y = -3},
    {.bitmap_index = 10566, .adv_w = 272, .box_w = 18, .box_h = 17, .ofs_x = -1, .ofs_y = -3},
    {.bitmap_index = 10719, .adv_w = 272, .box_w = 17, .box_h = 16, .ofs_x = 0, .ofs_y = -2},
    {.bitmap_index = 10855, .adv_w = 272, .box_w = 17, .box_h = 16, .ofs_x = 0, .ofs_y = -2},
    {.bitmap_index = 10991, .adv_w = 272, .box_w = 18, .box_h = 17, .ofs_x = -1, .ofs_y = -3},
    {.bitmap_index = 11144, .adv_w = 272, .box_w = 17, .box_h = 17, .ofs_x = 0, .ofs_y = -2},
    {.bitmap_index = 11289, .adv_w = 272, .box_w = 17, .box_h = 16, .ofs_x = 0, .ofs_y = -2},
    {.bitmap_index = 11425, .adv_w = 272, .box_w = 17, .box_h = 16, .ofs_x = 0, .ofs_y = -2},
    {.bitmap_index = 11561, .adv_w = 272, .box_w = 17, .box_h = 18, .ofs_x = 0, .ofs_y = -3},
    {.bitmap_index = 11714, .adv_w = 272, .box_w = 17, .box_h = 17, .ofs_x = 0, .ofs_y = -3},
    {.bitmap_index = 11859, .adv_w = 272, .box_w = 17, .box_h = 17, .ofs_x = 0, .ofs_y = -3},
    {.bitmap_index = 12004, .adv_w = 272, .box_w = 16, .box_h = 18, .ofs_x = 0, .ofs_y = -3},
    {.bitmap_index = 12148, .adv_w = 272, .box_w = 17, .box_h = 17, .ofs_x = 0, .ofs_y = -2},
    {.bitmap_index = 12293, .adv_w = 272, .box_w = 16, .box_h = 18, .ofs_x = 0, .ofs_y = -3},
    {.bitmap_index = 12437, .adv_w = 272, .box_w = 17, .box_h = 18, .ofs_x = 0, .ofs_y = -3},
    {.bitmap_index = 12590, .adv_w = 272, .box_w = 16, .box_h = 17, .ofs_x = 0, .ofs_y = -3},
    {.bitmap_index = 12726, .adv_w = 272, .box_w = 16, .box_h = 16, .ofs_x = 1, .ofs_y = -2},
    {.bitmap_index = 12854, .adv_w = 272, .box_w = 17, .box_h = 18, .ofs_x = 0, .ofs_y = -3},
    {.bitmap_index = 13007, .adv_w = 272, .box_w = 17, .box_h = 16, .ofs_x = 0, .ofs_y = -2},
    {.bitmap_index = 13143, .adv_w = 272, .box_w = 17, .box_h = 17, .ofs_x = 0, .ofs_y = -2},
    {.bitmap_index = 13288, .adv_w = 272, .box_w = 17, .box_h = 17, .ofs_x = 0, .ofs_y = -3},
    {.bitmap_index = 13433, .adv_w = 272, .box_w = 17, .box_h = 17, .ofs_x = 0, .ofs_y = -3},
    {.bitmap_index = 13578, .adv_w = 272, .box_w = 17, .box_h = 17, .ofs_x = 0, .ofs_y = -2},
    {.bitmap_index = 13723, .adv_w = 272, .box_w = 17, .box_h = 17, .ofs_x = 0, .ofs_y = -2},
    {.bitmap_index = 13868, .adv_w = 272, .box_w = 17, .box_h = 18, .ofs_x = 0, .ofs_y = -3},
    {.bitmap_index = 14021, .adv_w = 272, .box_w = 17, .box_h = 16, .ofs_x = 0, .ofs_y = -2},
    {.bitmap_index = 14157, .adv_w = 272, .box_w = 17, .box_h = 16, .ofs_x = 0, .ofs_y = -2},
    {.bitmap_index = 14293, .adv_w = 272, .box_w = 17, .box_h = 17, .ofs_x = 0, .ofs_y = -3},
    {.bitmap_index = 14438, .adv_w = 272, .box_w = 17, .box_h = 17, .ofs_x = 0, .ofs_y = -2},
    {.bitmap_index = 14583, .adv_w = 272, .box_w = 15, .box_h = 18, .ofs_x = 1, .ofs_y = -3},
    {.bitmap_index = 14718, .adv_w = 272, .box_w = 17, .box_h = 16, .ofs_x = 0, .ofs_y = -2},
    {.bitmap_index = 14854, .adv_w = 272, .box_w = 17, .box_h = 16, .ofs_x = 0, .ofs_y = -2},
    {.bitmap_index = 14990, .adv_w = 272, .box_w = 17, .box_h = 18, .ofs_x = 0, .ofs_y = -3},
    {.bitmap_index = 15143, .adv_w = 272, .box_w = 17, .box_h = 18, .ofs_x = 0, .ofs_y = -3},
    {.bitmap_index = 15296, .adv_w = 272, .box_w = 17, .box_h = 18, .ofs_x = 0, .ofs_y = -3},
    {.bitmap_index = 15449, .adv_w = 272, .box_w = 17, .box_h = 16, .ofs_x = 0, .ofs_y = -2},
    {.bitmap_index = 15585, .adv_w = 272, .box_w = 17, .box_h = 17, .ofs_x = 0, .ofs_y = -3},
    {.bitmap_index = 15730, .adv_w = 272, .box_w = 16, .box_h = 18, .ofs_x = 0, .ofs_y = -3},
    {.bitmap_index = 15874, .adv_w = 272, .box_w = 17, .box_h = 17, .ofs_x = 0, .ofs_y = -2},
    {.bitmap_index = 16019, .adv_w = 272, .box_w = 17, .box_h = 18, .ofs_x = 0, .ofs_y = -3},
    {.bitmap_index = 16172, .adv_w = 272, .box_w = 17, .box_h = 19, .ofs_x = 0, .ofs_y = -3},
    {.bitmap_index = 16334, .adv_w = 272, .box_w = 17, .box_h = 17, .ofs_x = 0, .ofs_y = -2},
    {.bitmap_index = 16479, .adv_w = 272, .box_w = 17, .box_h = 16, .ofs_x = 0, .ofs_y = -2},
    {.bitmap_index = 16615, .adv_w = 272, .box_w = 17, .box_h = 18, .ofs_x = 0, .ofs_y = -3},
    {.bitmap_index = 16768, .adv_w = 272, .box_w = 17, .box_h = 17, .ofs_x = 0, .ofs_y = -2},
    {.bitmap_index = 16913, .adv_w = 272, .box_w = 17, .box_h = 17, .ofs_x = 0, .ofs_y = -3},
    {.bitmap_index = 17058, .adv_w = 272, .box_w = 17, .box_h = 17, .ofs_x = 0, .ofs_y = -2}
};

/*---------------------
 *  CHARACTER MAPPING
 *--------------------*/

static const uint16_t unicode_list_1[] = {
    0x0, 0x20, 0x2e, 0xa1, 0x141, 0x48e, 0x49b, 0x542,
    0x553, 0x57e, 0x5c9, 0x739, 0x8d1, 0x8ed, 0x91b, 0xae3,
    0xb00, 0xb24, 0xd8d, 0xd91, 0xe42, 0xfe5, 0x1048, 0x1087,
    0x1099, 0x1178, 0x11cc, 0x1255, 0x1409, 0x14c5, 0x14f4, 0x14fc,
    0x1722, 0x177a, 0x17be, 0x1831, 0x1924, 0x1a56, 0x1c4c, 0x1d56,
    0x1d57, 0x1e35, 0x1f2e, 0x1f34, 0x1f3e, 0x1fe4, 0x2049, 0x2083,
    0x271b, 0x2728, 0x2a61, 0x2b2d, 0x2bfe, 0x2d19, 0x2d3c, 0x3095,
    0x30d0, 0x30f2, 0x3161, 0x31d3, 0x31d4, 0x32f0, 0x33dd, 0x3475,
    0x36d0, 0x3a9e, 0x3d97, 0x3db1, 0x3dea, 0x3dee, 0x3df6, 0x3f18,
    0x415f, 0x41c7, 0x4345, 0x43c2, 0x4721, 0x49e6, 0x4a8b, 0x4ccb
};

/*Collect the unicode lists and glyph_id offsets*/
static const lv_font_fmt_txt_cmap_t cmaps[] =
{
    {
        .range_start = 32, .range_length = 95, .glyph_id_start = 1,
        .unicode_list = NULL, .glyph_id_ofs_list = NULL, .list_length = 0, .type = LV_FONT_FMT_TXT_CMAP_FORMAT0_TINY
    },
    {
        .range_start = 19981, .range_length = 19660, .glyph_id_start = 96,
        .unicode_list = unicode_list_1, .glyph_id_ofs_list = NULL, .list_length = 80, .type = LV_FONT_FMT_TXT_CMAP_SPARSE_TINY
    }
};



/*--------------------
 *  ALL CUSTOM DATA
 *--------------------*/

#if LVGL_VERSION_MAJOR == 8
/*Store all the custom data of the font*/
static  lv_font_fmt_txt_glyph_cache_t cache;
#endif

#if LVGL_VERSION_MAJOR >= 8
static const lv_font_fmt_txt_dsc_t font_dsc = {
#else
static lv_font_fmt_txt_dsc_t font_dsc = {
#endif
    .glyph_bitmap = glyph_bitmap,
    .glyph_dsc = glyph_dsc,
    .cmaps = cmaps,
    .kern_dsc = NULL,
    .kern_scale = 0,
    .cmap_num = 2,
    .bpp = 4,
    .kern_classes = 0,
    .bitmap_format = 0,
#if LVGL_VERSION_MAJOR == 8
    .cache = &cache
#endif
};



/*-----------------
 *  PUBLIC FONT
 *----------------*/

/*Initialize a public general font descriptor*/
#if LVGL_VERSION_MAJOR >= 8
const lv_font_t ui_font_menu_bold17 = {
#else
lv_font_t ui_font_menu_bold17 = {
#endif
    .get_glyph_dsc = lv_font_get_glyph_dsc_fmt_txt,    /*Function pointer to get glyph's data*/
    .get_glyph_bitmap = lv_font_get_bitmap_fmt_txt,    /*Function pointer to get glyph's bitmap*/
    .line_height = 22,          /*The maximum line height required by the font*/
    .base_line = 6,             /*Baseline measured from the bottom of the line*/
#if !(LVGL_VERSION_MAJOR == 6 && LVGL_VERSION_MINOR == 0)
    .subpx = LV_FONT_SUBPX_NONE,
#endif
#if LV_VERSION_CHECK(7, 4, 0) || LVGL_VERSION_MAJOR >= 8
    .underline_position = -3,
    .underline_thickness = 1,
#endif
    .dsc = &font_dsc,          /*The custom font data. Will be accessed by `get_glyph_bitmap/dsc` */
#if LV_VERSION_CHECK(8, 2, 0) || LVGL_VERSION_MAJOR >= 9
    .fallback = NULL,
#endif
    .user_data = NULL,
};



#endif /*#if UI_FONT_MENU_BOLD17*/

